Epoch: 1/30
Training

  0%|          | 0/7 [00:00<?, ?it/s]
 14%|█▍        | 1/7 [00:13<01:23, 13.89s/it]
 29%|██▊       | 2/7 [00:27<01:08, 13.76s/it]
 43%|████▎     | 3/7 [00:41<00:55, 13.78s/it]
 57%|█████▋    | 4/7 [00:55<00:41, 13.83s/it]
 71%|███████▏  | 5/7 [01:09<00:27, 13.86s/it]
 86%|████████▌ | 6/7 [01:23<00:13, 13.90s/it]
100%|██████████| 7/7 [01:33<00:00, 12.64s/it]
100%|██████████| 7/7 [01:33<00:00, 13.32s/it]
Loss: 0.6973281083360587, accuracy: 52.76082229614258
Validating

  0%|          | 0/3 [00:00<?, ?it/s]
 33%|███▎      | 1/3 [00:13<00:27, 13.79s/it]
 67%|██████▋   | 2/3 [00:27<00:13, 13.76s/it]
100%|██████████| 3/3 [00:33<00:00, 10.00s/it]
100%|██████████| 3/3 [00:33<00:00, 11.01s/it]
Loss: 0.7304494978938104, accuracy: 47.7818489074707


Epoch: 2/30
Training

  0%|          | 0/7 [00:00<?, ?it/s]
 14%|█▍        | 1/7 [00:13<01:22, 13.80s/it]
 29%|██▊       | 2/7 [00:27<01:09, 13.83s/it]
 43%|████▎     | 3/7 [00:41<00:55, 13.85s/it]
 57%|█████▋    | 4/7 [00:55<00:41, 13.85s/it]
 71%|███████▏  | 5/7 [01:09<00:27, 13.84s/it]
 86%|████████▌ | 6/7 [01:23<00:13, 13.85s/it]
100%|██████████| 7/7 [01:33<00:00, 12.58s/it]
100%|██████████| 7/7 [01:33<00:00, 13.29s/it]
Loss: 0.621821535323048, accuracy: 67.49491119384766
Validating

  0%|          | 0/3 [00:00<?, ?it/s]
 33%|███▎      | 1/3 [00:13<00:27, 13.69s/it]
 67%|██████▋   | 2/3 [00:27<00:13, 13.69s/it]
100%|██████████| 3/3 [00:32<00:00,  9.95s/it]
100%|██████████| 3/3 [00:32<00:00, 10.96s/it]
Loss: 0.644949263972289, accuracy: 65.48636627197266


Epoch: 3/30
Training

  0%|          | 0/7 [00:00<?, ?it/s]
 14%|█▍        | 1/7 [00:13<01:22, 13.81s/it]
 29%|██▊       | 2/7 [00:27<01:09, 13.81s/it]
 43%|████▎     | 3/7 [00:41<00:55, 13.83s/it]
 57%|█████▋    | 4/7 [00:55<00:41, 13.82s/it]
 71%|███████▏  | 5/7 [01:09<00:27, 13.84s/it]
 86%|████████▌ | 6/7 [01:22<00:13, 13.83s/it]
100%|██████████| 7/7 [01:32<00:00, 12.56s/it]
100%|██████████| 7/7 [01:32<00:00, 13.27s/it]
Loss: 0.56803779070615, accuracy: 75.23975372314453
Validating

  0%|          | 0/3 [00:00<?, ?it/s]
 33%|███▎      | 1/3 [00:13<00:27, 13.53s/it]
 67%|██████▋   | 2/3 [00:27<00:13, 13.56s/it]
100%|██████████| 3/3 [00:32<00:00,  9.85s/it]
100%|██████████| 3/3 [00:32<00:00, 10.85s/it]
Loss: 0.5817132185861063, accuracy: 73.17868041992188


Epoch: 4/30
Training

  0%|          | 0/7 [00:00<?, ?it/s]
 14%|█▍        | 1/7 [00:13<01:22, 13.79s/it]
 29%|██▊       | 2/7 [00:27<01:08, 13.78s/it]
 43%|████▎     | 3/7 [00:41<00:55, 13.80s/it]
 57%|█████▋    | 4/7 [00:55<00:41, 13.79s/it]
 71%|███████▏  | 5/7 [01:08<00:27, 13.80s/it]
 86%|████████▌ | 6/7 [01:22<00:13, 13.79s/it]
100%|██████████| 7/7 [01:32<00:00, 12.54s/it]
100%|██████████| 7/7 [01:32<00:00, 13.24s/it]
Loss: 0.5302358172342411, accuracy: 77.23045349121094
Validating

  0%|          | 0/3 [00:00<?, ?it/s]
 33%|███▎      | 1/3 [00:13<00:27, 13.67s/it]
 67%|██████▋   | 2/3 [00:27<00:13, 13.67s/it]
100%|██████████| 3/3 [00:32<00:00,  9.93s/it]
100%|██████████| 3/3 [00:32<00:00, 10.94s/it]
Loss: 0.5350233359360141, accuracy: 76.55677795410156


Epoch: 5/30
Training

  0%|          | 0/7 [00:00<?, ?it/s]
 14%|█▍        | 1/7 [00:13<01:22, 13.76s/it]
 29%|██▊       | 2/7 [00:27<01:08, 13.78s/it]
 43%|████▎     | 3/7 [00:41<00:55, 13.78s/it]
 57%|█████▋    | 4/7 [00:55<00:41, 13.78s/it]
 71%|███████▏  | 5/7 [01:08<00:27, 13.78s/it]
 86%|████████▌ | 6/7 [01:22<00:13, 13.78s/it]
100%|██████████| 7/7 [01:32<00:00, 12.52s/it]
100%|██████████| 7/7 [01:32<00:00, 13.23s/it]
Loss: 0.5015540407757814, accuracy: 78.46556091308594
Validating

  0%|          | 0/3 [00:00<?, ?it/s]
 33%|███▎      | 1/3 [00:13<00:27, 13.60s/it]
 67%|██████▋   | 2/3 [00:27<00:13, 13.63s/it]
100%|██████████| 3/3 [00:32<00:00,  9.88s/it]
100%|██████████| 3/3 [00:32<00:00, 10.89s/it]
Loss: 0.5025898967276369, accuracy: 78.02198028564453


Epoch: 6/30
Training

  0%|          | 0/7 [00:00<?, ?it/s]
 14%|█▍        | 1/7 [00:13<01:22, 13.82s/it]
 29%|██▊       | 2/7 [00:27<01:09, 13.83s/it]
 43%|████▎     | 3/7 [00:41<00:55, 13.84s/it]
 57%|█████▋    | 4/7 [00:55<00:41, 13.83s/it]
 71%|███████▏  | 5/7 [01:09<00:27, 13.84s/it]
 86%|████████▌ | 6/7 [01:22<00:13, 13.81s/it]
100%|██████████| 7/7 [01:32<00:00, 12.55s/it]
100%|██████████| 7/7 [01:32<00:00, 13.27s/it]
Loss: 0.47955329012503567, accuracy: 79.20661926269531
Validating

  0%|          | 0/3 [00:00<?, ?it/s]
 33%|███▎      | 1/3 [00:13<00:27, 13.58s/it]
 67%|██████▋   | 2/3 [00:27<00:13, 13.61s/it]
100%|██████████| 3/3 [00:32<00:00,  9.89s/it]
100%|██████████| 3/3 [00:32<00:00, 10.89s/it]
Loss: 0.47705446466906654, accuracy: 79.32437896728516


Epoch: 7/30
Training

  0%|          | 0/7 [00:00<?, ?it/s]
 14%|█▍        | 1/7 [00:13<01:22, 13.72s/it]
 29%|██▊       | 2/7 [00:27<01:08, 13.70s/it]
 43%|████▎     | 3/7 [00:41<00:54, 13.72s/it]
 57%|█████▋    | 4/7 [00:54<00:41, 13.71s/it]
 71%|███████▏  | 5/7 [01:08<00:27, 13.73s/it]
 86%|████████▌ | 6/7 [01:22<00:13, 13.73s/it]
100%|██████████| 7/7 [01:32<00:00, 12.46s/it]
100%|██████████| 7/7 [01:32<00:00, 13.17s/it]
Loss: 0.4596873569266805, accuracy: 80.80500030517578
Validating

  0%|          | 0/3 [00:00<?, ?it/s]
 33%|███▎      | 1/3 [00:13<00:27, 13.56s/it]
 67%|██████▋   | 2/3 [00:27<00:13, 13.57s/it]
100%|██████████| 3/3 [00:32<00:00,  9.83s/it]
100%|██████████| 3/3 [00:32<00:00, 10.84s/it]
Loss: 0.4564995276379692, accuracy: 80.42328643798828


Epoch: 8/30
Training

  0%|          | 0/7 [00:00<?, ?it/s]
 14%|█▍        | 1/7 [00:13<01:21, 13.67s/it]
 29%|██▊       | 2/7 [00:27<01:08, 13.69s/it]
 43%|████▎     | 3/7 [00:41<00:54, 13.70s/it]
 57%|█████▋    | 4/7 [00:54<00:41, 13.71s/it]
 71%|███████▏  | 5/7 [01:08<00:27, 13.72s/it]
 86%|████████▌ | 6/7 [01:22<00:13, 13.72s/it]
100%|██████████| 7/7 [01:32<00:00, 12.46s/it]
100%|██████████| 7/7 [01:32<00:00, 13.16s/it]
Loss: 0.4422533060793473, accuracy: 81.40074920654297
Validating

  0%|          | 0/3 [00:00<?, ?it/s]
 33%|███▎      | 1/3 [00:13<00:27, 13.54s/it]
 67%|██████▋   | 2/3 [00:27<00:13, 13.56s/it]
100%|██████████| 3/3 [00:32<00:00,  9.83s/it]
100%|██████████| 3/3 [00:32<00:00, 10.84s/it]
Loss: 0.4395364002818541, accuracy: 81.84778594970703


Epoch: 9/30
Training

  0%|          | 0/7 [00:00<?, ?it/s]
 14%|█▍        | 1/7 [00:13<01:22, 13.69s/it]
 29%|██▊       | 2/7 [00:27<01:08, 13.71s/it]
 43%|████▎     | 3/7 [00:41<00:54, 13.71s/it]
 57%|█████▋    | 4/7 [00:54<00:41, 13.73s/it]
 71%|███████▏  | 5/7 [01:08<00:27, 13.72s/it]
 86%|████████▌ | 6/7 [01:22<00:13, 13.71s/it]
100%|██████████| 7/7 [01:32<00:00, 12.44s/it]
100%|██████████| 7/7 [01:32<00:00, 13.16s/it]
Loss: 0.4262209375716683, accuracy: 83.31880187988281
Validating

  0%|          | 0/3 [00:00<?, ?it/s]
 33%|███▎      | 1/3 [00:13<00:27, 13.52s/it]
 67%|██████▋   | 2/3 [00:27<00:13, 13.51s/it]
100%|██████████| 3/3 [00:32<00:00,  9.80s/it]
100%|██████████| 3/3 [00:32<00:00, 10.80s/it]
Loss: 0.423881335985287, accuracy: 83.8013916015625


Epoch: 10/30
Training

  0%|          | 0/7 [00:00<?, ?it/s]
 14%|█▍        | 1/7 [00:13<01:21, 13.64s/it]
 29%|██▊       | 2/7 [00:27<01:08, 13.67s/it]
 43%|████▎     | 3/7 [00:41<00:54, 13.68s/it]
 57%|█████▋    | 4/7 [00:54<00:41, 13.70s/it]
 71%|███████▏  | 5/7 [01:08<00:27, 13.70s/it]
 86%|████████▌ | 6/7 [01:22<00:13, 13.70s/it]
100%|██████████| 7/7 [01:31<00:00, 12.44s/it]
100%|██████████| 7/7 [01:31<00:00, 13.14s/it]
Loss: 0.41245727598303383, accuracy: 84.2342300415039
Validating

  0%|          | 0/3 [00:00<?, ?it/s]
 33%|███▎      | 1/3 [00:13<00:27, 13.52s/it]
 67%|██████▋   | 2/3 [00:27<00:13, 13.54s/it]
100%|██████████| 3/3 [00:32<00:00,  9.81s/it]
100%|██████████| 3/3 [00:32<00:00, 10.81s/it]
Loss: 0.41025067695428263, accuracy: 84.4118881225586


Epoch: 11/30
Training

  0%|          | 0/7 [00:00<?, ?it/s]
 14%|█▍        | 1/7 [00:13<01:21, 13.66s/it]
 29%|██▊       | 2/7 [00:27<01:08, 13.69s/it]
 43%|████▎     | 3/7 [00:41<00:54, 13.69s/it]
 57%|█████▋    | 4/7 [00:54<00:41, 13.70s/it]
 71%|███████▏  | 5/7 [01:08<00:27, 13.70s/it]
 86%|████████▌ | 6/7 [01:22<00:13, 13.72s/it]
100%|██████████| 7/7 [01:32<00:00, 12.53s/it]
100%|██████████| 7/7 [01:32<00:00, 13.19s/it]
Loss: 0.39792994565480116, accuracy: 85.57105255126953
Validating

  0%|          | 0/3 [00:00<?, ?it/s]
 33%|███▎      | 1/3 [00:13<00:27, 13.57s/it]
 67%|██████▋   | 2/3 [00:27<00:13, 13.56s/it]
100%|██████████| 3/3 [00:32<00:00,  9.83s/it]
100%|██████████| 3/3 [00:32<00:00, 10.84s/it]
Loss: 0.3967737992895683, accuracy: 85.83638763427734


Epoch: 12/30
Training

  0%|          | 0/7 [00:00<?, ?it/s]
 14%|█▍        | 1/7 [00:13<01:22, 13.71s/it]
 29%|██▊       | 2/7 [00:28<01:10, 14.19s/it]
 43%|████▎     | 3/7 [00:42<00:56, 14.02s/it]
 57%|█████▋    | 4/7 [00:55<00:41, 13.91s/it]
 71%|███████▏  | 5/7 [01:09<00:27, 13.86s/it]
 86%|████████▌ | 6/7 [01:23<00:13, 13.82s/it]
100%|██████████| 7/7 [01:33<00:00, 12.52s/it]
100%|██████████| 7/7 [01:33<00:00, 13.31s/it]
Loss: 0.385005415048893, accuracy: 86.45742797851562
Validating

  0%|          | 0/3 [00:00<?, ?it/s]
 33%|███▎      | 1/3 [00:13<00:27, 13.52s/it]
 67%|██████▋   | 2/3 [00:27<00:13, 13.53s/it]
100%|██████████| 3/3 [00:32<00:00,  9.84s/it]
100%|██████████| 3/3 [00:32<00:00, 10.83s/it]
Loss: 0.38570863475487105, accuracy: 86.20269012451172


Epoch: 13/30
Training

  0%|          | 0/7 [00:00<?, ?it/s]
 14%|█▍        | 1/7 [00:13<01:21, 13.66s/it]
 29%|██▊       | 2/7 [00:27<01:08, 13.68s/it]
 43%|████▎     | 3/7 [00:41<00:54, 13.69s/it]
 57%|█████▋    | 4/7 [00:54<00:41, 13.69s/it]
 71%|███████▏  | 5/7 [01:08<00:27, 13.69s/it]
 86%|████████▌ | 6/7 [01:22<00:13, 13.70s/it]
100%|██████████| 7/7 [01:32<00:00, 12.45s/it]
100%|██████████| 7/7 [01:32<00:00, 13.14s/it]
Loss: 0.37431335952419836, accuracy: 87.16942596435547
Validating

  0%|          | 0/3 [00:00<?, ?it/s]
 33%|███▎      | 1/3 [00:13<00:27, 13.55s/it]
 67%|██████▋   | 2/3 [00:27<00:13, 13.56s/it]
100%|██████████| 3/3 [00:32<00:00,  9.84s/it]
100%|██████████| 3/3 [00:32<00:00, 10.84s/it]
Loss: 0.37427478945007836, accuracy: 87.30158996582031


Epoch: 14/30
Training

  0%|          | 0/7 [00:00<?, ?it/s]
 14%|█▍        | 1/7 [00:13<01:22, 13.72s/it]
 29%|██▊       | 2/7 [00:27<01:08, 13.73s/it]
 43%|████▎     | 3/7 [00:41<00:54, 13.74s/it]
 57%|█████▋    | 4/7 [00:54<00:41, 13.72s/it]
 71%|███████▏  | 5/7 [01:08<00:27, 13.72s/it]
 86%|████████▌ | 6/7 [01:22<00:13, 13.71s/it]
100%|██████████| 7/7 [01:32<00:00, 12.46s/it]
100%|██████████| 7/7 [01:32<00:00, 13.17s/it]
Loss: 0.36336454431250564, accuracy: 88.07032775878906
Validating

  0%|          | 0/3 [00:00<?, ?it/s]
 33%|███▎      | 1/3 [00:13<00:27, 13.54s/it]
 67%|██████▋   | 2/3 [00:27<00:13, 13.54s/it]
100%|██████████| 3/3 [00:32<00:00,  9.81s/it]
100%|██████████| 3/3 [00:32<00:00, 10.82s/it]
Loss: 0.3642472791560161, accuracy: 87.62718963623047


Epoch: 15/30
Training

  0%|          | 0/7 [00:00<?, ?it/s]
 14%|█▍        | 1/7 [00:13<01:22, 13.67s/it]
 29%|██▊       | 2/7 [00:27<01:08, 13.74s/it]
 43%|████▎     | 3/7 [00:41<00:55, 13.76s/it]
 57%|█████▋    | 4/7 [00:55<00:41, 13.78s/it]
 71%|███████▏  | 5/7 [01:08<00:27, 13.78s/it]
 86%|████████▌ | 6/7 [01:22<00:13, 13.82s/it]
100%|██████████| 7/7 [01:32<00:00, 12.55s/it]
100%|██████████| 7/7 [01:32<00:00, 13.24s/it]
Loss: 0.353853822681177, accuracy: 88.40453338623047
Validating

  0%|          | 0/3 [00:00<?, ?it/s]
 33%|███▎      | 1/3 [00:13<00:27, 13.60s/it]
 67%|██████▋   | 2/3 [00:27<00:13, 13.56s/it]
100%|██████████| 3/3 [00:32<00:00,  9.84s/it]
100%|██████████| 3/3 [00:32<00:00, 10.85s/it]
Loss: 0.35470301154235245, accuracy: 88.27838897705078


Epoch: 16/30
Training

  0%|          | 0/7 [00:00<?, ?it/s]
 14%|█▍        | 1/7 [00:13<01:21, 13.63s/it]
 29%|██▊       | 2/7 [00:27<01:08, 13.63s/it]
 43%|████▎     | 3/7 [00:40<00:54, 13.63s/it]
 57%|█████▋    | 4/7 [00:54<00:40, 13.63s/it]
 71%|███████▏  | 5/7 [01:08<00:27, 13.66s/it]
 86%|████████▌ | 6/7 [01:21<00:13, 13.69s/it]
100%|██████████| 7/7 [01:31<00:00, 12.45s/it]
100%|██████████| 7/7 [01:31<00:00, 13.12s/it]
Loss: 0.3444406552496292, accuracy: 89.14559173583984
Validating

  0%|          | 0/3 [00:00<?, ?it/s]
 33%|███▎      | 1/3 [00:13<00:27, 13.55s/it]
 67%|██████▋   | 2/3 [00:27<00:13, 13.57s/it]
100%|██████████| 3/3 [00:32<00:00,  9.85s/it]
100%|██████████| 3/3 [00:32<00:00, 10.85s/it]
Loss: 0.34594616839737247, accuracy: 89.09239196777344


Epoch: 17/30
Training

  0%|          | 0/7 [00:00<?, ?it/s]
 14%|█▍        | 1/7 [00:13<01:21, 13.61s/it]
 29%|██▊       | 2/7 [00:27<01:08, 13.62s/it]
 43%|████▎     | 3/7 [00:40<00:54, 13.64s/it]
 57%|█████▋    | 4/7 [00:54<00:40, 13.64s/it]
 71%|███████▏  | 5/7 [01:08<00:27, 13.66s/it]
 86%|████████▌ | 6/7 [01:21<00:13, 13.65s/it]
100%|██████████| 7/7 [01:31<00:00, 12.40s/it]
100%|██████████| 7/7 [01:31<00:00, 13.10s/it]
Loss: 0.3354834185561895, accuracy: 89.66869354248047
Validating

  0%|          | 0/3 [00:00<?, ?it/s]
 33%|███▎      | 1/3 [00:13<00:26, 13.46s/it]
 67%|██████▋   | 2/3 [00:26<00:13, 13.47s/it]
100%|██████████| 3/3 [00:32<00:00,  9.77s/it]
100%|██████████| 3/3 [00:32<00:00, 10.77s/it]
Loss: 0.33788253124962503, accuracy: 89.45869445800781


Epoch: 18/30
Training

  0%|          | 0/7 [00:00<?, ?it/s]
 14%|█▍        | 1/7 [00:13<01:21, 13.63s/it]
 29%|██▊       | 2/7 [00:27<01:08, 13.64s/it]
 43%|████▎     | 3/7 [00:40<00:54, 13.65s/it]
 57%|█████▋    | 4/7 [00:54<00:40, 13.65s/it]
 71%|███████▏  | 5/7 [01:08<00:27, 13.66s/it]
 86%|████████▌ | 6/7 [01:21<00:13, 13.65s/it]
100%|██████████| 7/7 [01:31<00:00, 12.40s/it]
100%|██████████| 7/7 [01:31<00:00, 13.11s/it]
Loss: 0.3280027254969878, accuracy: 89.90119171142578
Validating

  0%|          | 0/3 [00:00<?, ?it/s]
 33%|███▎      | 1/3 [00:13<00:26, 13.46s/it]
 67%|██████▋   | 2/3 [00:26<00:13, 13.49s/it]
100%|██████████| 3/3 [00:32<00:00,  9.78s/it]
100%|██████████| 3/3 [00:32<00:00, 10.78s/it]
Loss: 0.3304243028212428, accuracy: 90.02849578857422


Epoch: 19/30
Training

  0%|          | 0/7 [00:00<?, ?it/s]
 14%|█▍        | 1/7 [00:13<01:22, 13.71s/it]
 29%|██▊       | 2/7 [00:27<01:08, 13.72s/it]
 43%|████▎     | 3/7 [00:41<00:54, 13.71s/it]
 57%|█████▋    | 4/7 [00:54<00:41, 13.71s/it]
 71%|███████▏  | 5/7 [01:08<00:27, 13.72s/it]
 86%|████████▌ | 6/7 [01:22<00:13, 13.72s/it]
100%|██████████| 7/7 [01:32<00:00, 12.47s/it]
100%|██████████| 7/7 [01:32<00:00, 13.17s/it]
Loss: 0.3206862086423155, accuracy: 90.55506896972656
Validating

  0%|          | 0/3 [00:00<?, ?it/s]
 33%|███▎      | 1/3 [00:13<00:27, 13.53s/it]
 67%|██████▋   | 2/3 [00:27<00:13, 13.55s/it]
100%|██████████| 3/3 [00:32<00:00,  9.85s/it]
100%|██████████| 3/3 [00:32<00:00, 10.85s/it]
Loss: 0.32334741131289974, accuracy: 90.3947982788086


Epoch: 20/30
Training

  0%|          | 0/7 [00:00<?, ?it/s]
 14%|█▍        | 1/7 [00:13<01:22, 13.72s/it]
 29%|██▊       | 2/7 [00:27<01:08, 13.69s/it]
 43%|████▎     | 3/7 [00:41<00:54, 13.67s/it]
 57%|█████▋    | 4/7 [00:54<00:40, 13.65s/it]
 71%|███████▏  | 5/7 [01:08<00:27, 13.64s/it]
 86%|████████▌ | 6/7 [01:21<00:13, 13.64s/it]
100%|██████████| 7/7 [01:31<00:00, 12.39s/it]
100%|██████████| 7/7 [01:31<00:00, 13.11s/it]
Loss: 0.314123792812527, accuracy: 90.52600860595703
Validating

  0%|          | 0/3 [00:00<?, ?it/s]
 33%|███▎      | 1/3 [00:13<00:26, 13.45s/it]
 67%|██████▋   | 2/3 [00:26<00:13, 13.46s/it]
100%|██████████| 3/3 [00:32<00:00,  9.77s/it]
100%|██████████| 3/3 [00:32<00:00, 10.77s/it]
Loss: 0.31709769078275274, accuracy: 90.96459197998047


Epoch: 21/30
Training

  0%|          | 0/7 [00:00<?, ?it/s]
 14%|█▍        | 1/7 [00:13<01:21, 13.57s/it]
 29%|██▊       | 2/7 [00:27<01:08, 13.62s/it]
 43%|████▎     | 3/7 [00:40<00:54, 13.66s/it]
 57%|█████▋    | 4/7 [00:54<00:40, 13.65s/it]
 71%|███████▏  | 5/7 [01:08<00:27, 13.66s/it]
 86%|████████▌ | 6/7 [01:21<00:13, 13.66s/it]
100%|██████████| 7/7 [01:31<00:00, 12.41s/it]
100%|██████████| 7/7 [01:31<00:00, 13.11s/it]
Loss: 0.30711616240972284, accuracy: 90.90380859375
Validating

  0%|          | 0/3 [00:00<?, ?it/s]
 33%|███▎      | 1/3 [00:13<00:26, 13.45s/it]
 67%|██████▋   | 2/3 [00:26<00:13, 13.47s/it]
100%|██████████| 3/3 [00:32<00:00,  9.77s/it]
100%|██████████| 3/3 [00:32<00:00, 10.77s/it]
Loss: 0.3103122527661438, accuracy: 91.20879364013672


Epoch: 22/30
Training

  0%|          | 0/7 [00:00<?, ?it/s]
 14%|█▍        | 1/7 [00:13<01:21, 13.62s/it]
 29%|██▊       | 2/7 [00:27<01:08, 13.64s/it]
 43%|████▎     | 3/7 [00:40<00:54, 13.64s/it]
 57%|█████▋    | 4/7 [00:54<00:40, 13.65s/it]
 71%|███████▏  | 5/7 [01:08<00:27, 13.65s/it]
 86%|████████▌ | 6/7 [01:21<00:13, 13.67s/it]
100%|██████████| 7/7 [01:31<00:00, 12.43s/it]
100%|██████████| 7/7 [01:31<00:00, 13.12s/it]
Loss: 0.30104404777089233, accuracy: 91.60127258300781
Validating

  0%|          | 0/3 [00:00<?, ?it/s]
 33%|███▎      | 1/3 [00:13<00:26, 13.49s/it]
 67%|██████▋   | 2/3 [00:27<00:13, 13.56s/it]
100%|██████████| 3/3 [00:32<00:00,  9.83s/it]
100%|██████████| 3/3 [00:32<00:00, 10.83s/it]
Loss: 0.3049024599666852, accuracy: 91.61579895019531


Epoch: 23/30
Training

  0%|          | 0/7 [00:00<?, ?it/s]
 14%|█▍        | 1/7 [00:13<01:21, 13.61s/it]
 29%|██▊       | 2/7 [00:27<01:07, 13.59s/it]
 43%|████▎     | 3/7 [00:40<00:54, 13.60s/it]
 57%|█████▋    | 4/7 [00:54<00:40, 13.61s/it]
 71%|███████▏  | 5/7 [01:08<00:27, 13.64s/it]
 86%|████████▌ | 6/7 [01:21<00:13, 13.64s/it]
100%|██████████| 7/7 [01:31<00:00, 12.38s/it]
100%|██████████| 7/7 [01:31<00:00, 13.08s/it]
Loss: 0.29661915645076936, accuracy: 91.61580657958984
Validating

  0%|          | 0/3 [00:00<?, ?it/s]
 33%|███▎      | 1/3 [00:13<00:26, 13.44s/it]
 67%|██████▋   | 2/3 [00:26<00:13, 13.47s/it]
100%|██████████| 3/3 [00:32<00:00,  9.79s/it]
100%|██████████| 3/3 [00:32<00:00, 10.78s/it]
Loss: 0.2990188578012565, accuracy: 92.1448974609375


Epoch: 24/30
Training

  0%|          | 0/7 [00:00<?, ?it/s]
 14%|█▍        | 1/7 [00:13<01:22, 13.71s/it]
 29%|██▊       | 2/7 [00:27<01:08, 13.71s/it]
 43%|████▎     | 3/7 [00:41<00:54, 13.73s/it]
 57%|█████▋    | 4/7 [00:54<00:41, 13.73s/it]
 71%|███████▏  | 5/7 [01:08<00:27, 13.72s/it]
 86%|████████▌ | 6/7 [01:22<00:13, 13.73s/it]
100%|██████████| 7/7 [01:32<00:00, 12.48s/it]
100%|██████████| 7/7 [01:32<00:00, 13.18s/it]
Loss: 0.2910783907176103, accuracy: 92.25515747070312
Validating

  0%|          | 0/3 [00:00<?, ?it/s]
 33%|███▎      | 1/3 [00:13<00:27, 13.53s/it]
 67%|██████▋   | 2/3 [00:27<00:13, 13.55s/it]
100%|██████████| 3/3 [00:32<00:00,  9.86s/it]
100%|██████████| 3/3 [00:32<00:00, 10.86s/it]
Loss: 0.29413610763505166, accuracy: 92.7146987915039


Epoch: 25/30
Training

  0%|          | 0/7 [00:00<?, ?it/s]
 14%|█▍        | 1/7 [00:13<01:21, 13.62s/it]
 29%|██▊       | 2/7 [00:27<01:08, 13.65s/it]
 43%|████▎     | 3/7 [00:40<00:54, 13.65s/it]
 57%|█████▋    | 4/7 [00:54<00:40, 13.66s/it]
 71%|███████▏  | 5/7 [01:08<00:27, 13.67s/it]
 86%|████████▌ | 6/7 [01:21<00:13, 13.67s/it]
100%|██████████| 7/7 [01:31<00:00, 12.41s/it]
100%|██████████| 7/7 [01:31<00:00, 13.11s/it]
Loss: 0.2848457963322526, accuracy: 92.6329574584961
Validating

  0%|          | 0/3 [00:00<?, ?it/s]
 33%|███▎      | 1/3 [00:13<00:26, 13.44s/it]
 67%|██████▋   | 2/3 [00:26<00:13, 13.48s/it]
100%|██████████| 3/3 [00:32<00:00,  9.79s/it]
100%|██████████| 3/3 [00:32<00:00, 10.78s/it]
Loss: 0.29027994511376853, accuracy: 92.59259796142578


Epoch: 26/30
Training

  0%|          | 0/7 [00:00<?, ?it/s]
 14%|█▍        | 1/7 [00:13<01:22, 13.67s/it]
 29%|██▊       | 2/7 [00:27<01:08, 13.66s/it]
 43%|████▎     | 3/7 [00:40<00:54, 13.66s/it]
 57%|█████▋    | 4/7 [00:54<00:40, 13.66s/it]
 71%|███████▏  | 5/7 [01:08<00:27, 13.67s/it]
 86%|████████▌ | 6/7 [01:22<00:13, 13.79s/it]
100%|██████████| 7/7 [01:32<00:00, 12.49s/it]
100%|██████████| 7/7 [01:32<00:00, 13.17s/it]
Loss: 0.2802756674862712, accuracy: 92.85091400146484
Validating

  0%|          | 0/3 [00:00<?, ?it/s]
 33%|███▎      | 1/3 [00:13<00:26, 13.36s/it]
 67%|██████▋   | 2/3 [00:26<00:13, 13.36s/it]
100%|██████████| 3/3 [00:32<00:00,  9.70s/it]
100%|██████████| 3/3 [00:32<00:00, 10.69s/it]
Loss: 0.2847856311934917, accuracy: 93.08099365234375


Epoch: 27/30
Training

  0%|          | 0/7 [00:00<?, ?it/s]
 14%|█▍        | 1/7 [00:13<01:20, 13.48s/it]
 29%|██▊       | 2/7 [00:27<01:08, 13.60s/it]
 43%|████▎     | 3/7 [00:40<00:54, 13.67s/it]
 57%|█████▋    | 4/7 [00:54<00:41, 13.69s/it]
 71%|███████▏  | 5/7 [01:08<00:27, 13.73s/it]
 86%|████████▌ | 6/7 [01:22<00:13, 13.75s/it]
100%|██████████| 7/7 [01:32<00:00, 12.50s/it]
100%|██████████| 7/7 [01:32<00:00, 13.17s/it]
Loss: 0.27557806899747816, accuracy: 93.0688705444336
Validating

  0%|          | 0/3 [00:00<?, ?it/s]
 33%|███▎      | 1/3 [00:13<00:27, 13.60s/it]
 67%|██████▋   | 2/3 [00:27<00:13, 13.61s/it]
100%|██████████| 3/3 [00:32<00:00,  9.89s/it]
100%|██████████| 3/3 [00:32<00:00, 10.89s/it]
Loss: 0.2810528713680643, accuracy: 93.16239166259766


Epoch: 28/30
Training

  0%|          | 0/7 [00:00<?, ?it/s]
 14%|█▍        | 1/7 [00:13<01:21, 13.66s/it]
 29%|██▊       | 2/7 [00:27<01:08, 13.66s/it]
 43%|████▎     | 3/7 [00:41<00:54, 13.67s/it]
 57%|█████▋    | 4/7 [00:54<00:41, 13.67s/it]
 71%|███████▏  | 5/7 [01:08<00:27, 13.67s/it]
 86%|████████▌ | 6/7 [01:21<00:13, 13.66s/it]
100%|██████████| 7/7 [01:31<00:00, 12.40s/it]
100%|██████████| 7/7 [01:31<00:00, 13.11s/it]
Loss: 0.27247077219710036, accuracy: 93.11246490478516
Validating

  0%|          | 0/3 [00:00<?, ?it/s]
 33%|███▎      | 1/3 [00:13<00:26, 13.45s/it]
 67%|██████▋   | 2/3 [00:26<00:13, 13.49s/it]
100%|██████████| 3/3 [00:32<00:00,  9.80s/it]
100%|██████████| 3/3 [00:32<00:00, 10.79s/it]
Loss: 0.27652616531420976, accuracy: 93.77290344238281


Epoch: 29/30
Training

  0%|          | 0/7 [00:00<?, ?it/s]
 14%|█▍        | 1/7 [00:13<01:22, 13.69s/it]
 29%|██▊       | 2/7 [00:27<01:08, 13.68s/it]
 43%|████▎     | 3/7 [00:41<00:54, 13.68s/it]
 57%|█████▋    | 4/7 [00:54<00:40, 13.64s/it]
 71%|███████▏  | 5/7 [01:08<00:27, 13.60s/it]
 86%|████████▌ | 6/7 [01:21<00:13, 13.59s/it]
100%|██████████| 7/7 [01:31<00:00, 12.34s/it]
100%|██████████| 7/7 [01:31<00:00, 13.07s/it]
Loss: 0.26830716773681396, accuracy: 93.27230834960938
Validating

  0%|          | 0/3 [00:00<?, ?it/s]
 33%|███▎      | 1/3 [00:13<00:26, 13.38s/it]
 67%|██████▋   | 2/3 [00:26<00:13, 13.40s/it]
100%|██████████| 3/3 [00:32<00:00,  9.73s/it]
100%|██████████| 3/3 [00:32<00:00, 10.72s/it]
Loss: 0.272739415185501, accuracy: 93.77290344238281


Epoch: 30/30
Training

  0%|          | 0/7 [00:00<?, ?it/s]
 14%|█▍        | 1/7 [00:13<01:21, 13.57s/it]
 29%|██▊       | 2/7 [00:27<01:07, 13.57s/it]
 43%|████▎     | 3/7 [00:40<00:54, 13.58s/it]
 57%|█████▋    | 4/7 [00:54<00:40, 13.58s/it]
 71%|███████▏  | 5/7 [01:07<00:27, 13.59s/it]
 86%|████████▌ | 6/7 [01:21<00:13, 13.58s/it]
100%|██████████| 7/7 [01:31<00:00, 12.34s/it]
100%|██████████| 7/7 [01:31<00:00, 13.04s/it]
Loss: 0.26391416723144084, accuracy: 93.79541015625
Validating

  0%|          | 0/3 [00:00<?, ?it/s]
 33%|███▎      | 1/3 [00:13<00:26, 13.43s/it]
 67%|██████▋   | 2/3 [00:26<00:13, 13.40s/it]
100%|██████████| 3/3 [00:32<00:00,  9.74s/it]
100%|██████████| 3/3 [00:32<00:00, 10.73s/it]
Loss: 0.2690601066258267, accuracy: 93.85429382324219


Training Time: 1.0h 2.0m 23.390714406967163s
Best validation accuracy: 93.85429382324219

  0%|          | 0/1 [00:00<?, ?it/s]
100%|██████████| 1/1 [00:06<00:00,  6.51s/it]
100%|██████████| 1/1 [00:06<00:00,  6.52s/it]

Evaluated on test set
accuracy: 93.075%, f1-score: 0.93077

Epoch: 1/30
Training

  0%|          | 0/7 [00:00<?, ?it/s]
 14%|█▍        | 1/7 [00:13<01:21, 13.62s/it]
 29%|██▊       | 2/7 [00:27<01:08, 13.73s/it]
 43%|████▎     | 3/7 [00:41<00:55, 13.77s/it]
 57%|█████▋    | 4/7 [00:55<00:41, 13.96s/it]
 71%|███████▏  | 5/7 [01:09<00:28, 14.09s/it]
 86%|████████▌ | 6/7 [01:24<00:14, 14.22s/it]
100%|██████████| 7/7 [01:34<00:00, 13.02s/it]
100%|██████████| 7/7 [01:34<00:00, 13.55s/it]
Loss: 0.6898888015220485, accuracy: 54.649810791015625
Validating

  0%|          | 0/3 [00:00<?, ?it/s]
 33%|███▎      | 1/3 [00:14<00:28, 14.50s/it]
 67%|██████▋   | 2/3 [00:29<00:14, 14.53s/it]
100%|██████████| 3/3 [00:34<00:00, 10.57s/it]
100%|██████████| 3/3 [00:34<00:00, 11.64s/it]
Loss: 0.6946887387994541, accuracy: 50.020347595214844


Epoch: 2/30
Training

  0%|          | 0/7 [00:00<?, ?it/s]
 14%|█▍        | 1/7 [00:14<01:25, 14.30s/it]
 29%|██▊       | 2/7 [00:28<01:12, 14.41s/it]
 43%|████▎     | 3/7 [00:43<00:57, 14.50s/it]
 57%|█████▋    | 4/7 [00:58<00:43, 14.55s/it]
 71%|███████▏  | 5/7 [01:12<00:29, 14.57s/it]
 86%|████████▌ | 6/7 [01:27<00:14, 14.58s/it]
100%|██████████| 7/7 [01:37<00:00, 13.26s/it]
100%|██████████| 7/7 [01:37<00:00, 13.96s/it]
Loss: 0.6242243834825076, accuracy: 68.88985443115234
Validating

  0%|          | 0/3 [00:00<?, ?it/s]
 33%|███▎      | 1/3 [00:14<00:28, 14.44s/it]
 67%|██████▋   | 2/3 [00:28<00:14, 14.42s/it]
100%|██████████| 3/3 [00:34<00:00, 10.47s/it]
100%|██████████| 3/3 [00:34<00:00, 11.54s/it]
Loss: 0.6482281341609015, accuracy: 60.56166458129883


Epoch: 3/30
Training

  0%|          | 0/7 [00:00<?, ?it/s]
 14%|█▍        | 1/7 [00:14<01:27, 14.57s/it]
 29%|██▊       | 2/7 [00:29<01:13, 14.62s/it]
 43%|████▎     | 3/7 [00:43<00:58, 14.61s/it]
 57%|█████▋    | 4/7 [00:58<00:43, 14.62s/it]
 71%|███████▏  | 5/7 [01:13<00:29, 14.61s/it]
 86%|████████▌ | 6/7 [01:27<00:14, 14.61s/it]
100%|██████████| 7/7 [01:38<00:00, 13.28s/it]
100%|██████████| 7/7 [01:38<00:00, 14.03s/it]
Loss: 0.5901224891206132, accuracy: 72.10113525390625
Validating

  0%|          | 0/3 [00:00<?, ?it/s]
 33%|███▎      | 1/3 [00:14<00:28, 14.41s/it]
 67%|██████▋   | 2/3 [00:28<00:14, 14.43s/it]
100%|██████████| 3/3 [00:34<00:00, 10.48s/it]
100%|██████████| 3/3 [00:34<00:00, 11.55s/it]
Loss: 0.619213387303397, accuracy: 68.94586944580078


Epoch: 4/30
Training

  0%|          | 0/7 [00:00<?, ?it/s]
 14%|█▍        | 1/7 [00:14<01:27, 14.61s/it]
 29%|██▊       | 2/7 [00:29<01:13, 14.60s/it]
 43%|████▎     | 3/7 [00:43<00:58, 14.60s/it]
 57%|█████▋    | 4/7 [00:58<00:43, 14.60s/it]
 71%|███████▏  | 5/7 [01:13<00:29, 14.62s/it]
 86%|████████▌ | 6/7 [01:27<00:14, 14.62s/it]
100%|██████████| 7/7 [01:38<00:00, 13.29s/it]
100%|██████████| 7/7 [01:38<00:00, 14.03s/it]
Loss: 0.5728636284062973, accuracy: 73.33623504638672
Validating

  0%|          | 0/3 [00:00<?, ?it/s]
 33%|███▎      | 1/3 [00:14<00:28, 14.46s/it]
 67%|██████▋   | 2/3 [00:28<00:14, 14.45s/it]
100%|██████████| 3/3 [00:34<00:00, 10.51s/it]
100%|██████████| 3/3 [00:34<00:00, 11.58s/it]
Loss: 0.5934845232167864, accuracy: 70.53317260742188


Epoch: 5/30
Training

  0%|          | 0/7 [00:00<?, ?it/s]
 14%|█▍        | 1/7 [00:14<01:26, 14.40s/it]
 29%|██▊       | 2/7 [00:28<01:12, 14.43s/it]
 43%|████▎     | 3/7 [00:43<00:57, 14.44s/it]
 57%|█████▋    | 4/7 [00:57<00:43, 14.47s/it]
 71%|███████▏  | 5/7 [01:12<00:29, 14.51s/it]
 86%|████████▌ | 6/7 [01:26<00:14, 14.53s/it]
100%|██████████| 7/7 [01:37<00:00, 13.21s/it]
100%|██████████| 7/7 [01:37<00:00, 13.92s/it]
Loss: 0.5626850032383742, accuracy: 73.75762176513672
Validating

  0%|          | 0/3 [00:00<?, ?it/s]
 33%|███▎      | 1/3 [00:14<00:28, 14.31s/it]
 67%|██████▋   | 2/3 [00:28<00:14, 14.35s/it]
100%|██████████| 3/3 [00:34<00:00, 10.44s/it]
100%|██████████| 3/3 [00:34<00:00, 11.49s/it]
Loss: 0.573572870284792, accuracy: 72.85307312011719


Epoch: 6/30
Training

  0%|          | 0/7 [00:00<?, ?it/s]
 14%|█▍        | 1/7 [00:14<01:27, 14.57s/it]
 29%|██▊       | 2/7 [00:29<01:12, 14.57s/it]
 43%|████▎     | 3/7 [00:43<00:58, 14.57s/it]
 57%|█████▋    | 4/7 [00:58<00:43, 14.58s/it]
 71%|███████▏  | 5/7 [01:12<00:29, 14.59s/it]
 86%|████████▌ | 6/7 [01:27<00:14, 14.60s/it]
100%|██████████| 7/7 [01:38<00:00, 13.25s/it]
100%|██████████| 7/7 [01:38<00:00, 14.00s/it]
Loss: 0.5562579008910034, accuracy: 74.01917266845703
Validating

  0%|          | 0/3 [00:00<?, ?it/s]
 33%|███▎      | 1/3 [00:14<00:28, 14.40s/it]
 67%|██████▋   | 2/3 [00:28<00:14, 14.42s/it]
100%|██████████| 3/3 [00:34<00:00, 10.47s/it]
100%|██████████| 3/3 [00:34<00:00, 11.53s/it]
Loss: 0.5672758382949394, accuracy: 73.01587677001953


Epoch: 7/30
Training

  0%|          | 0/7 [00:00<?, ?it/s]
 14%|█▍        | 1/7 [00:14<01:26, 14.44s/it]
 29%|██▊       | 2/7 [00:28<01:12, 14.51s/it]
 43%|████▎     | 3/7 [00:43<00:58, 14.53s/it]
 57%|█████▋    | 4/7 [00:58<00:43, 14.51s/it]
 71%|███████▏  | 5/7 [01:12<00:29, 14.51s/it]
 86%|████████▌ | 6/7 [01:27<00:14, 14.50s/it]
100%|██████████| 7/7 [01:37<00:00, 13.17s/it]
100%|██████████| 7/7 [01:37<00:00, 13.92s/it]
Loss: 0.5510605104750445, accuracy: 74.12088775634766
Validating

  0%|          | 0/3 [00:00<?, ?it/s]
 33%|███▎      | 1/3 [00:14<00:28, 14.34s/it]
 67%|██████▋   | 2/3 [00:28<00:14, 14.36s/it]
100%|██████████| 3/3 [00:34<00:00, 10.41s/it]
100%|██████████| 3/3 [00:34<00:00, 11.47s/it]
Loss: 0.5632239049850172, accuracy: 73.26007843017578


Epoch: 8/30
Training

  0%|          | 0/7 [00:00<?, ?it/s]
 14%|█▍        | 1/7 [00:14<01:27, 14.54s/it]
 29%|██▊       | 2/7 [00:29<01:12, 14.53s/it]
 43%|████▎     | 3/7 [00:43<00:58, 14.54s/it]
 57%|█████▋    | 4/7 [00:58<00:43, 14.55s/it]
 71%|███████▏  | 5/7 [01:12<00:29, 14.55s/it]
 86%|████████▌ | 6/7 [01:27<00:14, 14.55s/it]
100%|██████████| 7/7 [01:37<00:00, 13.22s/it]
100%|██████████| 7/7 [01:37<00:00, 13.97s/it]
Loss: 0.5473946921875988, accuracy: 74.12088775634766
Validating

  0%|          | 0/3 [00:00<?, ?it/s]
 33%|███▎      | 1/3 [00:14<00:28, 14.39s/it]
 67%|██████▋   | 2/3 [00:28<00:14, 14.40s/it]
100%|██████████| 3/3 [00:34<00:00, 10.45s/it]
100%|██████████| 3/3 [00:34<00:00, 11.51s/it]
Loss: 0.5604468229877595, accuracy: 73.62637329101562


Epoch: 9/30
Training

  0%|          | 0/7 [00:00<?, ?it/s]
 14%|█▍        | 1/7 [00:14<01:27, 14.55s/it]
 29%|██▊       | 2/7 [00:29<01:12, 14.58s/it]
 43%|████▎     | 3/7 [00:43<00:58, 14.59s/it]
 57%|█████▋    | 4/7 [00:58<00:43, 14.60s/it]
 71%|███████▏  | 5/7 [01:12<00:29, 14.61s/it]
 86%|████████▌ | 6/7 [01:27<00:14, 14.61s/it]
100%|██████████| 7/7 [01:38<00:00, 13.28s/it]
100%|██████████| 7/7 [01:38<00:00, 14.02s/it]
Loss: 0.543671322385089, accuracy: 74.39697265625
Validating

  0%|          | 0/3 [00:00<?, ?it/s]
 33%|███▎      | 1/3 [00:14<00:28, 14.48s/it]
 67%|██████▋   | 2/3 [00:28<00:14, 14.44s/it]
100%|██████████| 3/3 [00:34<00:00, 10.48s/it]
100%|██████████| 3/3 [00:34<00:00, 11.55s/it]
Loss: 0.5580419881294353, accuracy: 73.58567810058594


Epoch: 10/30
Training

  0%|          | 0/7 [00:00<?, ?it/s]
 14%|█▍        | 1/7 [00:14<01:27, 14.57s/it]
 29%|██▊       | 2/7 [00:29<01:14, 14.82s/it]
 43%|████▎     | 3/7 [00:44<00:58, 14.68s/it]
 57%|█████▋    | 4/7 [00:58<00:44, 14.67s/it]
 71%|███████▏  | 5/7 [01:13<00:29, 14.60s/it]
 86%|████████▌ | 6/7 [01:27<00:14, 14.62s/it]
100%|██████████| 7/7 [01:38<00:00, 13.30s/it]
100%|██████████| 7/7 [01:38<00:00, 14.06s/it]
Loss: 0.5417308663774527, accuracy: 74.32432556152344
Validating

  0%|          | 0/3 [00:00<?, ?it/s]
 33%|███▎      | 1/3 [00:14<00:28, 14.47s/it]
 67%|██████▋   | 2/3 [00:28<00:14, 14.42s/it]
100%|██████████| 3/3 [00:34<00:00, 10.47s/it]
100%|██████████| 3/3 [00:34<00:00, 11.54s/it]
Loss: 0.5565341268558059, accuracy: 73.95198059082031


Epoch: 11/30
Training

  0%|          | 0/7 [00:00<?, ?it/s]
 14%|█▍        | 1/7 [00:14<01:26, 14.47s/it]
 29%|██▊       | 2/7 [00:28<01:12, 14.50s/it]
 43%|████▎     | 3/7 [00:43<00:57, 14.49s/it]
 57%|█████▋    | 4/7 [00:57<00:43, 14.48s/it]
 71%|███████▏  | 5/7 [01:12<00:28, 14.48s/it]
 86%|████████▌ | 6/7 [01:26<00:14, 14.47s/it]
100%|██████████| 7/7 [01:37<00:00, 13.16s/it]
100%|██████████| 7/7 [01:37<00:00, 13.90s/it]
Loss: 0.5393269972827538, accuracy: 74.42604064941406
Validating

  0%|          | 0/3 [00:00<?, ?it/s]
 33%|███▎      | 1/3 [00:14<00:28, 14.33s/it]
 67%|██████▋   | 2/3 [00:28<00:14, 14.32s/it]
100%|██████████| 3/3 [00:34<00:00, 10.38s/it]
100%|██████████| 3/3 [00:34<00:00, 11.44s/it]
Loss: 0.5546021006628417, accuracy: 73.58567810058594


Epoch: 12/30
Training

  0%|          | 0/7 [00:00<?, ?it/s]
 14%|█▍        | 1/7 [00:14<01:27, 14.56s/it]
 29%|██▊       | 2/7 [00:29<01:12, 14.53s/it]
 43%|████▎     | 3/7 [00:43<00:57, 14.49s/it]
 57%|█████▋    | 4/7 [00:57<00:43, 14.48s/it]
 71%|███████▏  | 5/7 [01:12<00:28, 14.47s/it]
 86%|████████▌ | 6/7 [01:27<00:14, 14.51s/it]
100%|██████████| 7/7 [01:37<00:00, 13.19s/it]
100%|██████████| 7/7 [01:37<00:00, 13.93s/it]
Loss: 0.5365833315832675, accuracy: 74.52775573730469
Validating

  0%|          | 0/3 [00:00<?, ?it/s]
 33%|███▎      | 1/3 [00:14<00:28, 14.39s/it]
 67%|██████▋   | 2/3 [00:28<00:14, 14.40s/it]
100%|██████████| 3/3 [00:34<00:00, 10.45s/it]
100%|██████████| 3/3 [00:34<00:00, 11.52s/it]
Loss: 0.5531391167136096, accuracy: 74.03337860107422


Epoch: 13/30
Training

  0%|          | 0/7 [00:00<?, ?it/s]
 14%|█▍        | 1/7 [00:14<01:26, 14.44s/it]
 29%|██▊       | 2/7 [00:28<01:12, 14.45s/it]
 43%|████▎     | 3/7 [00:43<00:57, 14.43s/it]
 57%|█████▋    | 4/7 [00:57<00:43, 14.44s/it]
 71%|███████▏  | 5/7 [01:12<00:28, 14.43s/it]
 86%|████████▌ | 6/7 [01:26<00:14, 14.44s/it]
100%|██████████| 7/7 [01:37<00:00, 13.12s/it]
100%|██████████| 7/7 [01:37<00:00, 13.86s/it]
Loss: 0.5351049961201225, accuracy: 74.61493682861328
Validating

  0%|          | 0/3 [00:00<?, ?it/s]
 33%|███▎      | 1/3 [00:14<00:28, 14.29s/it]
 67%|██████▋   | 2/3 [00:28<00:14, 14.32s/it]
100%|██████████| 3/3 [00:34<00:00, 10.39s/it]
100%|██████████| 3/3 [00:34<00:00, 11.45s/it]
Loss: 0.5517016359349796, accuracy: 73.95198059082031


Epoch: 14/30
Training

  0%|          | 0/7 [00:00<?, ?it/s]
 14%|█▍        | 1/7 [00:14<01:26, 14.44s/it]
 29%|██▊       | 2/7 [00:28<01:12, 14.47s/it]
 43%|████▎     | 3/7 [00:43<00:57, 14.48s/it]
 57%|█████▋    | 4/7 [00:57<00:43, 14.46s/it]
 71%|███████▏  | 5/7 [01:12<00:29, 14.56s/it]
 86%|████████▌ | 6/7 [01:27<00:14, 14.55s/it]
100%|██████████| 7/7 [01:37<00:00, 13.21s/it]
100%|██████████| 7/7 [01:37<00:00, 13.94s/it]
Loss: 0.5363577135043656, accuracy: 74.57134246826172
Validating

  0%|          | 0/3 [00:00<?, ?it/s]
 33%|███▎      | 1/3 [00:14<00:28, 14.31s/it]
 67%|██████▋   | 2/3 [00:28<00:14, 14.31s/it]
100%|██████████| 3/3 [00:34<00:00, 10.39s/it]
100%|██████████| 3/3 [00:34<00:00, 11.45s/it]
Loss: 0.5504516118854637, accuracy: 73.78917694091797


Epoch: 15/30
Training

  0%|          | 0/7 [00:00<?, ?it/s]
 14%|█▍        | 1/7 [00:14<01:26, 14.48s/it]
 29%|██▊       | 2/7 [00:28<01:12, 14.47s/it]
 43%|████▎     | 3/7 [00:43<00:57, 14.47s/it]
 57%|█████▋    | 4/7 [00:57<00:43, 14.49s/it]
 71%|███████▏  | 5/7 [01:12<00:29, 14.52s/it]
 86%|████████▌ | 6/7 [01:27<00:14, 14.52s/it]
100%|██████████| 7/7 [01:37<00:00, 13.18s/it]
100%|██████████| 7/7 [01:37<00:00, 13.92s/it]
Loss: 0.5321557083229657, accuracy: 74.81836700439453
Validating

  0%|          | 0/3 [00:00<?, ?it/s]
 33%|███▎      | 1/3 [00:14<00:28, 14.26s/it]
 67%|██████▋   | 2/3 [00:28<00:14, 14.31s/it]
100%|██████████| 3/3 [00:34<00:00, 10.39s/it]
100%|██████████| 3/3 [00:34<00:00, 11.45s/it]
Loss: 0.5492864535211013, accuracy: 73.95198059082031


Epoch: 16/30
Training

  0%|          | 0/7 [00:00<?, ?it/s]
 14%|█▍        | 1/7 [00:14<01:27, 14.51s/it]
 29%|██▊       | 2/7 [00:29<01:12, 14.54s/it]
 43%|████▎     | 3/7 [00:43<00:58, 14.52s/it]
 57%|█████▋    | 4/7 [00:58<00:43, 14.54s/it]
 71%|███████▏  | 5/7 [01:12<00:29, 14.54s/it]
 86%|████████▌ | 6/7 [01:27<00:14, 14.53s/it]
100%|██████████| 7/7 [01:37<00:00, 13.20s/it]
100%|██████████| 7/7 [01:37<00:00, 13.95s/it]
Loss: 0.5310498874778492, accuracy: 74.81836700439453
Validating

  0%|          | 0/3 [00:00<?, ?it/s]
 33%|███▎      | 1/3 [00:14<00:28, 14.35s/it]
 67%|██████▋   | 2/3 [00:28<00:14, 14.34s/it]
100%|██████████| 3/3 [00:34<00:00, 10.41s/it]
100%|██████████| 3/3 [00:34<00:00, 11.47s/it]
Loss: 0.5482801758131944, accuracy: 73.95198059082031


Epoch: 17/30
Training

  0%|          | 0/7 [00:00<?, ?it/s]
 14%|█▍        | 1/7 [00:14<01:27, 14.54s/it]
 29%|██▊       | 2/7 [00:29<01:12, 14.50s/it]
 43%|████▎     | 3/7 [00:43<00:57, 14.48s/it]
 57%|█████▋    | 4/7 [00:57<00:43, 14.49s/it]
 71%|███████▏  | 5/7 [01:12<00:28, 14.49s/it]
 86%|████████▌ | 6/7 [01:26<00:14, 14.51s/it]
100%|██████████| 7/7 [01:37<00:00, 13.19s/it]
100%|██████████| 7/7 [01:37<00:00, 13.93s/it]
Loss: 0.5290141282161978, accuracy: 74.94914245605469
Validating

  0%|          | 0/3 [00:00<?, ?it/s]
 33%|███▎      | 1/3 [00:14<00:28, 14.37s/it]
 67%|██████▋   | 2/3 [00:28<00:14, 14.35s/it]
100%|██████████| 3/3 [00:34<00:00, 10.42s/it]
100%|██████████| 3/3 [00:34<00:00, 11.49s/it]
Loss: 0.5473296651036748, accuracy: 73.95198059082031


Epoch: 18/30
Training

  0%|          | 0/7 [00:00<?, ?it/s]
 14%|█▍        | 1/7 [00:14<01:26, 14.40s/it]
 29%|██▊       | 2/7 [00:28<01:11, 14.39s/it]
 43%|████▎     | 3/7 [00:43<00:57, 14.39s/it]
 57%|█████▋    | 4/7 [00:57<00:43, 14.47s/it]
 71%|███████▏  | 5/7 [01:12<00:29, 14.51s/it]
 86%|████████▌ | 6/7 [01:26<00:14, 14.54s/it]
100%|██████████| 7/7 [01:37<00:00, 13.22s/it]
100%|██████████| 7/7 [01:37<00:00, 13.92s/it]
Loss: 0.5279981617801448, accuracy: 74.83289337158203
Validating

  0%|          | 0/3 [00:00<?, ?it/s]
 33%|███▎      | 1/3 [00:14<00:28, 14.36s/it]
 67%|██████▋   | 2/3 [00:28<00:14, 14.38s/it]
100%|██████████| 3/3 [00:34<00:00, 10.42s/it]
100%|██████████| 3/3 [00:34<00:00, 11.49s/it]
Loss: 0.5463269984135067, accuracy: 73.99267578125


Epoch: 19/30
Training

  0%|          | 0/7 [00:00<?, ?it/s]
 14%|█▍        | 1/7 [00:14<01:27, 14.50s/it]
 29%|██▊       | 2/7 [00:29<01:12, 14.51s/it]
 43%|████▎     | 3/7 [00:43<00:58, 14.54s/it]
 57%|█████▋    | 4/7 [00:58<00:43, 14.53s/it]
 71%|███████▏  | 5/7 [01:12<00:29, 14.53s/it]
 86%|████████▌ | 6/7 [01:27<00:14, 14.53s/it]
100%|██████████| 7/7 [01:37<00:00, 13.20s/it]
100%|██████████| 7/7 [01:37<00:00, 13.95s/it]
Loss: 0.5256939574543454, accuracy: 75.00726318359375
Validating

  0%|          | 0/3 [00:00<?, ?it/s]
 33%|███▎      | 1/3 [00:14<00:28, 14.27s/it]
 67%|██████▋   | 2/3 [00:28<00:14, 14.25s/it]
100%|██████████| 3/3 [00:34<00:00, 10.35s/it]
100%|██████████| 3/3 [00:34<00:00, 11.41s/it]
Loss: 0.545638956745126, accuracy: 73.87057495117188


Epoch: 20/30
Training

  0%|          | 0/7 [00:00<?, ?it/s]
 14%|█▍        | 1/7 [00:14<01:27, 14.50s/it]
 29%|██▊       | 2/7 [00:29<01:12, 14.53s/it]
 43%|████▎     | 3/7 [00:43<00:58, 14.54s/it]
 57%|█████▋    | 4/7 [00:58<00:43, 14.53s/it]
 71%|███████▏  | 5/7 [01:12<00:29, 14.52s/it]
 86%|████████▌ | 6/7 [01:27<00:14, 14.52s/it]
100%|██████████| 7/7 [01:37<00:00, 13.20s/it]
100%|██████████| 7/7 [01:37<00:00, 13.95s/it]
Loss: 0.5257643224437096, accuracy: 75.18163299560547
Validating

  0%|          | 0/3 [00:00<?, ?it/s]
 33%|███▎      | 1/3 [00:14<00:28, 14.33s/it]
 67%|██████▋   | 2/3 [00:28<00:14, 14.37s/it]
100%|██████████| 3/3 [00:34<00:00, 10.42s/it]
100%|██████████| 3/3 [00:34<00:00, 11.48s/it]
Loss: 0.5445078908305465, accuracy: 73.74847412109375


Epoch: 21/30
Training

  0%|          | 0/7 [00:00<?, ?it/s]
 14%|█▍        | 1/7 [00:14<01:26, 14.48s/it]
 29%|██▊       | 2/7 [00:29<01:12, 14.53s/it]
 43%|████▎     | 3/7 [00:43<00:58, 14.52s/it]
 57%|█████▋    | 4/7 [00:58<00:43, 14.52s/it]
 71%|███████▏  | 5/7 [01:12<00:29, 14.54s/it]
 86%|████████▌ | 6/7 [01:27<00:14, 14.55s/it]
100%|██████████| 7/7 [01:37<00:00, 13.22s/it]
100%|██████████| 7/7 [01:37<00:00, 13.96s/it]
Loss: 0.5236346818305351, accuracy: 75.25428771972656
Validating

  0%|          | 0/3 [00:00<?, ?it/s]
 33%|███▎      | 1/3 [00:14<00:28, 14.38s/it]
 67%|██████▋   | 2/3 [00:28<00:14, 14.39s/it]
100%|██████████| 3/3 [00:34<00:00, 10.43s/it]
100%|██████████| 3/3 [00:34<00:00, 11.50s/it]
Loss: 0.5439293931109855, accuracy: 73.95198059082031


Epoch: 22/30
Training

  0%|          | 0/7 [00:00<?, ?it/s]
 14%|█▍        | 1/7 [00:14<01:27, 14.51s/it]
 29%|██▊       | 2/7 [00:28<01:12, 14.50s/it]
 43%|████▎     | 3/7 [00:43<00:58, 14.50s/it]
 57%|█████▋    | 4/7 [00:58<00:43, 14.50s/it]
 71%|███████▏  | 5/7 [01:12<00:28, 14.50s/it]
 86%|████████▌ | 6/7 [01:27<00:14, 14.52s/it]
100%|██████████| 7/7 [01:37<00:00, 13.20s/it]
100%|██████████| 7/7 [01:37<00:00, 13.94s/it]
Loss: 0.5230668424971053, accuracy: 75.07991790771484
Validating

  0%|          | 0/3 [00:00<?, ?it/s]
 33%|███▎      | 1/3 [00:14<00:28, 14.37s/it]
 67%|██████▋   | 2/3 [00:28<00:14, 14.37s/it]
100%|██████████| 3/3 [00:34<00:00, 10.42s/it]
100%|██████████| 3/3 [00:34<00:00, 11.49s/it]
Loss: 0.5429330573947535, accuracy: 73.82987976074219


Epoch: 23/30
Training

  0%|          | 0/7 [00:00<?, ?it/s]
 14%|█▍        | 1/7 [00:14<01:26, 14.50s/it]
 29%|██▊       | 2/7 [00:29<01:12, 14.51s/it]
 43%|████▎     | 3/7 [00:43<00:58, 14.52s/it]
 57%|█████▋    | 4/7 [00:58<00:43, 14.53s/it]
 71%|███████▏  | 5/7 [01:12<00:29, 14.55s/it]
 86%|████████▌ | 6/7 [01:27<00:14, 14.54s/it]
100%|██████████| 7/7 [01:37<00:00, 13.22s/it]
100%|██████████| 7/7 [01:37<00:00, 13.96s/it]
Loss: 0.521351068181307, accuracy: 75.19615936279297
Validating

  0%|          | 0/3 [00:00<?, ?it/s]
 33%|███▎      | 1/3 [00:14<00:28, 14.34s/it]
 67%|██████▋   | 2/3 [00:28<00:14, 14.36s/it]
100%|██████████| 3/3 [00:34<00:00, 10.42s/it]
100%|██████████| 3/3 [00:34<00:00, 11.48s/it]
Loss: 0.5424344178666708, accuracy: 73.87057495117188


Epoch: 24/30
Training

  0%|          | 0/7 [00:00<?, ?it/s]
 14%|█▍        | 1/7 [00:14<01:26, 14.47s/it]
 29%|██▊       | 2/7 [00:29<01:12, 14.52s/it]
 43%|████▎     | 3/7 [00:43<00:58, 14.54s/it]
 57%|█████▋    | 4/7 [00:58<00:43, 14.54s/it]
 71%|███████▏  | 5/7 [01:12<00:29, 14.53s/it]
 86%|████████▌ | 6/7 [01:27<00:14, 14.76s/it]
100%|██████████| 7/7 [01:38<00:00, 13.33s/it]
100%|██████████| 7/7 [01:38<00:00, 14.03s/it]
Loss: 0.5211484306290274, accuracy: 75.18163299560547
Validating

  0%|          | 0/3 [00:00<?, ?it/s]
 33%|███▎      | 1/3 [00:14<00:28, 14.34s/it]
 67%|██████▋   | 2/3 [00:28<00:14, 14.32s/it]
100%|██████████| 3/3 [00:34<00:00, 10.40s/it]
100%|██████████| 3/3 [00:34<00:00, 11.46s/it]
Loss: 0.5415982256878863, accuracy: 73.74847412109375


Epoch: 25/30
Training

  0%|          | 0/7 [00:00<?, ?it/s]
 14%|█▍        | 1/7 [00:14<01:26, 14.40s/it]
 29%|██▊       | 2/7 [00:28<01:12, 14.43s/it]
 43%|████▎     | 3/7 [00:43<00:57, 14.49s/it]
 57%|█████▋    | 4/7 [00:57<00:43, 14.48s/it]
 71%|███████▏  | 5/7 [01:12<00:29, 14.51s/it]
 86%|████████▌ | 6/7 [01:27<00:14, 14.54s/it]
100%|██████████| 7/7 [01:37<00:00, 13.20s/it]
100%|██████████| 7/7 [01:37<00:00, 13.92s/it]
Loss: 0.5200360368345062, accuracy: 75.03632354736328
Validating

  0%|          | 0/3 [00:00<?, ?it/s]
 33%|███▎      | 1/3 [00:14<00:28, 14.36s/it]
 67%|██████▋   | 2/3 [00:28<00:14, 14.36s/it]
100%|██████████| 3/3 [00:34<00:00, 10.43s/it]
100%|██████████| 3/3 [00:34<00:00, 11.49s/it]
Loss: 0.5412897290279092, accuracy: 73.78917694091797


Epoch: 26/30
Training

  0%|          | 0/7 [00:00<?, ?it/s]
 14%|█▍        | 1/7 [00:14<01:27, 14.52s/it]
 29%|██▊       | 2/7 [00:29<01:12, 14.56s/it]
 43%|████▎     | 3/7 [00:43<00:58, 14.56s/it]
 57%|█████▋    | 4/7 [00:58<00:43, 14.56s/it]
 71%|███████▏  | 5/7 [01:12<00:29, 14.57s/it]
 86%|████████▌ | 6/7 [01:27<00:14, 14.58s/it]
100%|██████████| 7/7 [01:37<00:00, 13.25s/it]
100%|██████████| 7/7 [01:37<00:00, 13.99s/it]
Loss: 0.5201901641913328, accuracy: 75.35600280761719
Validating

  0%|          | 0/3 [00:00<?, ?it/s]
 33%|███▎      | 1/3 [00:14<00:28, 14.38s/it]
 67%|██████▋   | 2/3 [00:28<00:14, 14.36s/it]
100%|██████████| 3/3 [00:34<00:00, 10.42s/it]
100%|██████████| 3/3 [00:34<00:00, 11.49s/it]
Loss: 0.540404479121308, accuracy: 73.78917694091797


Epoch: 27/30
Training

  0%|          | 0/7 [00:00<?, ?it/s]
 14%|█▍        | 1/7 [00:14<01:27, 14.51s/it]
 29%|██▊       | 2/7 [00:29<01:12, 14.51s/it]
 43%|████▎     | 3/7 [00:43<00:58, 14.52s/it]
 57%|█████▋    | 4/7 [00:58<00:43, 14.52s/it]
 71%|███████▏  | 5/7 [01:12<00:29, 14.52s/it]
 86%|████████▌ | 6/7 [01:27<00:14, 14.52s/it]
100%|██████████| 7/7 [01:37<00:00, 13.18s/it]
100%|██████████| 7/7 [01:37<00:00, 13.93s/it]
Loss: 0.5184800716133805, accuracy: 75.28334045410156
Validating

  0%|          | 0/3 [00:00<?, ?it/s]
 33%|███▎      | 1/3 [00:14<00:28, 14.34s/it]
 67%|██████▋   | 2/3 [00:28<00:14, 14.35s/it]
100%|██████████| 3/3 [00:34<00:00, 10.41s/it]
100%|██████████| 3/3 [00:34<00:00, 11.47s/it]
Loss: 0.5399351068323203, accuracy: 73.99267578125


Epoch: 28/30
Training

  0%|          | 0/7 [00:00<?, ?it/s]
 14%|█▍        | 1/7 [00:14<01:27, 14.54s/it]
 29%|██▊       | 2/7 [00:29<01:12, 14.56s/it]
 43%|████▎     | 3/7 [00:43<00:58, 14.56s/it]
 57%|█████▋    | 4/7 [00:58<00:43, 14.56s/it]
 71%|███████▏  | 5/7 [01:12<00:29, 14.54s/it]
 86%|████████▌ | 6/7 [01:27<00:14, 14.55s/it]
100%|██████████| 7/7 [01:37<00:00, 13.22s/it]
100%|██████████| 7/7 [01:37<00:00, 13.97s/it]
Loss: 0.5172187506511647, accuracy: 75.23975372314453
Validating

  0%|          | 0/3 [00:00<?, ?it/s]
 33%|███▎      | 1/3 [00:14<00:28, 14.36s/it]
 67%|██████▋   | 2/3 [00:28<00:14, 14.38s/it]
100%|██████████| 3/3 [00:34<00:00, 10.43s/it]
100%|██████████| 3/3 [00:34<00:00, 11.50s/it]
Loss: 0.5393212443694478, accuracy: 73.87057495117188


Epoch: 29/30
Training

  0%|          | 0/7 [00:00<?, ?it/s]
 14%|█▍        | 1/7 [00:14<01:27, 14.56s/it]
 29%|██▊       | 2/7 [00:29<01:12, 14.53s/it]
 43%|████▎     | 3/7 [00:43<00:58, 14.51s/it]
 57%|█████▋    | 4/7 [00:58<00:43, 14.51s/it]
 71%|███████▏  | 5/7 [01:12<00:29, 14.54s/it]
 86%|████████▌ | 6/7 [01:27<00:14, 14.54s/it]
100%|██████████| 7/7 [01:37<00:00, 13.19s/it]
100%|██████████| 7/7 [01:37<00:00, 13.95s/it]
Loss: 0.5162828972747734, accuracy: 75.32693481445312
Validating

  0%|          | 0/3 [00:00<?, ?it/s]
 33%|███▎      | 1/3 [00:14<00:28, 14.30s/it]
 67%|██████▋   | 2/3 [00:28<00:14, 14.33s/it]
100%|██████████| 3/3 [00:34<00:00, 10.39s/it]
100%|██████████| 3/3 [00:34<00:00, 11.45s/it]
Loss: 0.5387458433743944, accuracy: 73.99267578125


Epoch: 30/30
Training

  0%|          | 0/7 [00:00<?, ?it/s]
 14%|█▍        | 1/7 [00:14<01:27, 14.51s/it]
 29%|██▊       | 2/7 [00:29<01:12, 14.53s/it]
 43%|████▎     | 3/7 [00:43<00:58, 14.52s/it]
 57%|█████▋    | 4/7 [00:58<00:43, 14.52s/it]
 71%|███████▏  | 5/7 [01:12<00:29, 14.51s/it]
 86%|████████▌ | 6/7 [01:27<00:14, 14.52s/it]
100%|██████████| 7/7 [01:37<00:00, 13.18s/it]
100%|██████████| 7/7 [01:37<00:00, 13.93s/it]
Loss: 0.5158650672252149, accuracy: 75.34146881103516
Validating

  0%|          | 0/3 [00:00<?, ?it/s]
 33%|███▎      | 1/3 [00:14<00:28, 14.35s/it]
 67%|██████▋   | 2/3 [00:28<00:14, 14.35s/it]
100%|██████████| 3/3 [00:34<00:00, 10.48s/it]
100%|██████████| 3/3 [00:34<00:00, 11.53s/it]
Loss: 0.5383521896045189, accuracy: 74.03337860107422


Training Time: 1.0h 6.0m 4.939056396484375s
Best validation accuracy: 74.03337860107422

  0%|          | 0/1 [00:00<?, ?it/s]
100%|██████████| 1/1 [00:07<00:00,  7.08s/it]
100%|██████████| 1/1 [00:07<00:00,  7.08s/it]

Evaluated on test set
accuracy: 75.356%, f1-score: 0.75102

Epoch: 1/50
Training

  0%|          | 0/7 [00:00<?, ?it/s]
 14%|█▍        | 1/7 [00:13<01:19, 13.20s/it]
 29%|██▊       | 2/7 [00:26<01:05, 13.09s/it]
 43%|████▎     | 3/7 [00:39<00:52, 13.07s/it]
 57%|█████▋    | 4/7 [00:52<00:39, 13.16s/it]
 71%|███████▏  | 5/7 [01:05<00:26, 13.25s/it]
 86%|████████▌ | 6/7 [01:19<00:13, 13.40s/it]
100%|██████████| 7/7 [01:29<00:00, 12.29s/it]
100%|██████████| 7/7 [01:29<00:00, 12.81s/it]
Loss: 0.6591551856778451, accuracy: 62.45277404785156
Validating

  0%|          | 0/3 [00:00<?, ?it/s]
 33%|███▎      | 1/3 [00:13<00:27, 13.62s/it]
 67%|██████▋   | 2/3 [00:27<00:13, 13.69s/it]
100%|██████████| 3/3 [00:32<00:00,  9.96s/it]
100%|██████████| 3/3 [00:32<00:00, 10.96s/it]
Loss: 0.6765673698862733, accuracy: 61.17216491699219


Epoch: 2/50
Training

  0%|          | 0/7 [00:00<?, ?it/s]
 14%|█▍        | 1/7 [00:13<01:21, 13.51s/it]
 29%|██▊       | 2/7 [00:27<01:07, 13.53s/it]
 43%|████▎     | 3/7 [00:40<00:53, 13.49s/it]
 57%|█████▋    | 4/7 [00:54<00:40, 13.50s/it]
 71%|███████▏  | 5/7 [01:07<00:27, 13.51s/it]
 86%|████████▌ | 6/7 [01:21<00:13, 13.53s/it]
100%|██████████| 7/7 [01:30<00:00, 12.32s/it]
100%|██████████| 7/7 [01:30<00:00, 12.99s/it]
Loss: 0.5945289489904901, accuracy: 73.35076904296875
Validating

  0%|          | 0/3 [00:00<?, ?it/s]
 33%|███▎      | 1/3 [00:13<00:26, 13.50s/it]
 67%|██████▋   | 2/3 [00:27<00:13, 13.52s/it]
100%|██████████| 3/3 [00:32<00:00,  9.83s/it]
100%|██████████| 3/3 [00:32<00:00, 10.83s/it]
Loss: 0.6194827683242686, accuracy: 69.92267608642578


Epoch: 3/50
Training

  0%|          | 0/7 [00:00<?, ?it/s]
 14%|█▍        | 1/7 [00:13<01:22, 13.68s/it]
 29%|██▊       | 2/7 [00:27<01:08, 13.69s/it]
 43%|████▎     | 3/7 [00:41<00:54, 13.73s/it]
 57%|█████▋    | 4/7 [00:54<00:41, 13.74s/it]
 71%|███████▏  | 5/7 [01:08<00:27, 13.78s/it]
 86%|████████▌ | 6/7 [01:22<00:13, 13.80s/it]
100%|██████████| 7/7 [01:32<00:00, 12.56s/it]
100%|██████████| 7/7 [01:32<00:00, 13.23s/it]
Loss: 0.5485016118125561, accuracy: 75.6466064453125
Validating

  0%|          | 0/3 [00:00<?, ?it/s]
 33%|███▎      | 1/3 [00:13<00:27, 13.67s/it]
 67%|██████▋   | 2/3 [00:27<00:13, 13.69s/it]
100%|██████████| 3/3 [00:32<00:00,  9.93s/it]
100%|██████████| 3/3 [00:32<00:00, 10.95s/it]
Loss: 0.5587111948028444, accuracy: 73.21937561035156


Epoch: 4/50
Training

  0%|          | 0/7 [00:00<?, ?it/s]
 14%|█▍        | 1/7 [00:13<01:23, 13.86s/it]
 29%|██▊       | 2/7 [00:27<01:09, 13.83s/it]
 43%|████▎     | 3/7 [00:41<00:55, 13.81s/it]
 57%|█████▋    | 4/7 [00:55<00:41, 13.74s/it]
 71%|███████▏  | 5/7 [01:08<00:27, 13.69s/it]
 86%|████████▌ | 6/7 [01:22<00:13, 13.65s/it]
100%|██████████| 7/7 [01:32<00:00, 12.40s/it]
100%|██████████| 7/7 [01:32<00:00, 13.15s/it]
Loss: 0.514489791458064, accuracy: 78.27666473388672
Validating

  0%|          | 0/3 [00:00<?, ?it/s]
 33%|███▎      | 1/3 [00:13<00:26, 13.45s/it]
 67%|██████▋   | 2/3 [00:26<00:13, 13.44s/it]
100%|██████████| 3/3 [00:32<00:00,  9.75s/it]
100%|██████████| 3/3 [00:32<00:00, 10.75s/it]
Loss: 0.5175481446642287, accuracy: 76.10908508300781


Epoch: 5/50
Training

  0%|          | 0/7 [00:00<?, ?it/s]
 14%|█▍        | 1/7 [00:13<01:21, 13.56s/it]
 29%|██▊       | 2/7 [00:27<01:07, 13.58s/it]
 43%|████▎     | 3/7 [00:40<00:54, 13.58s/it]
 57%|█████▋    | 4/7 [00:54<00:40, 13.59s/it]
 71%|███████▏  | 5/7 [01:07<00:27, 13.60s/it]
 86%|████████▌ | 6/7 [01:21<00:13, 13.60s/it]
100%|██████████| 7/7 [01:31<00:00, 12.36s/it]
100%|██████████| 7/7 [01:31<00:00, 13.05s/it]
Loss: 0.4880447261938346, accuracy: 78.82882690429688
Validating

  0%|          | 0/3 [00:00<?, ?it/s]
 33%|███▎      | 1/3 [00:13<00:26, 13.43s/it]
 67%|██████▋   | 2/3 [00:26<00:13, 13.47s/it]
100%|██████████| 3/3 [00:32<00:00,  9.76s/it]
100%|██████████| 3/3 [00:32<00:00, 10.76s/it]
Loss: 0.4830564099523562, accuracy: 78.87667846679688


Epoch: 6/50
Training

  0%|          | 0/7 [00:00<?, ?it/s]
 14%|█▍        | 1/7 [00:13<01:22, 13.68s/it]
 29%|██▊       | 2/7 [00:27<01:08, 13.67s/it]
 43%|████▎     | 3/7 [00:41<00:54, 13.68s/it]
 57%|█████▋    | 4/7 [00:54<00:41, 13.67s/it]
 71%|███████▏  | 5/7 [01:08<00:27, 13.67s/it]
 86%|████████▌ | 6/7 [01:22<00:13, 13.67s/it]
100%|██████████| 7/7 [01:31<00:00, 12.42s/it]
100%|██████████| 7/7 [01:31<00:00, 13.12s/it]
Loss: 0.46564180113589543, accuracy: 80.34001922607422
Validating

  0%|          | 0/3 [00:00<?, ?it/s]
 33%|███▎      | 1/3 [00:13<00:27, 13.53s/it]
 67%|██████▋   | 2/3 [00:27<00:13, 13.54s/it]
100%|██████████| 3/3 [00:32<00:00,  9.80s/it]
100%|██████████| 3/3 [00:32<00:00, 10.81s/it]
Loss: 0.45666326812286906, accuracy: 81.60358428955078


Epoch: 7/50
Training

  0%|          | 0/7 [00:00<?, ?it/s]
 14%|█▍        | 1/7 [00:13<01:21, 13.63s/it]
 29%|██▊       | 2/7 [00:27<01:08, 13.64s/it]
 43%|████▎     | 3/7 [00:40<00:54, 13.65s/it]
 57%|█████▋    | 4/7 [00:54<00:40, 13.65s/it]
 71%|███████▏  | 5/7 [01:08<00:27, 13.66s/it]
 86%|████████▌ | 6/7 [01:21<00:13, 13.65s/it]
100%|██████████| 7/7 [01:31<00:00, 12.40s/it]
100%|██████████| 7/7 [01:31<00:00, 13.10s/it]
Loss: 0.44719493458417225, accuracy: 82.1563491821289
Validating

  0%|          | 0/3 [00:00<?, ?it/s]
 33%|███▎      | 1/3 [00:13<00:27, 13.51s/it]
 67%|██████▋   | 2/3 [00:27<00:13, 13.52s/it]
100%|██████████| 3/3 [00:32<00:00,  9.80s/it]
100%|██████████| 3/3 [00:32<00:00, 10.80s/it]
Loss: 0.435295904415334, accuracy: 83.47578430175781


Epoch: 8/50
Training

  0%|          | 0/7 [00:00<?, ?it/s]
 14%|█▍        | 1/7 [00:13<01:22, 13.67s/it]
 29%|██▊       | 2/7 [00:27<01:08, 13.68s/it]
 43%|████▎     | 3/7 [00:41<00:54, 13.68s/it]
 57%|█████▋    | 4/7 [00:54<00:40, 13.67s/it]
 71%|███████▏  | 5/7 [01:08<00:27, 13.67s/it]
 86%|████████▌ | 6/7 [01:22<00:13, 13.67s/it]
100%|██████████| 7/7 [01:31<00:00, 12.41s/it]
100%|██████████| 7/7 [01:31<00:00, 13.12s/it]
Loss: 0.42835358954452907, accuracy: 83.46410369873047
Validating

  0%|          | 0/3 [00:00<?, ?it/s]
 33%|███▎      | 1/3 [00:13<00:27, 13.51s/it]
 67%|██████▋   | 2/3 [00:27<00:13, 13.53s/it]
100%|██████████| 3/3 [00:32<00:00,  9.80s/it]
100%|██████████| 3/3 [00:32<00:00, 10.80s/it]
Loss: 0.41717520194855173, accuracy: 84.81888580322266


Epoch: 9/50
Training

  0%|          | 0/7 [00:00<?, ?it/s]
 14%|█▍        | 1/7 [00:13<01:22, 13.68s/it]
 29%|██▊       | 2/7 [00:27<01:08, 13.69s/it]
 43%|████▎     | 3/7 [00:41<00:54, 13.70s/it]
 57%|█████▋    | 4/7 [00:54<00:41, 13.71s/it]
 71%|███████▏  | 5/7 [01:08<00:27, 13.71s/it]
 86%|████████▌ | 6/7 [01:22<00:13, 13.71s/it]
100%|██████████| 7/7 [01:32<00:00, 12.45s/it]
100%|██████████| 7/7 [01:32<00:00, 13.16s/it]
Loss: 0.41353539439593245, accuracy: 84.61203002929688
Validating

  0%|          | 0/3 [00:00<?, ?it/s]
 33%|███▎      | 1/3 [00:13<00:27, 13.52s/it]
 67%|██████▋   | 2/3 [00:27<00:13, 13.55s/it]
100%|██████████| 3/3 [00:32<00:00,  9.82s/it]
100%|██████████| 3/3 [00:32<00:00, 10.82s/it]
Loss: 0.4015644507700222, accuracy: 86.28408813476562


Epoch: 10/50
Training

  0%|          | 0/7 [00:00<?, ?it/s]
 14%|█▍        | 1/7 [00:13<01:22, 13.74s/it]
 29%|██▊       | 2/7 [00:27<01:08, 13.75s/it]
 43%|████▎     | 3/7 [00:41<00:55, 13.75s/it]
 57%|█████▋    | 4/7 [00:55<00:41, 13.76s/it]
 71%|███████▏  | 5/7 [01:08<00:27, 13.76s/it]
 86%|████████▌ | 6/7 [01:22<00:13, 13.77s/it]
100%|██████████| 7/7 [01:32<00:00, 12.51s/it]
100%|██████████| 7/7 [01:32<00:00, 13.21s/it]
Loss: 0.3981586512837497, accuracy: 85.71636199951172
Validating

  0%|          | 0/3 [00:00<?, ?it/s]
 33%|███▎      | 1/3 [00:13<00:27, 13.57s/it]
 67%|██████▋   | 2/3 [00:27<00:13, 13.58s/it]
100%|██████████| 3/3 [00:32<00:00,  9.86s/it]
100%|██████████| 3/3 [00:32<00:00, 10.86s/it]
Loss: 0.38780333548723606, accuracy: 87.30158996582031


Epoch: 11/50
Training

  0%|          | 0/7 [00:00<?, ?it/s]
 14%|█▍        | 1/7 [00:13<01:22, 13.75s/it]
 29%|██▊       | 2/7 [00:27<01:08, 13.75s/it]
 43%|████▎     | 3/7 [00:41<00:54, 13.74s/it]
 57%|█████▋    | 4/7 [00:54<00:41, 13.73s/it]
 71%|███████▏  | 5/7 [01:08<00:27, 13.73s/it]
 86%|████████▌ | 6/7 [01:22<00:13, 13.73s/it]
100%|██████████| 7/7 [01:32<00:00, 12.46s/it]
100%|██████████| 7/7 [01:32<00:00, 13.18s/it]
Loss: 0.38502232839949635, accuracy: 87.16942596435547
Validating

  0%|          | 0/3 [00:00<?, ?it/s]
 33%|███▎      | 1/3 [00:13<00:27, 13.51s/it]
 67%|██████▋   | 2/3 [00:27<00:13, 13.53s/it]
100%|██████████| 3/3 [00:32<00:00,  9.81s/it]
100%|██████████| 3/3 [00:32<00:00, 10.81s/it]
Loss: 0.37518301397549897, accuracy: 87.95278930664062


Epoch: 12/50
Training

  0%|          | 0/7 [00:00<?, ?it/s]
 14%|█▍        | 1/7 [00:13<01:22, 13.67s/it]
 29%|██▊       | 2/7 [00:27<01:08, 13.74s/it]
 43%|████▎     | 3/7 [00:41<00:54, 13.74s/it]
 57%|█████▋    | 4/7 [00:54<00:41, 13.74s/it]
 71%|███████▏  | 5/7 [01:08<00:27, 13.74s/it]
 86%|████████▌ | 6/7 [01:22<00:13, 13.75s/it]
100%|██████████| 7/7 [01:32<00:00, 12.50s/it]
100%|██████████| 7/7 [01:32<00:00, 13.20s/it]
Loss: 0.3729642738924578, accuracy: 87.05317687988281
Validating

  0%|          | 0/3 [00:00<?, ?it/s]
 33%|███▎      | 1/3 [00:13<00:27, 13.63s/it]
 67%|██████▋   | 2/3 [00:27<00:13, 13.65s/it]
100%|██████████| 3/3 [00:32<00:00,  9.90s/it]
100%|██████████| 3/3 [00:32<00:00, 10.91s/it]
Loss: 0.36364904594314645, accuracy: 88.92959594726562


Epoch: 13/50
Training

  0%|          | 0/7 [00:00<?, ?it/s]
 14%|█▍        | 1/7 [00:13<01:22, 13.71s/it]
 29%|██▊       | 2/7 [00:27<01:08, 13.72s/it]
 43%|████▎     | 3/7 [00:41<00:54, 13.72s/it]
 57%|█████▋    | 4/7 [00:54<00:41, 13.73s/it]
 71%|███████▏  | 5/7 [01:08<00:27, 13.72s/it]
 86%|████████▌ | 6/7 [01:22<00:13, 13.73s/it]
100%|██████████| 7/7 [01:32<00:00, 12.46s/it]
100%|██████████| 7/7 [01:32<00:00, 13.17s/it]
Loss: 0.36217429287313757, accuracy: 89.2037124633789
Validating

  0%|          | 0/3 [00:00<?, ?it/s]
 33%|███▎      | 1/3 [00:13<00:27, 13.53s/it]
 67%|██████▋   | 2/3 [00:27<00:13, 13.55s/it]
100%|██████████| 3/3 [00:32<00:00,  9.81s/it]
100%|██████████| 3/3 [00:32<00:00, 10.82s/it]
Loss: 0.3528672910750664, accuracy: 89.54009246826172


Epoch: 14/50
Training

  0%|          | 0/7 [00:00<?, ?it/s]
 14%|█▍        | 1/7 [00:13<01:22, 13.70s/it]
 29%|██▊       | 2/7 [00:27<01:08, 13.70s/it]
 43%|████▎     | 3/7 [00:41<00:54, 13.70s/it]
 57%|█████▋    | 4/7 [00:54<00:41, 13.70s/it]
 71%|███████▏  | 5/7 [01:08<00:27, 13.69s/it]
 86%|████████▌ | 6/7 [01:22<00:13, 13.69s/it]
100%|██████████| 7/7 [01:32<00:00, 12.44s/it]
100%|██████████| 7/7 [01:32<00:00, 13.15s/it]
Loss: 0.35191536465899537, accuracy: 88.40453338623047
Validating

  0%|          | 0/3 [00:00<?, ?it/s]
 33%|███▎      | 1/3 [00:13<00:27, 13.54s/it]
 67%|██████▋   | 2/3 [00:27<00:13, 13.56s/it]
100%|██████████| 3/3 [00:32<00:00,  9.83s/it]
100%|██████████| 3/3 [00:32<00:00, 10.84s/it]
Loss: 0.34301581418412364, accuracy: 89.82498931884766


Epoch: 15/50
Training

  0%|          | 0/7 [00:00<?, ?it/s]
 14%|█▍        | 1/7 [00:13<01:22, 13.71s/it]
 29%|██▊       | 2/7 [00:27<01:08, 13.70s/it]
 43%|████▎     | 3/7 [00:41<00:54, 13.71s/it]
 57%|█████▋    | 4/7 [00:54<00:41, 13.72s/it]
 71%|███████▏  | 5/7 [01:08<00:27, 13.71s/it]
 86%|████████▌ | 6/7 [01:22<00:13, 13.70s/it]
100%|██████████| 7/7 [01:32<00:00, 12.43s/it]
100%|██████████| 7/7 [01:32<00:00, 13.15s/it]
Loss: 0.3440735835611249, accuracy: 89.65416717529297
Validating

  0%|          | 0/3 [00:00<?, ?it/s]
 33%|███▎      | 1/3 [00:13<00:26, 13.39s/it]
 67%|██████▋   | 2/3 [00:26<00:13, 13.41s/it]
100%|██████████| 3/3 [00:32<00:00,  9.72s/it]
100%|██████████| 3/3 [00:32<00:00, 10.72s/it]
Loss: 0.33410767899764765, accuracy: 90.19129180908203


Epoch: 16/50
Training

  0%|          | 0/7 [00:00<?, ?it/s]
 14%|█▍        | 1/7 [00:13<01:21, 13.59s/it]
 29%|██▊       | 2/7 [00:27<01:07, 13.58s/it]
 43%|████▎     | 3/7 [00:40<00:54, 13.58s/it]
 57%|█████▋    | 4/7 [00:54<00:40, 13.58s/it]
 71%|███████▏  | 5/7 [01:07<00:27, 13.58s/it]
 86%|████████▌ | 6/7 [01:21<00:13, 13.57s/it]
100%|██████████| 7/7 [01:31<00:00, 12.33s/it]
100%|██████████| 7/7 [01:31<00:00, 13.03s/it]
Loss: 0.33306002448859934, accuracy: 90.06102752685547
Validating

  0%|          | 0/3 [00:00<?, ?it/s]
 33%|███▎      | 1/3 [00:13<00:26, 13.42s/it]
 67%|██████▋   | 2/3 [00:26<00:13, 13.43s/it]
100%|██████████| 3/3 [00:32<00:00,  9.73s/it]
100%|██████████| 3/3 [00:32<00:00, 10.73s/it]
Loss: 0.3260348003765505, accuracy: 90.51689147949219


Epoch: 17/50
Training

  0%|          | 0/7 [00:00<?, ?it/s]
 14%|█▍        | 1/7 [00:13<01:21, 13.57s/it]
 29%|██▊       | 2/7 [00:27<01:07, 13.59s/it]
 43%|████▎     | 3/7 [00:40<00:54, 13.62s/it]
 57%|█████▋    | 4/7 [00:54<00:40, 13.63s/it]
 71%|███████▏  | 5/7 [01:08<00:27, 13.64s/it]
 86%|████████▌ | 6/7 [01:21<00:13, 13.63s/it]
100%|██████████| 7/7 [01:31<00:00, 12.38s/it]
100%|██████████| 7/7 [01:31<00:00, 13.08s/it]
Loss: 0.3254589025397801, accuracy: 90.87474060058594
Validating

  0%|          | 0/3 [00:00<?, ?it/s]
 33%|███▎      | 1/3 [00:13<00:26, 13.46s/it]
 67%|██████▋   | 2/3 [00:26<00:13, 13.47s/it]
100%|██████████| 3/3 [00:32<00:00,  9.76s/it]
100%|██████████| 3/3 [00:32<00:00, 10.76s/it]
Loss: 0.3185739295119719, accuracy: 90.92389678955078


Epoch: 18/50
Training

  0%|          | 0/7 [00:00<?, ?it/s]
 14%|█▍        | 1/7 [00:13<01:21, 13.61s/it]
 29%|██▊       | 2/7 [00:27<01:08, 13.62s/it]
 43%|████▎     | 3/7 [00:40<00:54, 13.63s/it]
 57%|█████▋    | 4/7 [00:54<00:40, 13.63s/it]
 71%|███████▏  | 5/7 [01:08<00:27, 13.63s/it]
 86%|████████▌ | 6/7 [01:21<00:13, 13.63s/it]
100%|██████████| 7/7 [01:31<00:00, 12.38s/it]
100%|██████████| 7/7 [01:31<00:00, 13.08s/it]
Loss: 0.3180850859351437, accuracy: 90.40975952148438
Validating

  0%|          | 0/3 [00:00<?, ?it/s]
 33%|███▎      | 1/3 [00:13<00:26, 13.46s/it]
 67%|██████▋   | 2/3 [00:26<00:13, 13.46s/it]
100%|██████████| 3/3 [00:32<00:00,  9.76s/it]
100%|██████████| 3/3 [00:32<00:00, 10.76s/it]
Loss: 0.3114584522563653, accuracy: 90.92389678955078


Epoch: 19/50
Training

  0%|          | 0/7 [00:00<?, ?it/s]
 14%|█▍        | 1/7 [00:13<01:21, 13.64s/it]
 29%|██▊       | 2/7 [00:27<01:08, 13.66s/it]
 43%|████▎     | 3/7 [00:40<00:54, 13.65s/it]
 57%|█████▋    | 4/7 [00:54<00:40, 13.65s/it]
 71%|███████▏  | 5/7 [01:08<00:27, 13.65s/it]
 86%|████████▌ | 6/7 [01:21<00:13, 13.65s/it]
100%|██████████| 7/7 [01:31<00:00, 12.39s/it]
100%|██████████| 7/7 [01:31<00:00, 13.10s/it]
Loss: 0.3125370491368588, accuracy: 91.61580657958984
Validating

  0%|          | 0/3 [00:00<?, ?it/s]
 33%|███▎      | 1/3 [00:13<00:26, 13.46s/it]
 67%|██████▋   | 2/3 [00:26<00:13, 13.49s/it]
100%|██████████| 3/3 [00:32<00:00,  9.78s/it]
100%|██████████| 3/3 [00:32<00:00, 10.78s/it]
Loss: 0.30523975868510383, accuracy: 91.77859497070312


Epoch: 20/50
Training

  0%|          | 0/7 [00:00<?, ?it/s]
 14%|█▍        | 1/7 [00:13<01:21, 13.60s/it]
 29%|██▊       | 2/7 [00:27<01:08, 13.61s/it]
 43%|████▎     | 3/7 [00:40<00:54, 13.60s/it]
 57%|█████▋    | 4/7 [00:54<00:40, 13.60s/it]
 71%|███████▏  | 5/7 [01:08<00:27, 13.60s/it]
 86%|████████▌ | 6/7 [01:21<00:13, 13.60s/it]
100%|██████████| 7/7 [01:31<00:00, 12.34s/it]
100%|██████████| 7/7 [01:31<00:00, 13.05s/it]
Loss: 0.30490605112633984, accuracy: 91.52862548828125
Validating

  0%|          | 0/3 [00:00<?, ?it/s]
 33%|███▎      | 1/3 [00:13<00:26, 13.43s/it]
 67%|██████▋   | 2/3 [00:26<00:13, 13.44s/it]
100%|██████████| 3/3 [00:32<00:00,  9.74s/it]
100%|██████████| 3/3 [00:32<00:00, 10.74s/it]
Loss: 0.29886646565742786, accuracy: 91.49369812011719


Epoch: 21/50
Training

  0%|          | 0/7 [00:00<?, ?it/s]
 14%|█▍        | 1/7 [00:13<01:21, 13.59s/it]
 29%|██▊       | 2/7 [00:27<01:07, 13.58s/it]
 43%|████▎     | 3/7 [00:40<00:54, 13.59s/it]
 57%|█████▋    | 4/7 [00:54<00:40, 13.59s/it]
 71%|███████▏  | 5/7 [01:07<00:27, 13.59s/it]
 86%|████████▌ | 6/7 [01:21<00:13, 13.59s/it]
100%|██████████| 7/7 [01:31<00:00, 12.34s/it]
100%|██████████| 7/7 [01:31<00:00, 13.04s/it]
Loss: 0.29889295223978013, accuracy: 91.8192367553711
Validating

  0%|          | 0/3 [00:00<?, ?it/s]
 33%|███▎      | 1/3 [00:13<00:26, 13.43s/it]
 67%|██████▋   | 2/3 [00:26<00:13, 13.45s/it]
100%|██████████| 3/3 [00:32<00:00,  9.75s/it]
100%|██████████| 3/3 [00:32<00:00, 10.75s/it]
Loss: 0.29353828311548713, accuracy: 92.2262954711914


Epoch: 22/50
Training

  0%|          | 0/7 [00:00<?, ?it/s]
 14%|█▍        | 1/7 [00:13<01:21, 13.57s/it]
 29%|██▊       | 2/7 [00:27<01:07, 13.58s/it]
 43%|████▎     | 3/7 [00:40<00:54, 13.56s/it]
 57%|█████▋    | 4/7 [00:54<00:40, 13.56s/it]
 71%|███████▏  | 5/7 [01:07<00:27, 13.57s/it]
 86%|████████▌ | 6/7 [01:21<00:13, 13.58s/it]
100%|██████████| 7/7 [01:31<00:00, 12.34s/it]
100%|██████████| 7/7 [01:31<00:00, 13.03s/it]
Loss: 0.29360888241439737, accuracy: 92.54576873779297
Validating

  0%|          | 0/3 [00:00<?, ?it/s]
 33%|███▎      | 1/3 [00:13<00:26, 13.41s/it]
 67%|██████▋   | 2/3 [00:26<00:13, 13.42s/it]
100%|██████████| 3/3 [00:32<00:00,  9.74s/it]
100%|██████████| 3/3 [00:32<00:00, 10.73s/it]
Loss: 0.2879498590528359, accuracy: 92.30769348144531


Epoch: 23/50
Training

  0%|          | 0/7 [00:00<?, ?it/s]
 14%|█▍        | 1/7 [00:13<01:21, 13.65s/it]
 29%|██▊       | 2/7 [00:27<01:08, 13.61s/it]
 43%|████▎     | 3/7 [00:40<00:54, 13.60s/it]
 57%|█████▋    | 4/7 [00:54<00:40, 13.58s/it]
 71%|███████▏  | 5/7 [01:07<00:27, 13.59s/it]
 86%|████████▌ | 6/7 [01:21<00:13, 13.57s/it]
100%|██████████| 7/7 [01:31<00:00, 12.32s/it]
100%|██████████| 7/7 [01:31<00:00, 13.04s/it]
Loss: 0.287895417670738, accuracy: 92.47311401367188
Validating

  0%|          | 0/3 [00:00<?, ?it/s]
 33%|███▎      | 1/3 [00:13<00:26, 13.38s/it]
 67%|██████▋   | 2/3 [00:26<00:13, 13.39s/it]
100%|██████████| 3/3 [00:32<00:00,  9.72s/it]
100%|██████████| 3/3 [00:32<00:00, 10.71s/it]
Loss: 0.28301949902768536, accuracy: 92.7553939819336


Epoch: 24/50
Training

  0%|          | 0/7 [00:00<?, ?it/s]
 14%|█▍        | 1/7 [00:13<01:21, 13.56s/it]
 29%|██▊       | 2/7 [00:27<01:07, 13.58s/it]
 43%|████▎     | 3/7 [00:40<00:54, 13.65s/it]
 57%|█████▋    | 4/7 [00:54<00:41, 13.67s/it]
 71%|███████▏  | 5/7 [01:08<00:27, 13.67s/it]
 86%|████████▌ | 6/7 [01:21<00:13, 13.64s/it]
100%|██████████| 7/7 [01:31<00:00, 12.40s/it]
100%|██████████| 7/7 [01:31<00:00, 13.10s/it]
Loss: 0.2825800493528454, accuracy: 92.6620101928711
Validating

  0%|          | 0/3 [00:00<?, ?it/s]
 33%|███▎      | 1/3 [00:13<00:26, 13.50s/it]
 67%|██████▋   | 2/3 [00:27<00:13, 13.53s/it]
100%|██████████| 3/3 [00:32<00:00,  9.83s/it]
100%|██████████| 3/3 [00:32<00:00, 10.82s/it]
Loss: 0.2784434248627712, accuracy: 92.99959564208984


Epoch: 25/50
Training

  0%|          | 0/7 [00:00<?, ?it/s]
 14%|█▍        | 1/7 [00:13<01:22, 13.68s/it]
 29%|██▊       | 2/7 [00:27<01:08, 13.60s/it]
 43%|████▎     | 3/7 [00:40<00:54, 13.62s/it]
 57%|█████▋    | 4/7 [00:54<00:40, 13.64s/it]
 71%|███████▏  | 5/7 [01:08<00:27, 13.65s/it]
 86%|████████▌ | 6/7 [01:21<00:13, 13.65s/it]
100%|██████████| 7/7 [01:31<00:00, 12.40s/it]
100%|██████████| 7/7 [01:31<00:00, 13.10s/it]
Loss: 0.27829851451324744, accuracy: 93.37401580810547
Validating

  0%|          | 0/3 [00:00<?, ?it/s]
 33%|███▎      | 1/3 [00:13<00:26, 13.48s/it]
 67%|██████▋   | 2/3 [00:26<00:13, 13.43s/it]
100%|██████████| 3/3 [00:32<00:00,  9.73s/it]
100%|██████████| 3/3 [00:32<00:00, 10.74s/it]
Loss: 0.2741002111256389, accuracy: 93.20309448242188


Epoch: 26/50
Training

  0%|          | 0/7 [00:00<?, ?it/s]
 14%|█▍        | 1/7 [00:13<01:21, 13.51s/it]
 29%|██▊       | 2/7 [00:27<01:07, 13.53s/it]
 43%|████▎     | 3/7 [00:40<00:54, 13.53s/it]
 57%|█████▋    | 4/7 [00:54<00:40, 13.55s/it]
 71%|███████▏  | 5/7 [01:07<00:27, 13.56s/it]
 86%|████████▌ | 6/7 [01:21<00:13, 13.57s/it]
100%|██████████| 7/7 [01:31<00:00, 12.31s/it]
100%|██████████| 7/7 [01:31<00:00, 13.01s/it]
Loss: 0.273817624291581, accuracy: 93.3304214477539
Validating

  0%|          | 0/3 [00:00<?, ?it/s]
 33%|███▎      | 1/3 [00:13<00:26, 13.37s/it]
 67%|██████▋   | 2/3 [00:26<00:13, 13.37s/it]
100%|██████████| 3/3 [00:32<00:00,  9.71s/it]
100%|██████████| 3/3 [00:32<00:00, 10.70s/it]
Loss: 0.2699655144497006, accuracy: 93.44729614257812


Epoch: 27/50
Training

  0%|          | 0/7 [00:00<?, ?it/s]
 14%|█▍        | 1/7 [00:13<01:21, 13.56s/it]
 29%|██▊       | 2/7 [00:27<01:07, 13.59s/it]
 43%|████▎     | 3/7 [00:40<00:54, 13.60s/it]
 57%|█████▋    | 4/7 [00:54<00:40, 13.59s/it]
 71%|███████▏  | 5/7 [01:07<00:27, 13.59s/it]
 86%|████████▌ | 6/7 [01:21<00:13, 13.58s/it]
100%|██████████| 7/7 [01:31<00:00, 12.33s/it]
100%|██████████| 7/7 [01:31<00:00, 13.04s/it]
Loss: 0.27005759938204577, accuracy: 93.60650634765625
Validating

  0%|          | 0/3 [00:00<?, ?it/s]
 33%|███▎      | 1/3 [00:13<00:26, 13.41s/it]
 67%|██████▋   | 2/3 [00:26<00:13, 13.42s/it]
100%|██████████| 3/3 [00:32<00:00,  9.74s/it]
100%|██████████| 3/3 [00:32<00:00, 10.73s/it]
Loss: 0.26620367266416645, accuracy: 93.8949966430664


Epoch: 28/50
Training

  0%|          | 0/7 [00:00<?, ?it/s]
 14%|█▍        | 1/7 [00:13<01:21, 13.58s/it]
 29%|██▊       | 2/7 [00:27<01:07, 13.58s/it]
 43%|████▎     | 3/7 [00:40<00:54, 13.57s/it]
 57%|█████▋    | 4/7 [00:54<00:40, 13.56s/it]
 71%|███████▏  | 5/7 [01:07<00:27, 13.56s/it]
 86%|████████▌ | 6/7 [01:21<00:13, 13.55s/it]
100%|██████████| 7/7 [01:31<00:00, 12.31s/it]
100%|██████████| 7/7 [01:31<00:00, 13.01s/it]
Loss: 0.26534095910599464, accuracy: 93.7372817993164
Validating

  0%|          | 0/3 [00:00<?, ?it/s]
 33%|███▎      | 1/3 [00:13<00:26, 13.38s/it]
 67%|██████▋   | 2/3 [00:26<00:13, 13.38s/it]
100%|██████████| 3/3 [00:32<00:00,  9.71s/it]
100%|██████████| 3/3 [00:32<00:00, 10.70s/it]
Loss: 0.26243499303475404, accuracy: 93.8135986328125


Epoch: 29/50
Training

  0%|          | 0/7 [00:00<?, ?it/s]
 14%|█▍        | 1/7 [00:13<01:21, 13.57s/it]
 29%|██▊       | 2/7 [00:27<01:07, 13.56s/it]
 43%|████▎     | 3/7 [00:40<00:54, 13.56s/it]
 57%|█████▋    | 4/7 [00:54<00:40, 13.55s/it]
 71%|███████▏  | 5/7 [01:07<00:27, 13.55s/it]
 86%|████████▌ | 6/7 [01:21<00:13, 13.54s/it]
100%|██████████| 7/7 [01:30<00:00, 12.28s/it]
100%|██████████| 7/7 [01:30<00:00, 13.00s/it]
Loss: 0.26247454553937816, accuracy: 93.98430633544922
Validating

  0%|          | 0/3 [00:00<?, ?it/s]
 33%|███▎      | 1/3 [00:13<00:26, 13.34s/it]
 67%|██████▋   | 2/3 [00:26<00:13, 13.37s/it]
100%|██████████| 3/3 [00:32<00:00,  9.70s/it]
100%|██████████| 3/3 [00:32<00:00, 10.69s/it]
Loss: 0.25902857174463856, accuracy: 94.01709747314453


Epoch: 30/50
Training

  0%|          | 0/7 [00:00<?, ?it/s]
 14%|█▍        | 1/7 [00:13<01:21, 13.55s/it]
 29%|██▊       | 2/7 [00:27<01:07, 13.55s/it]
 43%|████▎     | 3/7 [00:40<00:54, 13.54s/it]
 57%|█████▋    | 4/7 [00:54<00:40, 13.55s/it]
 71%|███████▏  | 5/7 [01:07<00:27, 13.55s/it]
 86%|████████▌ | 6/7 [01:21<00:13, 13.55s/it]
100%|██████████| 7/7 [01:31<00:00, 12.30s/it]
100%|██████████| 7/7 [01:31<00:00, 13.00s/it]
Loss: 0.25916402327723365, accuracy: 93.8825912475586
Validating

  0%|          | 0/3 [00:00<?, ?it/s]
 33%|███▎      | 1/3 [00:13<00:26, 13.39s/it]
 67%|██████▋   | 2/3 [00:26<00:13, 13.38s/it]
100%|██████████| 3/3 [00:32<00:00,  9.71s/it]
100%|██████████| 3/3 [00:32<00:00, 10.70s/it]
Loss: 0.25589681319410257, accuracy: 94.302001953125


Epoch: 31/50
Training

  0%|          | 0/7 [00:00<?, ?it/s]
 14%|█▍        | 1/7 [00:13<01:20, 13.49s/it]
 29%|██▊       | 2/7 [00:27<01:07, 13.51s/it]
 43%|████▎     | 3/7 [00:40<00:54, 13.51s/it]
 57%|█████▋    | 4/7 [00:54<00:40, 13.52s/it]
 71%|███████▏  | 5/7 [01:07<00:27, 13.51s/it]
 86%|████████▌ | 6/7 [01:21<00:13, 13.52s/it]
100%|██████████| 7/7 [01:30<00:00, 12.28s/it]
100%|██████████| 7/7 [01:30<00:00, 12.97s/it]
Loss: 0.25621142716679385, accuracy: 94.49287414550781
Validating

  0%|          | 0/3 [00:00<?, ?it/s]
 33%|███▎      | 1/3 [00:13<00:26, 13.36s/it]
 67%|██████▋   | 2/3 [00:26<00:13, 13.36s/it]
100%|██████████| 3/3 [00:32<00:00,  9.70s/it]
100%|██████████| 3/3 [00:32<00:00, 10.69s/it]
Loss: 0.2525981452147748, accuracy: 94.13919830322266


Epoch: 32/50
Training

  0%|          | 0/7 [00:00<?, ?it/s]
 14%|█▍        | 1/7 [00:13<01:21, 13.54s/it]
 29%|██▊       | 2/7 [00:27<01:07, 13.56s/it]
 43%|████▎     | 3/7 [00:40<00:54, 13.54s/it]
 57%|█████▋    | 4/7 [00:54<00:40, 13.53s/it]
 71%|███████▏  | 5/7 [01:07<00:27, 13.55s/it]
 86%|████████▌ | 6/7 [01:21<00:13, 13.54s/it]
100%|██████████| 7/7 [01:30<00:00, 12.30s/it]
100%|██████████| 7/7 [01:30<00:00, 13.00s/it]
Loss: 0.2528447287178289, accuracy: 94.1441421508789
Validating

  0%|          | 0/3 [00:00<?, ?it/s]
 33%|███▎      | 1/3 [00:13<00:26, 13.38s/it]
 67%|██████▋   | 2/3 [00:26<00:13, 13.36s/it]
100%|██████████| 3/3 [00:32<00:00,  9.70s/it]
100%|██████████| 3/3 [00:32<00:00, 10.69s/it]
Loss: 0.24969051317999796, accuracy: 94.34269714355469


Epoch: 33/50
Training

  0%|          | 0/7 [00:00<?, ?it/s]
 14%|█▍        | 1/7 [00:13<01:20, 13.48s/it]
 29%|██▊       | 2/7 [00:27<01:07, 13.51s/it]
 43%|████▎     | 3/7 [00:40<00:54, 13.52s/it]
 57%|█████▋    | 4/7 [00:54<00:40, 13.52s/it]
 71%|███████▏  | 5/7 [01:07<00:27, 13.52s/it]
 86%|████████▌ | 6/7 [01:21<00:13, 13.51s/it]
100%|██████████| 7/7 [01:30<00:00, 12.27s/it]
100%|██████████| 7/7 [01:30<00:00, 12.97s/it]
Loss: 0.2495905338366757, accuracy: 94.73989868164062
Validating

  0%|          | 0/3 [00:00<?, ?it/s]
 33%|███▎      | 1/3 [00:13<00:26, 13.35s/it]
 67%|██████▋   | 2/3 [00:26<00:13, 13.37s/it]
100%|██████████| 3/3 [00:32<00:00,  9.71s/it]
100%|██████████| 3/3 [00:32<00:00, 10.69s/it]
Loss: 0.24703102574922906, accuracy: 94.58689880371094


Epoch: 34/50
Training

  0%|          | 0/7 [00:00<?, ?it/s]
 14%|█▍        | 1/7 [00:13<01:21, 13.52s/it]
 29%|██▊       | 2/7 [00:27<01:07, 13.52s/it]
 43%|████▎     | 3/7 [00:40<00:54, 13.53s/it]
 57%|█████▋    | 4/7 [00:54<00:40, 13.53s/it]
 71%|███████▏  | 5/7 [01:07<00:27, 13.53s/it]
 86%|████████▌ | 6/7 [01:21<00:13, 13.52s/it]
100%|██████████| 7/7 [01:30<00:00, 12.28s/it]
100%|██████████| 7/7 [01:30<00:00, 12.98s/it]
Loss: 0.24637239175423464, accuracy: 94.78349304199219
Validating

  0%|          | 0/3 [00:00<?, ?it/s]
 33%|███▎      | 1/3 [00:13<00:26, 13.32s/it]
 67%|██████▋   | 2/3 [00:26<00:13, 13.33s/it]
100%|██████████| 3/3 [00:32<00:00,  9.69s/it]
100%|██████████| 3/3 [00:32<00:00, 10.67s/it]
Loss: 0.2443233395634408, accuracy: 94.4240951538086


Epoch: 35/50
Training

  0%|          | 0/7 [00:00<?, ?it/s]
 14%|█▍        | 1/7 [00:13<01:21, 13.52s/it]
 29%|██▊       | 2/7 [00:27<01:07, 13.55s/it]
 43%|████▎     | 3/7 [00:40<00:54, 13.55s/it]
 57%|█████▋    | 4/7 [00:54<00:40, 13.53s/it]
 71%|███████▏  | 5/7 [01:07<00:27, 13.54s/it]
 86%|████████▌ | 6/7 [01:21<00:13, 13.54s/it]
100%|██████████| 7/7 [01:30<00:00, 12.29s/it]
100%|██████████| 7/7 [01:30<00:00, 12.99s/it]
Loss: 0.2434881613182488, accuracy: 94.69630432128906
Validating

  0%|          | 0/3 [00:00<?, ?it/s]
 33%|███▎      | 1/3 [00:13<00:26, 13.33s/it]
 67%|██████▋   | 2/3 [00:26<00:13, 13.35s/it]
100%|██████████| 3/3 [00:32<00:00,  9.69s/it]
100%|██████████| 3/3 [00:32<00:00, 10.68s/it]
Loss: 0.2421928865908606, accuracy: 94.83110046386719


Epoch: 36/50
Training

  0%|          | 0/7 [00:00<?, ?it/s]
 14%|█▍        | 1/7 [00:13<01:20, 13.50s/it]
 29%|██▊       | 2/7 [00:27<01:07, 13.52s/it]
 43%|████▎     | 3/7 [00:40<00:54, 13.53s/it]
 57%|█████▋    | 4/7 [00:54<00:40, 13.54s/it]
 71%|███████▏  | 5/7 [01:07<00:27, 13.54s/it]
 86%|████████▌ | 6/7 [01:21<00:13, 13.54s/it]
100%|██████████| 7/7 [01:30<00:00, 12.29s/it]
100%|██████████| 7/7 [01:30<00:00, 12.99s/it]
Loss: 0.2416453823139764, accuracy: 94.92879486083984
Validating

  0%|          | 0/3 [00:00<?, ?it/s]
 33%|███▎      | 1/3 [00:13<00:26, 13.36s/it]
 67%|██████▋   | 2/3 [00:26<00:13, 13.36s/it]
100%|██████████| 3/3 [00:32<00:00,  9.70s/it]
100%|██████████| 3/3 [00:32<00:00, 10.69s/it]
Loss: 0.2395996354038171, accuracy: 94.9124984741211


Epoch: 37/50
Training

  0%|          | 0/7 [00:00<?, ?it/s]
 14%|█▍        | 1/7 [00:13<01:20, 13.49s/it]
 29%|██▊       | 2/7 [00:27<01:07, 13.51s/it]
 43%|████▎     | 3/7 [00:40<00:54, 13.50s/it]
 57%|█████▋    | 4/7 [00:53<00:40, 13.50s/it]
 71%|███████▏  | 5/7 [01:07<00:26, 13.49s/it]
 86%|████████▌ | 6/7 [01:20<00:13, 13.49s/it]
100%|██████████| 7/7 [01:30<00:00, 12.25s/it]
100%|██████████| 7/7 [01:30<00:00, 12.95s/it]
Loss: 0.23992727453956006, accuracy: 95.01597595214844
Validating

  0%|          | 0/3 [00:00<?, ?it/s]
 33%|███▎      | 1/3 [00:13<00:26, 13.29s/it]
 67%|██████▋   | 2/3 [00:26<00:13, 13.30s/it]
100%|██████████| 3/3 [00:31<00:00,  9.66s/it]
100%|██████████| 3/3 [00:31<00:00, 10.64s/it]
Loss: 0.23730589813898867, accuracy: 94.99390411376953


Epoch: 38/50
Training

  0%|          | 0/7 [00:00<?, ?it/s]
 14%|█▍        | 1/7 [00:13<01:20, 13.48s/it]
 29%|██▊       | 2/7 [00:26<01:07, 13.48s/it]
 43%|████▎     | 3/7 [00:40<00:53, 13.49s/it]
 57%|█████▋    | 4/7 [00:53<00:40, 13.49s/it]
 71%|███████▏  | 5/7 [01:07<00:26, 13.50s/it]
 86%|████████▌ | 6/7 [01:20<00:13, 13.49s/it]
100%|██████████| 7/7 [01:30<00:00, 12.26s/it]
100%|██████████| 7/7 [01:30<00:00, 12.95s/it]
Loss: 0.23649254650856236, accuracy: 95.14675903320312
Validating

  0%|          | 0/3 [00:00<?, ?it/s]
 33%|███▎      | 1/3 [00:13<00:26, 13.33s/it]
 67%|██████▋   | 2/3 [00:26<00:13, 13.34s/it]
100%|██████████| 3/3 [00:32<00:00,  9.68s/it]
100%|██████████| 3/3 [00:32<00:00, 10.67s/it]
Loss: 0.23549309868394333, accuracy: 95.11600494384766


Epoch: 39/50
Training

  0%|          | 0/7 [00:00<?, ?it/s]
 14%|█▍        | 1/7 [00:13<01:20, 13.48s/it]
 29%|██▊       | 2/7 [00:26<01:07, 13.48s/it]
 43%|████▎     | 3/7 [00:40<00:53, 13.48s/it]
 57%|█████▋    | 4/7 [00:53<00:40, 13.49s/it]
 71%|███████▏  | 5/7 [01:07<00:26, 13.50s/it]
 86%|████████▌ | 6/7 [01:20<00:13, 13.49s/it]
100%|██████████| 7/7 [01:30<00:00, 12.26s/it]
100%|██████████| 7/7 [01:30<00:00, 12.95s/it]
Loss: 0.23500621094065535, accuracy: 95.16128540039062
Validating

  0%|          | 0/3 [00:00<?, ?it/s]
 33%|███▎      | 1/3 [00:13<00:26, 13.32s/it]
 67%|██████▋   | 2/3 [00:26<00:13, 13.34s/it]
100%|██████████| 3/3 [00:32<00:00,  9.69s/it]
100%|██████████| 3/3 [00:32<00:00, 10.67s/it]
Loss: 0.2333714743127753, accuracy: 94.9124984741211


Epoch: 40/50
Training

  0%|          | 0/7 [00:00<?, ?it/s]
 14%|█▍        | 1/7 [00:13<01:20, 13.49s/it]
 29%|██▊       | 2/7 [00:27<01:07, 13.51s/it]
 43%|████▎     | 3/7 [00:40<00:53, 13.50s/it]
 57%|█████▋    | 4/7 [00:53<00:40, 13.50s/it]
 71%|███████▏  | 5/7 [01:07<00:26, 13.50s/it]
 86%|████████▌ | 6/7 [01:20<00:13, 13.50s/it]
100%|██████████| 7/7 [01:30<00:00, 12.26s/it]
100%|██████████| 7/7 [01:30<00:00, 12.96s/it]
Loss: 0.2328876668597612, accuracy: 95.24847412109375
Validating

  0%|          | 0/3 [00:00<?, ?it/s]
 33%|███▎      | 1/3 [00:13<00:26, 13.32s/it]
 67%|██████▋   | 2/3 [00:26<00:13, 13.32s/it]
100%|██████████| 3/3 [00:31<00:00,  9.68s/it]
100%|██████████| 3/3 [00:31<00:00, 10.66s/it]
Loss: 0.23159264310084565, accuracy: 95.0752944946289


Epoch: 41/50
Training

  0%|          | 0/7 [00:00<?, ?it/s]
 14%|█▍        | 1/7 [00:13<01:20, 13.49s/it]
 29%|██▊       | 2/7 [00:26<01:07, 13.50s/it]
 43%|████▎     | 3/7 [00:40<00:53, 13.50s/it]
 57%|█████▋    | 4/7 [00:53<00:40, 13.50s/it]
 71%|███████▏  | 5/7 [01:07<00:27, 13.50s/it]
 86%|████████▌ | 6/7 [01:21<00:13, 13.55s/it]
100%|██████████| 7/7 [01:30<00:00, 12.32s/it]
100%|██████████| 7/7 [01:30<00:00, 12.99s/it]
Loss: 0.23176779653644256, accuracy: 95.68439483642578
Validating

  0%|          | 0/3 [00:00<?, ?it/s]
 33%|███▎      | 1/3 [00:13<00:26, 13.44s/it]
 67%|██████▋   | 2/3 [00:26<00:13, 13.45s/it]
100%|██████████| 3/3 [00:32<00:00,  9.80s/it]
100%|██████████| 3/3 [00:32<00:00, 10.78s/it]
Loss: 0.22974739576385522, accuracy: 95.11600494384766


Epoch: 42/50
Training

  0%|          | 0/7 [00:00<?, ?it/s]
 14%|█▍        | 1/7 [00:13<01:21, 13.57s/it]
 29%|██▊       | 2/7 [00:27<01:07, 13.57s/it]
 43%|████▎     | 3/7 [00:40<00:54, 13.58s/it]
 57%|█████▋    | 4/7 [00:54<00:40, 13.58s/it]
 71%|███████▏  | 5/7 [01:07<00:27, 13.56s/it]
 86%|████████▌ | 6/7 [01:21<00:13, 13.56s/it]
100%|██████████| 7/7 [01:31<00:00, 12.32s/it]
100%|██████████| 7/7 [01:31<00:00, 13.02s/it]
Loss: 0.22915988270625304, accuracy: 95.30659484863281
Validating

  0%|          | 0/3 [00:00<?, ?it/s]
 33%|███▎      | 1/3 [00:13<00:26, 13.37s/it]
 67%|██████▋   | 2/3 [00:26<00:13, 13.38s/it]
100%|██████████| 3/3 [00:32<00:00,  9.73s/it]
100%|██████████| 3/3 [00:32<00:00, 10.71s/it]
Loss: 0.22810165068581184, accuracy: 95.19739532470703


Epoch: 43/50
Training

  0%|          | 0/7 [00:00<?, ?it/s]
 14%|█▍        | 1/7 [00:13<01:21, 13.58s/it]
 29%|██▊       | 2/7 [00:27<01:07, 13.58s/it]
 43%|████▎     | 3/7 [00:40<00:54, 13.58s/it]
 57%|█████▋    | 4/7 [00:54<00:40, 13.57s/it]
 71%|███████▏  | 5/7 [01:08<00:27, 13.63s/it]
 86%|████████▌ | 6/7 [01:21<00:13, 13.61s/it]
100%|██████████| 7/7 [01:31<00:00, 12.35s/it]
100%|██████████| 7/7 [01:31<00:00, 13.05s/it]
Loss: 0.22773031009573882, accuracy: 95.71345520019531
Validating

  0%|          | 0/3 [00:00<?, ?it/s]
 33%|███▎      | 1/3 [00:13<00:26, 13.37s/it]
 67%|██████▋   | 2/3 [00:26<00:13, 13.40s/it]
100%|██████████| 3/3 [00:32<00:00,  9.73s/it]
100%|██████████| 3/3 [00:32<00:00, 10.72s/it]
Loss: 0.22702333196470006, accuracy: 95.31949615478516


Epoch: 44/50
Training

  0%|          | 0/7 [00:00<?, ?it/s]
 14%|█▍        | 1/7 [00:13<01:21, 13.54s/it]
 29%|██▊       | 2/7 [00:27<01:07, 13.54s/it]
 43%|████▎     | 3/7 [00:40<00:54, 13.53s/it]
 57%|█████▋    | 4/7 [00:54<00:40, 13.53s/it]
 71%|███████▏  | 5/7 [01:07<00:27, 13.54s/it]
 86%|████████▌ | 6/7 [01:21<00:13, 13.54s/it]
100%|██████████| 7/7 [01:30<00:00, 12.31s/it]
100%|██████████| 7/7 [01:30<00:00, 13.00s/it]
Loss: 0.2253558787234957, accuracy: 95.61174011230469
Validating

  0%|          | 0/3 [00:00<?, ?it/s]
 33%|███▎      | 1/3 [00:13<00:26, 13.36s/it]
 67%|██████▋   | 2/3 [00:26<00:13, 13.37s/it]
100%|██████████| 3/3 [00:32<00:00,  9.71s/it]
100%|██████████| 3/3 [00:32<00:00, 10.70s/it]
Loss: 0.22501564937415142, accuracy: 95.19739532470703


Epoch: 45/50
Training

  0%|          | 0/7 [00:00<?, ?it/s]
 14%|█▍        | 1/7 [00:13<01:21, 13.54s/it]
 29%|██▊       | 2/7 [00:27<01:07, 13.54s/it]
 43%|████▎     | 3/7 [00:40<00:54, 13.54s/it]
 57%|█████▋    | 4/7 [00:54<00:40, 13.55s/it]
 71%|███████▏  | 5/7 [01:07<00:27, 13.56s/it]
 86%|████████▌ | 6/7 [01:21<00:13, 13.56s/it]
100%|██████████| 7/7 [01:31<00:00, 12.32s/it]
100%|██████████| 7/7 [01:31<00:00, 13.02s/it]
Loss: 0.2240866012903744, accuracy: 95.62627410888672
Validating

  0%|          | 0/3 [00:00<?, ?it/s]
 33%|███▎      | 1/3 [00:13<00:26, 13.38s/it]
 67%|██████▋   | 2/3 [00:26<00:13, 13.38s/it]
100%|██████████| 3/3 [00:32<00:00,  9.72s/it]
100%|██████████| 3/3 [00:32<00:00, 10.71s/it]
Loss: 0.2235031592370438, accuracy: 95.31949615478516


Epoch: 46/50
Training

  0%|          | 0/7 [00:00<?, ?it/s]
 14%|█▍        | 1/7 [00:13<01:21, 13.55s/it]
 29%|██▊       | 2/7 [00:27<01:07, 13.57s/it]
 43%|████▎     | 3/7 [00:40<00:54, 13.58s/it]
 57%|█████▋    | 4/7 [00:54<00:40, 13.58s/it]
 71%|███████▏  | 5/7 [01:07<00:27, 13.58s/it]
 86%|████████▌ | 6/7 [01:21<00:13, 13.58s/it]
100%|██████████| 7/7 [01:31<00:00, 12.35s/it]
100%|██████████| 7/7 [01:31<00:00, 13.04s/it]
Loss: 0.2231411106085507, accuracy: 95.84423065185547
Validating

  0%|          | 0/3 [00:00<?, ?it/s]
 33%|███▎      | 1/3 [00:13<00:26, 13.44s/it]
 67%|██████▋   | 2/3 [00:26<00:13, 13.43s/it]
100%|██████████| 3/3 [00:32<00:00,  9.75s/it]
100%|██████████| 3/3 [00:32<00:00, 10.75s/it]
Loss: 0.2220797905615786, accuracy: 95.23809814453125


Epoch: 47/50
Training

  0%|          | 0/7 [00:00<?, ?it/s]
 14%|█▍        | 1/7 [00:13<01:21, 13.57s/it]
 29%|██▊       | 2/7 [00:27<01:07, 13.59s/it]
 43%|████▎     | 3/7 [00:40<00:54, 13.58s/it]
 57%|█████▋    | 4/7 [00:54<00:40, 13.58s/it]
 71%|███████▏  | 5/7 [01:07<00:27, 13.58s/it]
 86%|████████▌ | 6/7 [01:21<00:13, 13.57s/it]
100%|██████████| 7/7 [01:31<00:00, 12.34s/it]
100%|██████████| 7/7 [01:31<00:00, 13.04s/it]
Loss: 0.22146275684137878, accuracy: 95.85875701904297
Validating

  0%|          | 0/3 [00:00<?, ?it/s]
 33%|███▎      | 1/3 [00:13<00:26, 13.41s/it]
 67%|██████▋   | 2/3 [00:26<00:13, 13.42s/it]
100%|██████████| 3/3 [00:32<00:00,  9.75s/it]
100%|██████████| 3/3 [00:32<00:00, 10.74s/it]
Loss: 0.22081149168430814, accuracy: 95.36019897460938


Epoch: 48/50
Training

  0%|          | 0/7 [00:00<?, ?it/s]
 14%|█▍        | 1/7 [00:13<01:21, 13.58s/it]
 29%|██▊       | 2/7 [00:27<01:07, 13.57s/it]
 43%|████▎     | 3/7 [00:40<00:54, 13.57s/it]
 57%|█████▋    | 4/7 [00:54<00:40, 13.57s/it]
 71%|███████▏  | 5/7 [01:07<00:27, 13.57s/it]
 86%|████████▌ | 6/7 [01:21<00:13, 13.57s/it]
100%|██████████| 7/7 [01:31<00:00, 12.33s/it]
100%|██████████| 7/7 [01:31<00:00, 13.03s/it]
Loss: 0.22042430489519174, accuracy: 95.82969665527344
Validating

  0%|          | 0/3 [00:00<?, ?it/s]
 33%|███▎      | 1/3 [00:13<00:26, 13.40s/it]
 67%|██████▋   | 2/3 [00:26<00:13, 13.43s/it]
100%|██████████| 3/3 [00:32<00:00,  9.75s/it]
100%|██████████| 3/3 [00:32<00:00, 10.74s/it]
Loss: 0.219570151949055, accuracy: 95.44159698486328


Epoch: 49/50
Training

  0%|          | 0/7 [00:00<?, ?it/s]
 14%|█▍        | 1/7 [00:13<01:21, 13.57s/it]
 29%|██▊       | 2/7 [00:27<01:07, 13.57s/it]
 43%|████▎     | 3/7 [00:40<00:54, 13.57s/it]
 57%|█████▋    | 4/7 [00:54<00:40, 13.56s/it]
 71%|███████▏  | 5/7 [01:07<00:27, 13.57s/it]
 86%|████████▌ | 6/7 [01:21<00:13, 13.57s/it]
100%|██████████| 7/7 [01:31<00:00, 12.33s/it]
100%|██████████| 7/7 [01:31<00:00, 13.03s/it]
Loss: 0.21953874170364457, accuracy: 96.00406646728516
Validating

  0%|          | 0/3 [00:00<?, ?it/s]
 33%|███▎      | 1/3 [00:13<00:26, 13.38s/it]
 67%|██████▋   | 2/3 [00:26<00:13, 13.41s/it]
100%|██████████| 3/3 [00:32<00:00,  9.74s/it]
100%|██████████| 3/3 [00:32<00:00, 10.73s/it]
Loss: 0.21835957718637836, accuracy: 95.44159698486328


Epoch: 50/50
Training

  0%|          | 0/7 [00:00<?, ?it/s]
 14%|█▍        | 1/7 [00:13<01:21, 13.58s/it]
 29%|██▊       | 2/7 [00:27<01:07, 13.58s/it]
 43%|████▎     | 3/7 [00:40<00:54, 13.58s/it]
 57%|█████▋    | 4/7 [00:54<00:40, 13.57s/it]
 71%|███████▏  | 5/7 [01:07<00:27, 13.58s/it]
 86%|████████▌ | 6/7 [01:21<00:13, 13.58s/it]
100%|██████████| 7/7 [01:31<00:00, 12.34s/it]
100%|██████████| 7/7 [01:31<00:00, 13.04s/it]
Loss: 0.21735089139964683, accuracy: 95.9459457397461
Validating

  0%|          | 0/3 [00:00<?, ?it/s]
 33%|███▎      | 1/3 [00:13<00:26, 13.43s/it]
 67%|██████▋   | 2/3 [00:26<00:13, 13.41s/it]
100%|██████████| 3/3 [00:32<00:00,  9.74s/it]
100%|██████████| 3/3 [00:32<00:00, 10.74s/it]
Loss: 0.21726057205711577, accuracy: 95.5636978149414


Training Time: 1.0h 43.0m 4.138787508010864s
Best validation accuracy: 95.5636978149414

  0%|          | 0/1 [00:00<?, ?it/s]
100%|██████████| 1/1 [00:06<00:00,  6.64s/it]
100%|██████████| 1/1 [00:06<00:00,  6.64s/it]

Evaluated on test set
accuracy: 95.316%, f1-score: 0.95315

Epoch: 1/80
Training

  0%|          | 0/7 [00:00<?, ?it/s]
 14%|█▍        | 1/7 [00:12<01:17, 12.86s/it]
 29%|██▊       | 2/7 [00:25<01:04, 12.82s/it]
 43%|████▎     | 3/7 [00:38<00:51, 12.84s/it]
 57%|█████▋    | 4/7 [00:51<00:38, 12.91s/it]
 71%|███████▏  | 5/7 [01:04<00:25, 12.99s/it]
 86%|████████▌ | 6/7 [01:17<00:13, 13.08s/it]
100%|██████████| 7/7 [01:27<00:00, 11.96s/it]
100%|██████████| 7/7 [01:27<00:00, 12.51s/it]
Loss: 0.6503758607683955, accuracy: 63.16477584838867
Validating

  0%|          | 0/3 [00:00<?, ?it/s]
 33%|███▎      | 1/3 [00:13<00:26, 13.29s/it]
 67%|██████▋   | 2/3 [00:26<00:13, 13.27s/it]
100%|██████████| 3/3 [00:31<00:00,  9.65s/it]
100%|██████████| 3/3 [00:31<00:00, 10.63s/it]
Loss: 0.6469759733928235, accuracy: 62.18966293334961


Epoch: 2/80
Training

  0%|          | 0/7 [00:00<?, ?it/s]
 14%|█▍        | 1/7 [00:13<01:20, 13.49s/it]
 29%|██▊       | 2/7 [00:27<01:07, 13.51s/it]
 43%|████▎     | 3/7 [00:40<00:53, 13.45s/it]
 57%|█████▋    | 4/7 [00:53<00:40, 13.45s/it]
 71%|███████▏  | 5/7 [01:07<00:26, 13.48s/it]
 86%|████████▌ | 6/7 [01:20<00:13, 13.52s/it]
100%|██████████| 7/7 [01:30<00:00, 12.31s/it]
100%|██████████| 7/7 [01:30<00:00, 12.97s/it]
Loss: 0.5933853432176696, accuracy: 72.58064270019531
Validating

  0%|          | 0/3 [00:00<?, ?it/s]
 33%|███▎      | 1/3 [00:13<00:26, 13.45s/it]
 67%|██████▋   | 2/3 [00:26<00:13, 13.48s/it]
100%|██████████| 3/3 [00:32<00:00,  9.78s/it]
100%|██████████| 3/3 [00:32<00:00, 10.78s/it]
Loss: 0.6178226634453698, accuracy: 65.32357025146484


Epoch: 3/80
Training

  0%|          | 0/7 [00:00<?, ?it/s]
 14%|█▍        | 1/7 [00:13<01:21, 13.65s/it]
 29%|██▊       | 2/7 [00:27<01:08, 13.67s/it]
 43%|████▎     | 3/7 [00:41<00:54, 13.70s/it]
 57%|█████▋    | 4/7 [00:54<00:41, 13.74s/it]
 71%|███████▏  | 5/7 [01:08<00:27, 13.76s/it]
 86%|████████▌ | 6/7 [01:22<00:13, 13.78s/it]
100%|██████████| 7/7 [01:32<00:00, 12.53s/it]
100%|██████████| 7/7 [01:32<00:00, 13.21s/it]
Loss: 0.5501001605596767, accuracy: 76.1261215209961
Validating

  0%|          | 0/3 [00:00<?, ?it/s]
 33%|███▎      | 1/3 [00:13<00:27, 13.67s/it]
 67%|██████▋   | 2/3 [00:27<00:13, 13.71s/it]
100%|██████████| 3/3 [00:32<00:00,  9.94s/it]
100%|██████████| 3/3 [00:32<00:00, 10.96s/it]
Loss: 0.5720430736528163, accuracy: 70.69596862792969


Epoch: 4/80
Training

  0%|          | 0/7 [00:00<?, ?it/s]
 14%|█▍        | 1/7 [00:13<01:23, 13.89s/it]
 29%|██▊       | 2/7 [00:27<01:09, 13.89s/it]
 43%|████▎     | 3/7 [00:41<00:55, 13.91s/it]
 57%|█████▋    | 4/7 [00:55<00:41, 13.91s/it]
 71%|███████▏  | 5/7 [01:09<00:27, 13.87s/it]
 86%|████████▌ | 6/7 [01:23<00:13, 13.81s/it]
100%|██████████| 7/7 [01:32<00:00, 12.51s/it]
100%|██████████| 7/7 [01:32<00:00, 13.28s/it]
Loss: 0.5176676065379262, accuracy: 77.70996856689453
Validating

  0%|          | 0/3 [00:00<?, ?it/s]
 33%|███▎      | 1/3 [00:13<00:26, 13.48s/it]
 67%|██████▋   | 2/3 [00:26<00:13, 13.46s/it]
100%|██████████| 3/3 [00:32<00:00,  9.78s/it]
100%|██████████| 3/3 [00:32<00:00, 10.77s/it]
Loss: 0.5337441115783005, accuracy: 74.84737396240234


Epoch: 5/80
Training

  0%|          | 0/7 [00:00<?, ?it/s]
 14%|█▍        | 1/7 [00:13<01:21, 13.61s/it]
 29%|██▊       | 2/7 [00:27<01:08, 13.66s/it]
 43%|████▎     | 3/7 [00:41<00:54, 13.68s/it]
 57%|█████▋    | 4/7 [00:54<00:41, 13.68s/it]
 71%|███████▏  | 5/7 [01:08<00:27, 13.68s/it]
 86%|████████▌ | 6/7 [01:22<00:13, 13.68s/it]
100%|██████████| 7/7 [01:31<00:00, 12.43s/it]
100%|██████████| 7/7 [01:31<00:00, 13.13s/it]
Loss: 0.4921488551960474, accuracy: 78.84335327148438
Validating

  0%|          | 0/3 [00:00<?, ?it/s]
 33%|███▎      | 1/3 [00:13<00:27, 13.54s/it]
 67%|██████▋   | 2/3 [00:27<00:13, 13.56s/it]
100%|██████████| 3/3 [00:32<00:00,  9.83s/it]
100%|██████████| 3/3 [00:32<00:00, 10.83s/it]
Loss: 0.5012638878545773, accuracy: 77.7370834350586


Epoch: 6/80
Training

  0%|          | 0/7 [00:00<?, ?it/s]
 14%|█▍        | 1/7 [00:13<01:22, 13.67s/it]
 29%|██▊       | 2/7 [00:27<01:08, 13.70s/it]
 43%|████▎     | 3/7 [00:41<00:54, 13.70s/it]
 57%|█████▋    | 4/7 [00:54<00:41, 13.70s/it]
 71%|███████▏  | 5/7 [01:08<00:27, 13.71s/it]
 86%|████████▌ | 6/7 [01:22<00:13, 13.71s/it]
100%|██████████| 7/7 [01:32<00:00, 12.45s/it]
100%|██████████| 7/7 [01:32<00:00, 13.16s/it]
Loss: 0.4707339695635593, accuracy: 79.93315124511719
Validating

  0%|          | 0/3 [00:00<?, ?it/s]
 33%|███▎      | 1/3 [00:13<00:27, 13.52s/it]
 67%|██████▋   | 2/3 [00:27<00:13, 13.55s/it]
100%|██████████| 3/3 [00:32<00:00,  9.81s/it]
100%|██████████| 3/3 [00:32<00:00, 10.82s/it]
Loss: 0.476499302556081, accuracy: 79.03948211669922


Epoch: 7/80
Training

  0%|          | 0/7 [00:00<?, ?it/s]
 14%|█▍        | 1/7 [00:13<01:22, 13.76s/it]
 29%|██▊       | 2/7 [00:27<01:08, 13.76s/it]
 43%|████▎     | 3/7 [00:41<00:55, 13.77s/it]
 57%|█████▋    | 4/7 [00:55<00:41, 13.76s/it]
 71%|███████▏  | 5/7 [01:08<00:27, 13.75s/it]
 86%|████████▌ | 6/7 [01:22<00:13, 13.74s/it]
100%|██████████| 7/7 [01:32<00:00, 12.48s/it]
100%|██████████| 7/7 [01:32<00:00, 13.20s/it]
Loss: 0.45122174077240473, accuracy: 81.3426284790039
Validating

  0%|          | 0/3 [00:00<?, ?it/s]
 33%|███▎      | 1/3 [00:13<00:27, 13.57s/it]
 67%|██████▋   | 2/3 [00:27<00:13, 13.60s/it]
100%|██████████| 3/3 [00:32<00:00,  9.85s/it]
100%|██████████| 3/3 [00:32<00:00, 10.86s/it]
Loss: 0.45668094400521164, accuracy: 80.87098693847656


Epoch: 8/80
Training

  0%|          | 0/7 [00:00<?, ?it/s]
 14%|█▍        | 1/7 [00:13<01:22, 13.82s/it]
 29%|██▊       | 2/7 [00:27<01:08, 13.78s/it]
 43%|████▎     | 3/7 [00:41<00:55, 13.78s/it]
 57%|█████▋    | 4/7 [00:55<00:41, 13.77s/it]
 71%|███████▏  | 5/7 [01:08<00:27, 13.77s/it]
 86%|████████▌ | 6/7 [01:22<00:13, 13.77s/it]
100%|██████████| 7/7 [01:32<00:00, 12.51s/it]
100%|██████████| 7/7 [01:32<00:00, 13.22s/it]
Loss: 0.4333852051354813, accuracy: 82.7375717163086
Validating

  0%|          | 0/3 [00:00<?, ?it/s]
 33%|███▎      | 1/3 [00:13<00:27, 13.59s/it]
 67%|██████▋   | 2/3 [00:27<00:13, 13.58s/it]
100%|██████████| 3/3 [00:32<00:00,  9.85s/it]
100%|██████████| 3/3 [00:32<00:00, 10.86s/it]
Loss: 0.43938617365215676, accuracy: 81.84778594970703


Epoch: 9/80
Training

  0%|          | 0/7 [00:00<?, ?it/s]
 14%|█▍        | 1/7 [00:13<01:22, 13.74s/it]
 29%|██▊       | 2/7 [00:27<01:08, 13.74s/it]
 43%|████▎     | 3/7 [00:41<00:55, 13.76s/it]
 57%|█████▋    | 4/7 [00:55<00:41, 13.76s/it]
 71%|███████▏  | 5/7 [01:08<00:27, 13.76s/it]
 86%|████████▌ | 6/7 [01:22<00:13, 13.77s/it]
100%|██████████| 7/7 [01:32<00:00, 12.51s/it]
100%|██████████| 7/7 [01:32<00:00, 13.22s/it]
Loss: 0.4171258972519811, accuracy: 83.98721313476562
Validating

  0%|          | 0/3 [00:00<?, ?it/s]
 33%|███▎      | 1/3 [00:13<00:27, 13.59s/it]
 67%|██████▋   | 2/3 [00:27<00:13, 13.61s/it]
100%|██████████| 3/3 [00:32<00:00,  9.86s/it]
100%|██████████| 3/3 [00:32<00:00, 10.87s/it]
Loss: 0.4237264547471259, accuracy: 83.35368347167969


Epoch: 10/80
Training

  0%|          | 0/7 [00:00<?, ?it/s]
 14%|█▍        | 1/7 [00:13<01:22, 13.83s/it]
 29%|██▊       | 2/7 [00:27<01:09, 13.80s/it]
 43%|████▎     | 3/7 [00:41<00:55, 13.79s/it]
 57%|█████▋    | 4/7 [00:55<00:41, 13.81s/it]
 71%|███████▏  | 5/7 [01:09<00:27, 13.80s/it]
 86%|████████▌ | 6/7 [01:22<00:13, 13.81s/it]
100%|██████████| 7/7 [01:32<00:00, 12.55s/it]
100%|██████████| 7/7 [01:32<00:00, 13.26s/it]
Loss: 0.40246889823157234, accuracy: 85.0624771118164
Validating

  0%|          | 0/3 [00:00<?, ?it/s]
 33%|███▎      | 1/3 [00:13<00:27, 13.64s/it]
 67%|██████▋   | 2/3 [00:27<00:13, 13.63s/it]
100%|██████████| 3/3 [00:32<00:00,  9.88s/it]
100%|██████████| 3/3 [00:32<00:00, 10.89s/it]
Loss: 0.4093931538693828, accuracy: 84.5746841430664


Epoch: 11/80
Training

  0%|          | 0/7 [00:00<?, ?it/s]
 14%|█▍        | 1/7 [00:13<01:23, 13.90s/it]
 29%|██▊       | 2/7 [00:27<01:09, 13.85s/it]
 43%|████▎     | 3/7 [00:41<00:55, 13.83s/it]
 57%|█████▋    | 4/7 [00:55<00:41, 13.83s/it]
 71%|███████▏  | 5/7 [01:09<00:27, 13.83s/it]
 86%|████████▌ | 6/7 [01:23<00:13, 13.83s/it]
100%|██████████| 7/7 [01:33<00:00, 12.58s/it]
100%|██████████| 7/7 [01:33<00:00, 13.29s/it]
Loss: 0.3883529441521563, accuracy: 86.31211853027344
Validating

  0%|          | 0/3 [00:00<?, ?it/s]
 33%|███▎      | 1/3 [00:13<00:27, 13.70s/it]
 67%|██████▋   | 2/3 [00:27<00:13, 13.73s/it]
100%|██████████| 3/3 [00:32<00:00,  9.98s/it]
100%|██████████| 3/3 [00:32<00:00, 10.99s/it]
Loss: 0.3962134260397691, accuracy: 85.67359161376953


Epoch: 12/80
Training

  0%|          | 0/7 [00:00<?, ?it/s]
 14%|█▍        | 1/7 [00:13<01:23, 13.90s/it]
 29%|██▊       | 2/7 [00:27<01:09, 13.87s/it]
 43%|████▎     | 3/7 [00:41<00:55, 13.87s/it]
 57%|█████▋    | 4/7 [00:55<00:41, 13.87s/it]
 71%|███████▏  | 5/7 [01:09<00:27, 13.88s/it]
 86%|████████▌ | 6/7 [01:23<00:13, 13.87s/it]
100%|██████████| 7/7 [01:33<00:00, 12.61s/it]
100%|██████████| 7/7 [01:33<00:00, 13.32s/it]
Loss: 0.37614098513448563, accuracy: 87.37284851074219
Validating

  0%|          | 0/3 [00:00<?, ?it/s]
 33%|███▎      | 1/3 [00:13<00:27, 13.73s/it]
 67%|██████▋   | 2/3 [00:27<00:13, 13.72s/it]
100%|██████████| 3/3 [00:32<00:00,  9.96s/it]
100%|██████████| 3/3 [00:32<00:00, 10.98s/it]
Loss: 0.38397703500215147, accuracy: 86.48759460449219


Epoch: 13/80
Training

  0%|          | 0/7 [00:00<?, ?it/s]
 14%|█▍        | 1/7 [00:13<01:22, 13.75s/it]
 29%|██▊       | 2/7 [00:27<01:08, 13.78s/it]
 43%|████▎     | 3/7 [00:41<00:55, 13.79s/it]
 57%|█████▋    | 4/7 [00:55<00:41, 13.79s/it]
 71%|███████▏  | 5/7 [01:08<00:27, 13.80s/it]
 86%|████████▌ | 6/7 [01:22<00:13, 13.81s/it]
100%|██████████| 7/7 [01:32<00:00, 12.54s/it]
100%|██████████| 7/7 [01:32<00:00, 13.24s/it]
Loss: 0.3639316006789059, accuracy: 88.53530883789062
Validating

  0%|          | 0/3 [00:00<?, ?it/s]
 33%|███▎      | 1/3 [00:13<00:27, 13.65s/it]
 67%|██████▋   | 2/3 [00:27<00:13, 13.64s/it]
100%|██████████| 3/3 [00:32<00:00,  9.89s/it]
100%|██████████| 3/3 [00:32<00:00, 10.90s/it]
Loss: 0.3728709844709365, accuracy: 86.85388946533203


Epoch: 14/80
Training

  0%|          | 0/7 [00:00<?, ?it/s]
 14%|█▍        | 1/7 [00:13<01:22, 13.77s/it]
 29%|██▊       | 2/7 [00:27<01:09, 13.81s/it]
 43%|████▎     | 3/7 [00:41<00:55, 13.78s/it]
 57%|█████▋    | 4/7 [00:55<00:41, 13.78s/it]
 71%|███████▏  | 5/7 [01:08<00:27, 13.78s/it]
 86%|████████▌ | 6/7 [01:22<00:13, 13.79s/it]
100%|██████████| 7/7 [01:32<00:00, 12.53s/it]
100%|██████████| 7/7 [01:32<00:00, 13.24s/it]
Loss: 0.3529991441533788, accuracy: 88.88404083251953
Validating

  0%|          | 0/3 [00:00<?, ?it/s]
 33%|███▎      | 1/3 [00:13<00:27, 13.67s/it]
 67%|██████▋   | 2/3 [00:27<00:13, 13.64s/it]
100%|██████████| 3/3 [00:32<00:00,  9.89s/it]
100%|██████████| 3/3 [00:32<00:00, 10.91s/it]
Loss: 0.36247715454641083, accuracy: 87.83069610595703


Epoch: 15/80
Training

  0%|          | 0/7 [00:00<?, ?it/s]
 14%|█▍        | 1/7 [00:13<01:23, 13.85s/it]
 29%|██▊       | 2/7 [00:27<01:09, 13.83s/it]
 43%|████▎     | 3/7 [00:41<00:55, 13.81s/it]
 57%|█████▋    | 4/7 [00:55<00:41, 13.82s/it]
 71%|███████▏  | 5/7 [01:09<00:27, 13.81s/it]
 86%|████████▌ | 6/7 [01:22<00:13, 13.82s/it]
100%|██████████| 7/7 [01:32<00:00, 12.57s/it]
100%|██████████| 7/7 [01:32<00:00, 13.27s/it]
Loss: 0.3432418893707661, accuracy: 89.55245208740234
Validating

  0%|          | 0/3 [00:00<?, ?it/s]
 33%|███▎      | 1/3 [00:13<00:27, 13.66s/it]
 67%|██████▋   | 2/3 [00:27<00:13, 13.67s/it]
100%|██████████| 3/3 [00:32<00:00,  9.94s/it]
100%|██████████| 3/3 [00:32<00:00, 10.95s/it]
Loss: 0.3530811895356704, accuracy: 87.78998565673828


Epoch: 16/80
Training

  0%|          | 0/7 [00:00<?, ?it/s]
 14%|█▍        | 1/7 [00:13<01:23, 13.87s/it]
 29%|██▊       | 2/7 [00:27<01:09, 13.86s/it]
 43%|████▎     | 3/7 [00:41<00:55, 13.87s/it]
 57%|█████▋    | 4/7 [00:55<00:41, 13.85s/it]
 71%|███████▏  | 5/7 [01:09<00:27, 13.85s/it]
 86%|████████▌ | 6/7 [01:23<00:13, 13.89s/it]
100%|██████████| 7/7 [01:33<00:00, 12.61s/it]
100%|██████████| 7/7 [01:33<00:00, 13.32s/it]
Loss: 0.3341796548257072, accuracy: 90.03196716308594
Validating

  0%|          | 0/3 [00:00<?, ?it/s]
 33%|███▎      | 1/3 [00:13<00:27, 13.72s/it]
 67%|██████▋   | 2/3 [00:27<00:13, 13.61s/it]
100%|██████████| 3/3 [00:32<00:00,  9.86s/it]
100%|██████████| 3/3 [00:32<00:00, 10.88s/it]
Loss: 0.34397337414357637, accuracy: 89.05169677734375


Epoch: 17/80
Training

  0%|          | 0/7 [00:00<?, ?it/s]
 14%|█▍        | 1/7 [00:13<01:22, 13.82s/it]
 29%|██▊       | 2/7 [00:27<01:09, 13.84s/it]
 43%|████▎     | 3/7 [00:41<00:55, 13.85s/it]
 57%|█████▋    | 4/7 [00:55<00:41, 13.83s/it]
 71%|███████▏  | 5/7 [01:09<00:27, 13.81s/it]
 86%|████████▌ | 6/7 [01:22<00:13, 13.81s/it]
100%|██████████| 7/7 [01:32<00:00, 12.54s/it]
100%|██████████| 7/7 [01:32<00:00, 13.26s/it]
Loss: 0.3255882601133788, accuracy: 90.43882751464844
Validating

  0%|          | 0/3 [00:00<?, ?it/s]
 33%|███▎      | 1/3 [00:13<00:27, 13.58s/it]
 67%|██████▋   | 2/3 [00:27<00:13, 13.57s/it]
100%|██████████| 3/3 [00:32<00:00,  9.85s/it]
100%|██████████| 3/3 [00:32<00:00, 10.86s/it]
Loss: 0.335802028576533, accuracy: 89.25518798828125


Epoch: 18/80
Training

  0%|          | 0/7 [00:00<?, ?it/s]
 14%|█▍        | 1/7 [00:13<01:23, 13.86s/it]
 29%|██▊       | 2/7 [00:27<01:09, 13.90s/it]
 43%|████▎     | 3/7 [00:41<00:55, 13.87s/it]
 57%|█████▋    | 4/7 [00:55<00:41, 13.87s/it]
 71%|███████▏  | 5/7 [01:09<00:27, 13.87s/it]
 86%|████████▌ | 6/7 [01:23<00:13, 13.86s/it]
100%|██████████| 7/7 [01:33<00:00, 12.58s/it]
100%|██████████| 7/7 [01:33<00:00, 13.31s/it]
Loss: 0.31785834898300136, accuracy: 91.06364440917969
Validating

  0%|          | 0/3 [00:00<?, ?it/s]
 33%|███▎      | 1/3 [00:13<00:27, 13.56s/it]
 67%|██████▋   | 2/3 [00:27<00:13, 13.58s/it]
100%|██████████| 3/3 [00:32<00:00,  9.86s/it]
100%|██████████| 3/3 [00:32<00:00, 10.86s/it]
Loss: 0.3284636433283682, accuracy: 89.4179916381836


Epoch: 19/80
Training

  0%|          | 0/7 [00:00<?, ?it/s]
 14%|█▍        | 1/7 [00:13<01:22, 13.72s/it]
 29%|██▊       | 2/7 [00:27<01:08, 13.76s/it]
 43%|████▎     | 3/7 [00:41<00:55, 13.78s/it]
 57%|█████▋    | 4/7 [00:55<00:41, 13.79s/it]
 71%|███████▏  | 5/7 [01:08<00:27, 13.80s/it]
 86%|████████▌ | 6/7 [01:22<00:13, 13.81s/it]
100%|██████████| 7/7 [01:32<00:00, 12.55s/it]
100%|██████████| 7/7 [01:32<00:00, 13.24s/it]
Loss: 0.310243352082745, accuracy: 91.23800659179688
Validating

  0%|          | 0/3 [00:00<?, ?it/s]
 33%|███▎      | 1/3 [00:13<00:27, 13.62s/it]
 67%|██████▋   | 2/3 [00:27<00:13, 13.63s/it]
100%|██████████| 3/3 [00:32<00:00,  9.89s/it]
100%|██████████| 3/3 [00:32<00:00, 10.90s/it]
Loss: 0.3211041022763778, accuracy: 90.10989379882812


Epoch: 20/80
Training

  0%|          | 0/7 [00:00<?, ?it/s]
 14%|█▍        | 1/7 [00:13<01:22, 13.77s/it]
 29%|██▊       | 2/7 [00:27<01:09, 13.81s/it]
 43%|████▎     | 3/7 [00:41<00:55, 13.79s/it]
 57%|█████▋    | 4/7 [00:55<00:41, 13.79s/it]
 71%|███████▏  | 5/7 [01:08<00:27, 13.78s/it]
 86%|████████▌ | 6/7 [01:22<00:13, 13.79s/it]
100%|██████████| 7/7 [01:32<00:00, 12.52s/it]
100%|██████████| 7/7 [01:32<00:00, 13.24s/it]
Loss: 0.3033679770162306, accuracy: 91.89189147949219
Validating

  0%|          | 0/3 [00:00<?, ?it/s]
 33%|███▎      | 1/3 [00:13<00:27, 13.61s/it]
 67%|██████▋   | 2/3 [00:27<00:13, 13.63s/it]
100%|██████████| 3/3 [00:32<00:00,  9.88s/it]
100%|██████████| 3/3 [00:32<00:00, 10.89s/it]
Loss: 0.3147039904699221, accuracy: 90.63899230957031


Epoch: 21/80
Training

  0%|          | 0/7 [00:00<?, ?it/s]
 14%|█▍        | 1/7 [00:13<01:22, 13.80s/it]
 29%|██▊       | 2/7 [00:27<01:09, 13.84s/it]
 43%|████▎     | 3/7 [00:41<00:55, 13.88s/it]
 57%|█████▋    | 4/7 [00:55<00:41, 13.88s/it]
 71%|███████▏  | 5/7 [01:09<00:27, 13.89s/it]
 86%|████████▌ | 6/7 [01:23<00:13, 13.90s/it]
100%|██████████| 7/7 [01:33<00:00, 12.63s/it]
100%|██████████| 7/7 [01:33<00:00, 13.33s/it]
Loss: 0.29866371433494465, accuracy: 91.63034057617188
Validating

  0%|          | 0/3 [00:00<?, ?it/s]
 33%|███▎      | 1/3 [00:13<00:27, 13.71s/it]
 67%|██████▋   | 2/3 [00:27<00:13, 13.71s/it]
100%|██████████| 3/3 [00:32<00:00,  9.96s/it]
100%|██████████| 3/3 [00:32<00:00, 10.97s/it]
Loss: 0.3086243552384359, accuracy: 91.12739562988281


Epoch: 22/80
Training

  0%|          | 0/7 [00:00<?, ?it/s]
 14%|█▍        | 1/7 [00:13<01:22, 13.78s/it]
 29%|██▊       | 2/7 [00:27<01:09, 13.82s/it]
 43%|████▎     | 3/7 [00:41<00:55, 13.82s/it]
 57%|█████▋    | 4/7 [00:55<00:41, 13.81s/it]
 71%|███████▏  | 5/7 [01:09<00:27, 13.80s/it]
 86%|████████▌ | 6/7 [01:22<00:13, 13.80s/it]
100%|██████████| 7/7 [01:32<00:00, 12.52s/it]
100%|██████████| 7/7 [01:32<00:00, 13.25s/it]
Loss: 0.2916564908841085, accuracy: 92.6474838256836
Validating

  0%|          | 0/3 [00:00<?, ?it/s]
 33%|███▎      | 1/3 [00:13<00:27, 13.62s/it]
 67%|██████▋   | 2/3 [00:27<00:13, 13.71s/it]
100%|██████████| 3/3 [00:32<00:00,  9.93s/it]
100%|██████████| 3/3 [00:32<00:00, 10.94s/it]
Loss: 0.3029652696389418, accuracy: 91.57508850097656


Epoch: 23/80
Training

  0%|          | 0/7 [00:00<?, ?it/s]
 14%|█▍        | 1/7 [00:13<01:23, 13.85s/it]
 29%|██▊       | 2/7 [00:27<01:09, 13.82s/it]
 43%|████▎     | 3/7 [00:41<00:55, 13.81s/it]
 57%|█████▋    | 4/7 [00:55<00:41, 13.78s/it]
 71%|███████▏  | 5/7 [01:08<00:27, 13.76s/it]
 86%|████████▌ | 6/7 [01:22<00:13, 13.77s/it]
100%|██████████| 7/7 [01:32<00:00, 12.50s/it]
100%|██████████| 7/7 [01:32<00:00, 13.23s/it]
Loss: 0.28600341291214204, accuracy: 92.32781219482422
Validating

  0%|          | 0/3 [00:00<?, ?it/s]
 33%|███▎      | 1/3 [00:13<00:27, 13.59s/it]
 67%|██████▋   | 2/3 [00:27<00:13, 13.61s/it]
100%|██████████| 3/3 [00:32<00:00,  9.88s/it]
100%|██████████| 3/3 [00:32<00:00, 10.88s/it]
Loss: 0.2978659533221983, accuracy: 91.45299530029297


Epoch: 24/80
Training

  0%|          | 0/7 [00:00<?, ?it/s]
 14%|█▍        | 1/7 [00:13<01:22, 13.74s/it]
 29%|██▊       | 2/7 [00:27<01:08, 13.76s/it]
 43%|████▎     | 3/7 [00:41<00:55, 13.77s/it]
 57%|█████▋    | 4/7 [00:55<00:41, 13.75s/it]
 71%|███████▏  | 5/7 [01:08<00:27, 13.74s/it]
 86%|████████▌ | 6/7 [01:22<00:13, 13.74s/it]
100%|██████████| 7/7 [01:32<00:00, 12.49s/it]
100%|██████████| 7/7 [01:32<00:00, 13.20s/it]
Loss: 0.2813576954078342, accuracy: 93.0543441772461
Validating

  0%|          | 0/3 [00:00<?, ?it/s]
 33%|███▎      | 1/3 [00:13<00:27, 13.57s/it]
 67%|██████▋   | 2/3 [00:27<00:13, 13.57s/it]
100%|██████████| 3/3 [00:32<00:00,  9.85s/it]
100%|██████████| 3/3 [00:32<00:00, 10.85s/it]
Loss: 0.29268068109142814, accuracy: 91.98209381103516


Epoch: 25/80
Training

  0%|          | 0/7 [00:00<?, ?it/s]
 14%|█▍        | 1/7 [00:13<01:22, 13.74s/it]
 29%|██▊       | 2/7 [00:27<01:08, 13.76s/it]
 43%|████▎     | 3/7 [00:41<00:55, 13.77s/it]
 57%|█████▋    | 4/7 [00:55<00:41, 13.78s/it]
 71%|███████▏  | 5/7 [01:08<00:27, 13.79s/it]
 86%|████████▌ | 6/7 [01:22<00:13, 13.80s/it]
100%|██████████| 7/7 [01:32<00:00, 12.52s/it]
100%|██████████| 7/7 [01:32<00:00, 13.23s/it]
Loss: 0.2754185096932095, accuracy: 93.18511199951172
Validating

  0%|          | 0/3 [00:00<?, ?it/s]
 33%|███▎      | 1/3 [00:13<00:27, 13.58s/it]
 67%|██████▋   | 2/3 [00:27<00:13, 13.60s/it]
100%|██████████| 3/3 [00:32<00:00,  9.86s/it]
100%|██████████| 3/3 [00:32<00:00, 10.87s/it]
Loss: 0.2881569400836066, accuracy: 92.26699829101562


Epoch: 26/80
Training

  0%|          | 0/7 [00:00<?, ?it/s]
 14%|█▍        | 1/7 [00:13<01:23, 13.84s/it]
 29%|██▊       | 2/7 [00:27<01:09, 13.84s/it]
 43%|████▎     | 3/7 [00:41<00:55, 13.84s/it]
 57%|█████▋    | 4/7 [00:55<00:41, 13.85s/it]
 71%|███████▏  | 5/7 [01:09<00:27, 13.84s/it]
 86%|████████▌ | 6/7 [01:23<00:13, 13.83s/it]
100%|██████████| 7/7 [01:33<00:00, 12.57s/it]
100%|██████████| 7/7 [01:33<00:00, 13.29s/it]
Loss: 0.27137724154046095, accuracy: 93.53385925292969
Validating

  0%|          | 0/3 [00:00<?, ?it/s]
 33%|███▎      | 1/3 [00:13<00:27, 13.64s/it]
 67%|██████▋   | 2/3 [00:27<00:13, 13.66s/it]
100%|██████████| 3/3 [00:32<00:00,  9.93s/it]
100%|██████████| 3/3 [00:32<00:00, 10.93s/it]
Loss: 0.2839330762782425, accuracy: 92.30769348144531


Epoch: 27/80
Training

  0%|          | 0/7 [00:00<?, ?it/s]
 14%|█▍        | 1/7 [00:13<01:22, 13.71s/it]
 29%|██▊       | 2/7 [00:27<01:08, 13.73s/it]
 43%|████▎     | 3/7 [00:41<00:54, 13.73s/it]
 57%|█████▋    | 4/7 [00:54<00:41, 13.75s/it]
 71%|███████▏  | 5/7 [01:08<00:27, 13.73s/it]
 86%|████████▌ | 6/7 [01:22<00:13, 13.73s/it]
100%|██████████| 7/7 [01:32<00:00, 12.47s/it]
100%|██████████| 7/7 [01:32<00:00, 13.18s/it]
Loss: 0.2669261392640084, accuracy: 93.78087615966797
Validating

  0%|          | 0/3 [00:00<?, ?it/s]
 33%|███▎      | 1/3 [00:13<00:27, 13.53s/it]
 67%|██████▋   | 2/3 [00:27<00:13, 13.51s/it]
100%|██████████| 3/3 [00:32<00:00,  9.82s/it]
100%|██████████| 3/3 [00:32<00:00, 10.82s/it]
Loss: 0.27967866385521617, accuracy: 92.67399597167969


Epoch: 28/80
Training

  0%|          | 0/7 [00:00<?, ?it/s]
 14%|█▍        | 1/7 [00:13<01:22, 13.74s/it]
 29%|██▊       | 2/7 [00:27<01:09, 13.82s/it]
 43%|████▎     | 3/7 [00:41<00:55, 13.83s/it]
 57%|█████▋    | 4/7 [00:55<00:41, 13.84s/it]
 71%|███████▏  | 5/7 [01:09<00:27, 13.84s/it]
 86%|████████▌ | 6/7 [01:23<00:13, 13.85s/it]
100%|██████████| 7/7 [01:32<00:00, 12.58s/it]
100%|██████████| 7/7 [01:32<00:00, 13.28s/it]
Loss: 0.2628330279318131, accuracy: 93.86805725097656
Validating

  0%|          | 0/3 [00:00<?, ?it/s]
 33%|███▎      | 1/3 [00:13<00:27, 13.63s/it]
 67%|██████▋   | 2/3 [00:27<00:13, 13.66s/it]
100%|██████████| 3/3 [00:32<00:00,  9.93s/it]
100%|██████████| 3/3 [00:32<00:00, 10.93s/it]
Loss: 0.27623694145344696, accuracy: 92.79609680175781


Epoch: 29/80
Training

  0%|          | 0/7 [00:00<?, ?it/s]
 14%|█▍        | 1/7 [00:13<01:22, 13.72s/it]
 29%|██▊       | 2/7 [00:27<01:08, 13.74s/it]
 43%|████▎     | 3/7 [00:41<00:54, 13.75s/it]
 57%|█████▋    | 4/7 [00:55<00:41, 13.76s/it]
 71%|███████▏  | 5/7 [01:08<00:27, 13.76s/it]
 86%|████████▌ | 6/7 [01:22<00:13, 13.75s/it]
100%|██████████| 7/7 [01:32<00:00, 12.48s/it]
100%|██████████| 7/7 [01:32<00:00, 13.19s/it]
Loss: 0.25954012906644897, accuracy: 93.92617797851562
Validating

  0%|          | 0/3 [00:00<?, ?it/s]
 33%|███▎      | 1/3 [00:13<00:27, 13.65s/it]
 67%|██████▋   | 2/3 [00:27<00:13, 13.69s/it]
100%|██████████| 3/3 [00:32<00:00,  9.90s/it]
100%|██████████| 3/3 [00:32<00:00, 10.92s/it]
Loss: 0.2722789200646731, accuracy: 92.99959564208984


Epoch: 30/80
Training

  0%|          | 0/7 [00:00<?, ?it/s]
 14%|█▍        | 1/7 [00:13<01:22, 13.68s/it]
 29%|██▊       | 2/7 [00:27<01:08, 13.69s/it]
 43%|████▎     | 3/7 [00:41<00:54, 13.69s/it]
 57%|█████▋    | 4/7 [00:54<00:41, 13.69s/it]
 71%|███████▏  | 5/7 [01:08<00:27, 13.70s/it]
 86%|████████▌ | 6/7 [01:22<00:13, 13.70s/it]
100%|██████████| 7/7 [01:32<00:00, 12.44s/it]
100%|██████████| 7/7 [01:32<00:00, 13.15s/it]
Loss: 0.25730081605412386, accuracy: 94.28944396972656
Validating

  0%|          | 0/3 [00:00<?, ?it/s]
 33%|███▎      | 1/3 [00:13<00:27, 13.54s/it]
 67%|██████▋   | 2/3 [00:27<00:13, 13.55s/it]
100%|██████████| 3/3 [00:32<00:00,  9.83s/it]
100%|██████████| 3/3 [00:32<00:00, 10.83s/it]
Loss: 0.2691627915525611, accuracy: 93.12169647216797


Epoch: 31/80
Training

  0%|          | 0/7 [00:00<?, ?it/s]
 14%|█▍        | 1/7 [00:13<01:21, 13.65s/it]
 29%|██▊       | 2/7 [00:27<01:08, 13.68s/it]
 43%|████▎     | 3/7 [00:41<00:54, 13.69s/it]
 57%|█████▋    | 4/7 [00:54<00:41, 13.68s/it]
 71%|███████▏  | 5/7 [01:08<00:27, 13.68s/it]
 86%|████████▌ | 6/7 [01:22<00:13, 13.68s/it]
100%|██████████| 7/7 [01:31<00:00, 12.41s/it]
100%|██████████| 7/7 [01:31<00:00, 13.13s/it]
Loss: 0.25348523799606065, accuracy: 94.10054779052734
Validating

  0%|          | 0/3 [00:00<?, ?it/s]
 33%|███▎      | 1/3 [00:13<00:26, 13.49s/it]
 67%|██████▋   | 2/3 [00:27<00:13, 13.51s/it]
100%|██████████| 3/3 [00:32<00:00,  9.81s/it]
100%|██████████| 3/3 [00:32<00:00, 10.81s/it]
Loss: 0.2658726355386159, accuracy: 93.28449249267578


Epoch: 32/80
Training

  0%|          | 0/7 [00:00<?, ?it/s]
 14%|█▍        | 1/7 [00:13<01:21, 13.64s/it]
 29%|██▊       | 2/7 [00:27<01:08, 13.66s/it]
 43%|████▎     | 3/7 [00:41<00:54, 13.68s/it]
 57%|█████▋    | 4/7 [00:54<00:40, 13.67s/it]
 71%|███████▏  | 5/7 [01:08<00:27, 13.67s/it]
 86%|████████▌ | 6/7 [01:22<00:13, 13.69s/it]
100%|██████████| 7/7 [01:31<00:00, 12.44s/it]
100%|██████████| 7/7 [01:31<00:00, 13.13s/it]
Loss: 0.25033116529445876, accuracy: 94.66724395751953
Validating

  0%|          | 0/3 [00:00<?, ?it/s]
 33%|███▎      | 1/3 [00:13<00:27, 13.54s/it]
 67%|██████▋   | 2/3 [00:27<00:13, 13.55s/it]
100%|██████████| 3/3 [00:32<00:00,  9.84s/it]
100%|██████████| 3/3 [00:32<00:00, 10.84s/it]
Loss: 0.26285242849993523, accuracy: 93.65079498291016


Epoch: 33/80
Training

  0%|          | 0/7 [00:00<?, ?it/s]
 14%|█▍        | 1/7 [00:13<01:23, 13.84s/it]
 29%|██▊       | 2/7 [00:27<01:09, 13.83s/it]
 43%|████▎     | 3/7 [00:41<00:55, 13.81s/it]
 57%|█████▋    | 4/7 [00:55<00:41, 13.82s/it]
 71%|███████▏  | 5/7 [01:09<00:27, 13.84s/it]
 86%|████████▌ | 6/7 [01:22<00:13, 13.83s/it]
100%|██████████| 7/7 [01:32<00:00, 12.56s/it]
100%|██████████| 7/7 [01:32<00:00, 13.28s/it]
Loss: 0.24653476641227326, accuracy: 94.69630432128906
Validating

  0%|          | 0/3 [00:00<?, ?it/s]
 33%|███▎      | 1/3 [00:13<00:27, 13.60s/it]
 67%|██████▋   | 2/3 [00:27<00:13, 13.63s/it]
100%|██████████| 3/3 [00:32<00:00,  9.90s/it]
100%|██████████| 3/3 [00:32<00:00, 10.90s/it]
Loss: 0.2606934916332673, accuracy: 93.3251953125


Epoch: 34/80
Training

  0%|          | 0/7 [00:00<?, ?it/s]
 14%|█▍        | 1/7 [00:13<01:22, 13.68s/it]
 29%|██▊       | 2/7 [00:27<01:08, 13.78s/it]
 43%|████▎     | 3/7 [00:41<00:55, 13.82s/it]
 57%|█████▋    | 4/7 [00:55<00:41, 13.83s/it]
 71%|███████▏  | 5/7 [01:09<00:27, 13.82s/it]
 86%|████████▌ | 6/7 [01:22<00:13, 13.79s/it]
100%|██████████| 7/7 [01:32<00:00, 12.56s/it]
100%|██████████| 7/7 [01:32<00:00, 13.26s/it]
Loss: 0.2435177968524286, accuracy: 94.84161376953125
Validating

  0%|          | 0/3 [00:00<?, ?it/s]
 33%|███▎      | 1/3 [00:13<00:27, 13.69s/it]
 67%|██████▋   | 2/3 [00:27<00:13, 13.69s/it]
100%|██████████| 3/3 [00:32<00:00,  9.94s/it]
100%|██████████| 3/3 [00:32<00:00, 10.95s/it]
Loss: 0.25740856641814824, accuracy: 93.73219299316406


Epoch: 35/80
Training

  0%|          | 0/7 [00:00<?, ?it/s]
 14%|█▍        | 1/7 [00:13<01:22, 13.68s/it]
 29%|██▊       | 2/7 [00:27<01:08, 13.66s/it]
 43%|████▎     | 3/7 [00:40<00:54, 13.66s/it]
 57%|█████▋    | 4/7 [00:54<00:40, 13.66s/it]
 71%|███████▏  | 5/7 [01:08<00:27, 13.66s/it]
 86%|████████▌ | 6/7 [01:21<00:13, 13.66s/it]
100%|██████████| 7/7 [01:31<00:00, 12.41s/it]
100%|██████████| 7/7 [01:31<00:00, 13.11s/it]
Loss: 0.24180811456090937, accuracy: 95.1322250366211
Validating

  0%|          | 0/3 [00:00<?, ?it/s]
 33%|███▎      | 1/3 [00:13<00:26, 13.48s/it]
 67%|██████▋   | 2/3 [00:26<00:13, 13.49s/it]
100%|██████████| 3/3 [00:32<00:00,  9.80s/it]
100%|██████████| 3/3 [00:32<00:00, 10.79s/it]
Loss: 0.25548517236415574, accuracy: 93.44729614257812


Epoch: 36/80
Training

  0%|          | 0/7 [00:00<?, ?it/s]
 14%|█▍        | 1/7 [00:13<01:21, 13.66s/it]
 29%|██▊       | 2/7 [00:27<01:08, 13.68s/it]
 43%|████▎     | 3/7 [00:41<00:54, 13.70s/it]
 57%|█████▋    | 4/7 [00:54<00:41, 13.69s/it]
 71%|███████▏  | 5/7 [01:08<00:27, 13.72s/it]
 86%|████████▌ | 6/7 [01:22<00:13, 13.69s/it]
100%|██████████| 7/7 [01:31<00:00, 12.43s/it]
100%|██████████| 7/7 [01:31<00:00, 13.14s/it]
Loss: 0.23886781568029736, accuracy: 94.94332885742188
Validating

  0%|          | 0/3 [00:00<?, ?it/s]
 33%|███▎      | 1/3 [00:13<00:26, 13.50s/it]
 67%|██████▋   | 2/3 [00:27<00:13, 13.51s/it]
100%|██████████| 3/3 [00:32<00:00,  9.83s/it]
100%|██████████| 3/3 [00:32<00:00, 10.82s/it]
Loss: 0.25231112066109007, accuracy: 93.8135986328125


Epoch: 37/80
Training

  0%|          | 0/7 [00:00<?, ?it/s]
 14%|█▍        | 1/7 [00:13<01:22, 13.67s/it]
 29%|██▊       | 2/7 [00:27<01:08, 13.70s/it]
 43%|████▎     | 3/7 [00:41<00:54, 13.68s/it]
 57%|█████▋    | 4/7 [00:54<00:40, 13.66s/it]
 71%|███████▏  | 5/7 [01:08<00:27, 13.67s/it]
 86%|████████▌ | 6/7 [01:22<00:13, 13.73s/it]
100%|██████████| 7/7 [01:32<00:00, 12.46s/it]
100%|██████████| 7/7 [01:32<00:00, 13.15s/it]
Loss: 0.23639614152565352, accuracy: 95.16128540039062
Validating

  0%|          | 0/3 [00:00<?, ?it/s]
 33%|███▎      | 1/3 [00:13<00:26, 13.49s/it]
 67%|██████▋   | 2/3 [00:27<00:13, 13.51s/it]
100%|██████████| 3/3 [00:32<00:00,  9.81s/it]
100%|██████████| 3/3 [00:32<00:00, 10.81s/it]
Loss: 0.2499796196812287, accuracy: 94.09849548339844


Epoch: 38/80
Training

  0%|          | 0/7 [00:00<?, ?it/s]
 14%|█▍        | 1/7 [00:13<01:21, 13.64s/it]
 29%|██▊       | 2/7 [00:27<01:08, 13.66s/it]
 43%|████▎     | 3/7 [00:41<00:54, 13.68s/it]
 57%|█████▋    | 4/7 [00:54<00:41, 13.68s/it]
 71%|███████▏  | 5/7 [01:08<00:27, 13.69s/it]
 86%|████████▌ | 6/7 [01:22<00:13, 13.69s/it]
100%|██████████| 7/7 [01:31<00:00, 12.44s/it]
100%|██████████| 7/7 [01:31<00:00, 13.14s/it]
Loss: 0.2351690916968653, accuracy: 95.10316467285156
Validating

  0%|          | 0/3 [00:00<?, ?it/s]
 33%|███▎      | 1/3 [00:13<00:26, 13.50s/it]
 67%|██████▋   | 2/3 [00:27<00:13, 13.53s/it]
100%|██████████| 3/3 [00:32<00:00,  9.83s/it]
100%|██████████| 3/3 [00:32<00:00, 10.83s/it]
Loss: 0.2482173255802802, accuracy: 93.8949966430664


Epoch: 39/80
Training

  0%|          | 0/7 [00:00<?, ?it/s]
 14%|█▍        | 1/7 [00:13<01:22, 13.67s/it]
 29%|██▊       | 2/7 [00:27<01:08, 13.67s/it]
 43%|████▎     | 3/7 [00:41<00:54, 13.67s/it]
 57%|█████▋    | 4/7 [00:54<00:41, 13.67s/it]
 71%|███████▏  | 5/7 [01:08<00:27, 13.68s/it]
 86%|████████▌ | 6/7 [01:22<00:13, 13.66s/it]
100%|██████████| 7/7 [01:31<00:00, 12.42s/it]
100%|██████████| 7/7 [01:31<00:00, 13.12s/it]
Loss: 0.23319498525130752, accuracy: 95.29206085205078
Validating

  0%|          | 0/3 [00:00<?, ?it/s]
 33%|███▎      | 1/3 [00:13<00:26, 13.49s/it]
 67%|██████▋   | 2/3 [00:27<00:13, 13.51s/it]
100%|██████████| 3/3 [00:32<00:00,  9.81s/it]
100%|██████████| 3/3 [00:32<00:00, 10.81s/it]
Loss: 0.2458621260471639, accuracy: 94.17990112304688


Epoch: 40/80
Training

  0%|          | 0/7 [00:00<?, ?it/s]
 14%|█▍        | 1/7 [00:13<01:21, 13.67s/it]
 29%|██▊       | 2/7 [00:27<01:08, 13.68s/it]
 43%|████▎     | 3/7 [00:41<00:54, 13.68s/it]
 57%|█████▋    | 4/7 [00:54<00:41, 13.70s/it]
 71%|███████▏  | 5/7 [01:08<00:27, 13.71s/it]
 86%|████████▌ | 6/7 [01:22<00:13, 13.72s/it]
100%|██████████| 7/7 [01:32<00:00, 12.45s/it]
100%|██████████| 7/7 [01:32<00:00, 13.15s/it]
Loss: 0.23051371014211733, accuracy: 95.62627410888672
Validating

  0%|          | 0/3 [00:00<?, ?it/s]
 33%|███▎      | 1/3 [00:13<00:27, 13.55s/it]
 67%|██████▋   | 2/3 [00:27<00:13, 13.54s/it]
100%|██████████| 3/3 [00:32<00:00,  9.82s/it]
100%|██████████| 3/3 [00:32<00:00, 10.83s/it]
Loss: 0.24373055546929984, accuracy: 94.26129913330078


Epoch: 41/80
Training

  0%|          | 0/7 [00:00<?, ?it/s]
 14%|█▍        | 1/7 [00:13<01:22, 13.71s/it]
 29%|██▊       | 2/7 [00:27<01:08, 13.71s/it]
 43%|████▎     | 3/7 [00:41<00:54, 13.67s/it]
 57%|█████▋    | 4/7 [00:54<00:41, 13.68s/it]
 71%|███████▏  | 5/7 [01:08<00:27, 13.68s/it]
 86%|████████▌ | 6/7 [01:22<00:13, 13.69s/it]
100%|██████████| 7/7 [01:32<00:00, 12.45s/it]
100%|██████████| 7/7 [01:32<00:00, 13.15s/it]
Loss: 0.2293347528432213, accuracy: 95.5536117553711
Validating

  0%|          | 0/3 [00:00<?, ?it/s]
 33%|███▎      | 1/3 [00:13<00:26, 13.49s/it]
 67%|██████▋   | 2/3 [00:26<00:13, 13.50s/it]
100%|██████████| 3/3 [00:32<00:00,  9.81s/it]
100%|██████████| 3/3 [00:32<00:00, 10.81s/it]
Loss: 0.24256842040316962, accuracy: 94.17990112304688


Epoch: 42/80
Training

  0%|          | 0/7 [00:00<?, ?it/s]
 14%|█▍        | 1/7 [00:13<01:22, 13.70s/it]
 29%|██▊       | 2/7 [00:27<01:08, 13.72s/it]
 43%|████▎     | 3/7 [00:41<00:54, 13.72s/it]
 57%|█████▋    | 4/7 [00:54<00:41, 13.71s/it]
 71%|███████▏  | 5/7 [01:08<00:27, 13.71s/it]
 86%|████████▌ | 6/7 [01:22<00:13, 13.71s/it]
100%|██████████| 7/7 [01:32<00:00, 12.45s/it]
100%|██████████| 7/7 [01:32<00:00, 13.16s/it]
Loss: 0.22704381961023623, accuracy: 95.61174011230469
Validating

  0%|          | 0/3 [00:00<?, ?it/s]
 33%|███▎      | 1/3 [00:13<00:27, 13.51s/it]
 67%|██████▋   | 2/3 [00:27<00:13, 13.51s/it]
100%|██████████| 3/3 [00:32<00:00,  9.81s/it]
100%|██████████| 3/3 [00:32<00:00, 10.81s/it]
Loss: 0.24035860839465503, accuracy: 94.3833999633789


Epoch: 43/80
Training

  0%|          | 0/7 [00:00<?, ?it/s]
 14%|█▍        | 1/7 [00:13<01:22, 13.68s/it]
 29%|██▊       | 2/7 [00:27<01:08, 13.68s/it]
 43%|████▎     | 3/7 [00:41<00:54, 13.68s/it]
 57%|█████▋    | 4/7 [00:54<00:41, 13.68s/it]
 71%|███████▏  | 5/7 [01:08<00:27, 13.69s/it]
 86%|████████▌ | 6/7 [01:22<00:13, 13.68s/it]
100%|██████████| 7/7 [01:31<00:00, 12.43s/it]
100%|██████████| 7/7 [01:31<00:00, 13.13s/it]
Loss: 0.2250742975950449, accuracy: 95.56814575195312
Validating

  0%|          | 0/3 [00:00<?, ?it/s]
 33%|███▎      | 1/3 [00:13<00:26, 13.49s/it]
 67%|██████▋   | 2/3 [00:27<00:13, 13.52s/it]
100%|██████████| 3/3 [00:32<00:00,  9.82s/it]
100%|██████████| 3/3 [00:32<00:00, 10.82s/it]
Loss: 0.23921383922183517, accuracy: 94.34269714355469


Epoch: 44/80
Training

  0%|          | 0/7 [00:00<?, ?it/s]
 14%|█▍        | 1/7 [00:13<01:22, 13.67s/it]
 29%|██▊       | 2/7 [00:27<01:08, 13.67s/it]
 43%|████▎     | 3/7 [00:41<00:54, 13.67s/it]
 57%|█████▋    | 4/7 [00:54<00:40, 13.66s/it]
 71%|███████▏  | 5/7 [01:08<00:27, 13.66s/it]
 86%|████████▌ | 6/7 [01:21<00:13, 13.65s/it]
100%|██████████| 7/7 [01:31<00:00, 12.41s/it]
100%|██████████| 7/7 [01:31<00:00, 13.11s/it]
Loss: 0.22320286403454795, accuracy: 95.68439483642578
Validating

  0%|          | 0/3 [00:00<?, ?it/s]
 33%|███▎      | 1/3 [00:13<00:26, 13.49s/it]
 67%|██████▋   | 2/3 [00:26<00:13, 13.50s/it]
100%|██████████| 3/3 [00:32<00:00,  9.81s/it]
100%|██████████| 3/3 [00:32<00:00, 10.80s/it]
Loss: 0.23712327628781943, accuracy: 94.62760162353516


Epoch: 45/80
Training

  0%|          | 0/7 [00:00<?, ?it/s]
 14%|█▍        | 1/7 [00:13<01:22, 13.76s/it]
 29%|██▊       | 2/7 [00:27<01:08, 13.79s/it]
 43%|████▎     | 3/7 [00:41<00:55, 13.80s/it]
 57%|█████▋    | 4/7 [00:55<00:41, 13.82s/it]
 71%|███████▏  | 5/7 [01:09<00:27, 13.82s/it]
 86%|████████▌ | 6/7 [01:22<00:13, 13.82s/it]
100%|██████████| 7/7 [01:32<00:00, 12.57s/it]
100%|██████████| 7/7 [01:32<00:00, 13.27s/it]
Loss: 0.2217535511399729, accuracy: 95.75704193115234
Validating

  0%|          | 0/3 [00:00<?, ?it/s]
 33%|███▎      | 1/3 [00:13<00:27, 13.65s/it]
 67%|██████▋   | 2/3 [00:27<00:13, 13.67s/it]
100%|██████████| 3/3 [00:32<00:00,  9.93s/it]
100%|██████████| 3/3 [00:32<00:00, 10.93s/it]
Loss: 0.23598342155677593, accuracy: 94.50550079345703


Epoch: 46/80
Training

  0%|          | 0/7 [00:00<?, ?it/s]
 14%|█▍        | 1/7 [00:13<01:22, 13.81s/it]
 29%|██▊       | 2/7 [00:27<01:08, 13.79s/it]
 43%|████▎     | 3/7 [00:41<00:55, 13.80s/it]
 57%|█████▋    | 4/7 [00:55<00:41, 13.81s/it]
 71%|███████▏  | 5/7 [01:09<00:27, 13.80s/it]
 86%|████████▌ | 6/7 [01:22<00:13, 13.80s/it]
100%|██████████| 7/7 [01:32<00:00, 12.55s/it]
100%|██████████| 7/7 [01:32<00:00, 13.26s/it]
Loss: 0.22043452455844342, accuracy: 95.5536117553711
Validating

  0%|          | 0/3 [00:00<?, ?it/s]
 33%|███▎      | 1/3 [00:13<00:27, 13.62s/it]
 67%|██████▋   | 2/3 [00:27<00:13, 13.63s/it]
100%|██████████| 3/3 [00:32<00:00,  9.91s/it]
100%|██████████| 3/3 [00:32<00:00, 10.91s/it]
Loss: 0.23428420091747607, accuracy: 94.62760162353516


Epoch: 47/80
Training

  0%|          | 0/7 [00:00<?, ?it/s]
 14%|█▍        | 1/7 [00:13<01:21, 13.63s/it]
 29%|██▊       | 2/7 [00:27<01:08, 13.65s/it]
 43%|████▎     | 3/7 [00:40<00:54, 13.65s/it]
 57%|█████▋    | 4/7 [00:54<00:40, 13.65s/it]
 71%|███████▏  | 5/7 [01:08<00:27, 13.65s/it]
 86%|████████▌ | 6/7 [01:21<00:13, 13.65s/it]
100%|██████████| 7/7 [01:31<00:00, 12.40s/it]
100%|██████████| 7/7 [01:31<00:00, 13.10s/it]
Loss: 0.21939513551499462, accuracy: 95.91687774658203
Validating

  0%|          | 0/3 [00:00<?, ?it/s]
 33%|███▎      | 1/3 [00:13<00:26, 13.48s/it]
 67%|██████▋   | 2/3 [00:26<00:13, 13.49s/it]
100%|██████████| 3/3 [00:32<00:00,  9.80s/it]
100%|██████████| 3/3 [00:32<00:00, 10.80s/it]
Loss: 0.23318751813752117, accuracy: 94.66829681396484


Epoch: 48/80
Training

  0%|          | 0/7 [00:00<?, ?it/s]
 14%|█▍        | 1/7 [00:13<01:21, 13.64s/it]
 29%|██▊       | 2/7 [00:27<01:08, 13.63s/it]
 43%|████▎     | 3/7 [00:40<00:54, 13.65s/it]
 57%|█████▋    | 4/7 [00:54<00:40, 13.66s/it]
 71%|███████▏  | 5/7 [01:08<00:27, 13.66s/it]
 86%|████████▌ | 6/7 [01:21<00:13, 13.66s/it]
100%|██████████| 7/7 [01:31<00:00, 12.40s/it]
100%|██████████| 7/7 [01:31<00:00, 13.11s/it]
Loss: 0.21775930553492817, accuracy: 95.66986083984375
Validating

  0%|          | 0/3 [00:00<?, ?it/s]
 33%|███▎      | 1/3 [00:13<00:26, 13.42s/it]
 67%|██████▋   | 2/3 [00:26<00:13, 13.44s/it]
100%|██████████| 3/3 [00:32<00:00,  9.76s/it]
100%|██████████| 3/3 [00:32<00:00, 10.75s/it]
Loss: 0.23167712837275714, accuracy: 94.66829681396484


Epoch: 49/80
Training

  0%|          | 0/7 [00:00<?, ?it/s]
 14%|█▍        | 1/7 [00:13<01:21, 13.62s/it]
 29%|██▊       | 2/7 [00:27<01:08, 13.64s/it]
 43%|████▎     | 3/7 [00:40<00:54, 13.65s/it]
 57%|█████▋    | 4/7 [00:54<00:40, 13.65s/it]
 71%|███████▏  | 5/7 [01:08<00:27, 13.66s/it]
 86%|████████▌ | 6/7 [01:21<00:13, 13.67s/it]
100%|██████████| 7/7 [01:31<00:00, 12.41s/it]
100%|██████████| 7/7 [01:31<00:00, 13.11s/it]
Loss: 0.2174513604631607, accuracy: 96.01859283447266
Validating

  0%|          | 0/3 [00:00<?, ?it/s]
 33%|███▎      | 1/3 [00:13<00:26, 13.50s/it]
 67%|██████▋   | 2/3 [00:26<00:13, 13.49s/it]
100%|██████████| 3/3 [00:32<00:00,  9.80s/it]
100%|██████████| 3/3 [00:32<00:00, 10.80s/it]
Loss: 0.2304272050652797, accuracy: 94.79039764404297


Epoch: 50/80
Training

  0%|          | 0/7 [00:00<?, ?it/s]
 14%|█▍        | 1/7 [00:13<01:21, 13.62s/it]
 29%|██▊       | 2/7 [00:27<01:08, 13.63s/it]
 43%|████▎     | 3/7 [00:40<00:54, 13.64s/it]
 57%|█████▋    | 4/7 [00:54<00:40, 13.64s/it]
 71%|███████▏  | 5/7 [01:08<00:27, 13.64s/it]
 86%|████████▌ | 6/7 [01:21<00:13, 13.65s/it]
100%|██████████| 7/7 [01:31<00:00, 12.40s/it]
100%|██████████| 7/7 [01:31<00:00, 13.10s/it]
Loss: 0.21574395382709194, accuracy: 95.68439483642578
Validating

  0%|          | 0/3 [00:00<?, ?it/s]
 33%|███▎      | 1/3 [00:13<00:26, 13.46s/it]
 67%|██████▋   | 2/3 [00:26<00:13, 13.48s/it]
100%|██████████| 3/3 [00:32<00:00,  9.79s/it]
100%|██████████| 3/3 [00:32<00:00, 10.78s/it]
Loss: 0.2299299786791454, accuracy: 94.83110046386719


Epoch: 51/80
Training

  0%|          | 0/7 [00:00<?, ?it/s]
 14%|█▍        | 1/7 [00:13<01:21, 13.66s/it]
 29%|██▊       | 2/7 [00:27<01:08, 13.68s/it]
 43%|████▎     | 3/7 [00:41<00:54, 13.67s/it]
 57%|█████▋    | 4/7 [00:54<00:41, 13.67s/it]
 71%|███████▏  | 5/7 [01:08<00:27, 13.66s/it]
 86%|████████▌ | 6/7 [01:21<00:13, 13.66s/it]
100%|██████████| 7/7 [01:31<00:00, 12.41s/it]
100%|██████████| 7/7 [01:31<00:00, 13.12s/it]
Loss: 0.21615216793777706, accuracy: 96.10578155517578
Validating

  0%|          | 0/3 [00:00<?, ?it/s]
 33%|███▎      | 1/3 [00:13<00:26, 13.47s/it]
 67%|██████▋   | 2/3 [00:27<00:13, 13.51s/it]
100%|██████████| 3/3 [00:32<00:00,  9.81s/it]
100%|██████████| 3/3 [00:32<00:00, 10.80s/it]
Loss: 0.22804852603871403, accuracy: 94.95319366455078


Epoch: 52/80
Training

  0%|          | 0/7 [00:00<?, ?it/s]
 14%|█▍        | 1/7 [00:13<01:21, 13.64s/it]
 29%|██▊       | 2/7 [00:27<01:08, 13.65s/it]
 43%|████▎     | 3/7 [00:40<00:54, 13.64s/it]
 57%|█████▋    | 4/7 [00:54<00:40, 13.65s/it]
 71%|███████▏  | 5/7 [01:08<00:27, 13.66s/it]
 86%|████████▌ | 6/7 [01:21<00:13, 13.67s/it]
100%|██████████| 7/7 [01:31<00:00, 12.42s/it]
100%|██████████| 7/7 [01:31<00:00, 13.11s/it]
Loss: 0.2145168365251876, accuracy: 95.62627410888672
Validating

  0%|          | 0/3 [00:00<?, ?it/s]
 33%|███▎      | 1/3 [00:13<00:26, 13.48s/it]
 67%|██████▋   | 2/3 [00:26<00:13, 13.49s/it]
100%|██████████| 3/3 [00:32<00:00,  9.80s/it]
100%|██████████| 3/3 [00:32<00:00, 10.79s/it]
Loss: 0.2274711465187853, accuracy: 95.0752944946289


Epoch: 53/80
Training

  0%|          | 0/7 [00:00<?, ?it/s]
 14%|█▍        | 1/7 [00:13<01:22, 13.68s/it]
 29%|██▊       | 2/7 [00:27<01:08, 13.66s/it]
 43%|████▎     | 3/7 [00:40<00:54, 13.66s/it]
 57%|█████▋    | 4/7 [00:54<00:41, 13.68s/it]
 71%|███████▏  | 5/7 [01:08<00:27, 13.66s/it]
 86%|████████▌ | 6/7 [01:21<00:13, 13.66s/it]
100%|██████████| 7/7 [01:31<00:00, 12.42s/it]
100%|██████████| 7/7 [01:31<00:00, 13.12s/it]
Loss: 0.21275908300537802, accuracy: 96.14937591552734
Validating

  0%|          | 0/3 [00:00<?, ?it/s]
 33%|███▎      | 1/3 [00:13<00:27, 13.52s/it]
 67%|██████▋   | 2/3 [00:27<00:13, 13.50s/it]
100%|██████████| 3/3 [00:32<00:00,  9.81s/it]
100%|██████████| 3/3 [00:32<00:00, 10.81s/it]
Loss: 0.22649630083026662, accuracy: 94.99390411376953


Epoch: 54/80
Training

  0%|          | 0/7 [00:00<?, ?it/s]
 14%|█▍        | 1/7 [00:13<01:21, 13.64s/it]
 29%|██▊       | 2/7 [00:27<01:08, 13.66s/it]
 43%|████▎     | 3/7 [00:41<00:54, 13.67s/it]
 57%|█████▋    | 4/7 [00:54<00:41, 13.67s/it]
 71%|███████▏  | 5/7 [01:08<00:27, 13.67s/it]
 86%|████████▌ | 6/7 [01:21<00:13, 13.66s/it]
100%|██████████| 7/7 [01:31<00:00, 12.41s/it]
100%|██████████| 7/7 [01:31<00:00, 13.12s/it]
Loss: 0.21144603481648863, accuracy: 96.04766082763672
Validating

  0%|          | 0/3 [00:00<?, ?it/s]
 33%|███▎      | 1/3 [00:13<00:26, 13.48s/it]
 67%|██████▋   | 2/3 [00:26<00:13, 13.47s/it]
100%|██████████| 3/3 [00:32<00:00,  9.78s/it]
100%|██████████| 3/3 [00:32<00:00, 10.78s/it]
Loss: 0.22620185426109246, accuracy: 95.0752944946289


Epoch: 55/80
Training

  0%|          | 0/7 [00:00<?, ?it/s]
 14%|█▍        | 1/7 [00:13<01:21, 13.65s/it]
 29%|██▊       | 2/7 [00:27<01:08, 13.65s/it]
 43%|████▎     | 3/7 [00:40<00:54, 13.65s/it]
 57%|█████▋    | 4/7 [00:54<00:40, 13.65s/it]
 71%|███████▏  | 5/7 [01:08<00:27, 13.66s/it]
 86%|████████▌ | 6/7 [01:21<00:13, 13.66s/it]
100%|██████████| 7/7 [01:31<00:00, 12.41s/it]
100%|██████████| 7/7 [01:31<00:00, 13.11s/it]
Loss: 0.20989920457879738, accuracy: 96.04766082763672
Validating

  0%|          | 0/3 [00:00<?, ?it/s]
 33%|███▎      | 1/3 [00:13<00:26, 13.47s/it]
 67%|██████▋   | 2/3 [00:26<00:13, 13.50s/it]
100%|██████████| 3/3 [00:32<00:00,  9.80s/it]
100%|██████████| 3/3 [00:32<00:00, 10.80s/it]
Loss: 0.22430898182436756, accuracy: 95.03459930419922


Epoch: 56/80
Training

  0%|          | 0/7 [00:00<?, ?it/s]
 14%|█▍        | 1/7 [00:13<01:22, 13.67s/it]
 29%|██▊       | 2/7 [00:27<01:08, 13.68s/it]
 43%|████▎     | 3/7 [00:41<00:54, 13.68s/it]
 57%|█████▋    | 4/7 [00:54<00:41, 13.69s/it]
 71%|███████▏  | 5/7 [01:08<00:27, 13.69s/it]
 86%|████████▌ | 6/7 [01:22<00:13, 13.67s/it]
100%|██████████| 7/7 [01:31<00:00, 12.42s/it]
100%|██████████| 7/7 [01:31<00:00, 13.13s/it]
Loss: 0.2099636982984579, accuracy: 96.28014373779297
Validating

  0%|          | 0/3 [00:00<?, ?it/s]
 33%|███▎      | 1/3 [00:13<00:26, 13.48s/it]
 67%|██████▋   | 2/3 [00:26<00:13, 13.47s/it]
100%|██████████| 3/3 [00:32<00:00,  9.78s/it]
100%|██████████| 3/3 [00:32<00:00, 10.78s/it]
Loss: 0.22369354879608666, accuracy: 95.23809814453125


Epoch: 57/80
Training

  0%|          | 0/7 [00:00<?, ?it/s]
 14%|█▍        | 1/7 [00:13<01:21, 13.63s/it]
 29%|██▊       | 2/7 [00:27<01:08, 13.63s/it]
 43%|████▎     | 3/7 [00:40<00:54, 13.64s/it]
 57%|█████▋    | 4/7 [00:54<00:40, 13.64s/it]
 71%|███████▏  | 5/7 [01:08<00:27, 13.64s/it]
 86%|████████▌ | 6/7 [01:21<00:13, 13.64s/it]
100%|██████████| 7/7 [01:31<00:00, 12.40s/it]
100%|██████████| 7/7 [01:31<00:00, 13.10s/it]
Loss: 0.20808383425336632, accuracy: 96.16390228271484
Validating

  0%|          | 0/3 [00:00<?, ?it/s]
 33%|███▎      | 1/3 [00:13<00:27, 13.54s/it]
 67%|██████▋   | 2/3 [00:27<00:13, 13.53s/it]
100%|██████████| 3/3 [00:32<00:00,  9.83s/it]
100%|██████████| 3/3 [00:32<00:00, 10.83s/it]
Loss: 0.2224972769223824, accuracy: 95.11600494384766


Epoch: 58/80
Training

  0%|          | 0/7 [00:00<?, ?it/s]
 14%|█▍        | 1/7 [00:13<01:22, 13.67s/it]
 29%|██▊       | 2/7 [00:27<01:08, 13.69s/it]
 43%|████▎     | 3/7 [00:41<00:54, 13.69s/it]
 57%|█████▋    | 4/7 [00:54<00:41, 13.68s/it]
 71%|███████▏  | 5/7 [01:08<00:27, 13.68s/it]
 86%|████████▌ | 6/7 [01:22<00:13, 13.68s/it]
100%|██████████| 7/7 [01:31<00:00, 12.43s/it]
100%|██████████| 7/7 [01:31<00:00, 13.13s/it]
Loss: 0.207406562866426, accuracy: 96.19296264648438
Validating

  0%|          | 0/3 [00:00<?, ?it/s]
 33%|███▎      | 1/3 [00:13<00:26, 13.50s/it]
 67%|██████▋   | 2/3 [00:26<00:13, 13.50s/it]
100%|██████████| 3/3 [00:32<00:00,  9.81s/it]
100%|██████████| 3/3 [00:32<00:00, 10.80s/it]
Loss: 0.22176446051533552, accuracy: 95.0752944946289


Epoch: 59/80
Training

  0%|          | 0/7 [00:00<?, ?it/s]
 14%|█▍        | 1/7 [00:13<01:21, 13.66s/it]
 29%|██▊       | 2/7 [00:27<01:08, 13.69s/it]
 43%|████▎     | 3/7 [00:41<00:54, 13.67s/it]
 57%|█████▋    | 4/7 [00:54<00:41, 13.68s/it]
 71%|███████▏  | 5/7 [01:08<00:27, 13.68s/it]
 86%|████████▌ | 6/7 [01:22<00:13, 13.66s/it]
100%|██████████| 7/7 [01:31<00:00, 12.42s/it]
100%|██████████| 7/7 [01:31<00:00, 13.13s/it]
Loss: 0.20709544904822355, accuracy: 96.41092681884766
Validating

  0%|          | 0/3 [00:00<?, ?it/s]
 33%|███▎      | 1/3 [00:13<00:26, 13.49s/it]
 67%|██████▋   | 2/3 [00:27<00:13, 13.50s/it]
100%|██████████| 3/3 [00:32<00:00,  9.81s/it]
100%|██████████| 3/3 [00:32<00:00, 10.80s/it]
Loss: 0.221099546261808, accuracy: 95.27880096435547


Epoch: 60/80
Training

  0%|          | 0/7 [00:00<?, ?it/s]
 14%|█▍        | 1/7 [00:13<01:21, 13.66s/it]
 29%|██▊       | 2/7 [00:27<01:08, 13.64s/it]
 43%|████▎     | 3/7 [00:41<00:54, 13.68s/it]
 57%|█████▋    | 4/7 [00:54<00:40, 13.65s/it]
 71%|███████▏  | 5/7 [01:08<00:27, 13.62s/it]
 86%|████████▌ | 6/7 [01:21<00:13, 13.63s/it]
100%|██████████| 7/7 [01:31<00:00, 12.38s/it]
100%|██████████| 7/7 [01:31<00:00, 13.09s/it]
Loss: 0.20677135625366416, accuracy: 96.28014373779297
Validating

  0%|          | 0/3 [00:00<?, ?it/s]
 33%|███▎      | 1/3 [00:13<00:26, 13.44s/it]
 67%|██████▋   | 2/3 [00:26<00:13, 13.47s/it]
100%|██████████| 3/3 [00:32<00:00,  9.80s/it]
100%|██████████| 3/3 [00:32<00:00, 10.79s/it]
Loss: 0.22061136736707762, accuracy: 95.31949615478516


Epoch: 61/80
Training

  0%|          | 0/7 [00:00<?, ?it/s]
 14%|█▍        | 1/7 [00:13<01:22, 13.71s/it]
 29%|██▊       | 2/7 [00:27<01:08, 13.74s/it]
 43%|████▎     | 3/7 [00:41<00:54, 13.74s/it]
 57%|█████▋    | 4/7 [00:54<00:41, 13.74s/it]
 71%|███████▏  | 5/7 [01:08<00:27, 13.74s/it]
 86%|████████▌ | 6/7 [01:22<00:13, 13.73s/it]
100%|██████████| 7/7 [01:32<00:00, 12.48s/it]
100%|██████████| 7/7 [01:32<00:00, 13.18s/it]
Loss: 0.20936502733659482, accuracy: 96.06218719482422
Validating

  0%|          | 0/3 [00:00<?, ?it/s]
 33%|███▎      | 1/3 [00:13<00:27, 13.53s/it]
 67%|██████▋   | 2/3 [00:27<00:13, 13.54s/it]
100%|██████████| 3/3 [00:32<00:00,  9.83s/it]
100%|██████████| 3/3 [00:32<00:00, 10.83s/it]
Loss: 0.2197161170467886, accuracy: 95.27880096435547


Epoch: 62/80
Training

  0%|          | 0/7 [00:00<?, ?it/s]
 14%|█▍        | 1/7 [00:13<01:22, 13.73s/it]
 29%|██▊       | 2/7 [00:27<01:08, 13.72s/it]
 43%|████▎     | 3/7 [00:41<00:54, 13.71s/it]
 57%|█████▋    | 4/7 [00:54<00:41, 13.71s/it]
 71%|███████▏  | 5/7 [01:08<00:27, 13.70s/it]
 86%|████████▌ | 6/7 [01:22<00:13, 13.69s/it]
100%|██████████| 7/7 [01:32<00:00, 12.45s/it]
100%|██████████| 7/7 [01:32<00:00, 13.16s/it]
Loss: 0.20667171027902184, accuracy: 96.03312683105469
Validating

  0%|          | 0/3 [00:00<?, ?it/s]
 33%|███▎      | 1/3 [00:13<00:27, 13.55s/it]
 67%|██████▋   | 2/3 [00:27<00:13, 13.56s/it]
100%|██████████| 3/3 [00:32<00:00,  9.85s/it]
100%|██████████| 3/3 [00:32<00:00, 10.85s/it]
Loss: 0.21911940321259543, accuracy: 95.4822998046875


Epoch: 63/80
Training

  0%|          | 0/7 [00:00<?, ?it/s]
 14%|█▍        | 1/7 [00:13<01:22, 13.68s/it]
 29%|██▊       | 2/7 [00:27<01:08, 13.70s/it]
 43%|████▎     | 3/7 [00:41<00:54, 13.71s/it]
 57%|█████▋    | 4/7 [00:54<00:41, 13.71s/it]
 71%|███████▏  | 5/7 [01:08<00:27, 13.71s/it]
 86%|████████▌ | 6/7 [01:22<00:13, 13.70s/it]
100%|██████████| 7/7 [01:32<00:00, 12.46s/it]
100%|██████████| 7/7 [01:32<00:00, 13.16s/it]
Loss: 0.2037222364057257, accuracy: 96.33827209472656
Validating

  0%|          | 0/3 [00:00<?, ?it/s]
 33%|███▎      | 1/3 [00:13<00:27, 13.53s/it]
 67%|██████▋   | 2/3 [00:27<00:13, 13.55s/it]
100%|██████████| 3/3 [00:32<00:00,  9.84s/it]
100%|██████████| 3/3 [00:32<00:00, 10.84s/it]
Loss: 0.2182502538014293, accuracy: 95.19739532470703


Epoch: 64/80
Training

  0%|          | 0/7 [00:00<?, ?it/s]
 14%|█▍        | 1/7 [00:13<01:22, 13.71s/it]
 29%|██▊       | 2/7 [00:27<01:08, 13.71s/it]
 43%|████▎     | 3/7 [00:41<00:54, 13.71s/it]
 57%|█████▋    | 4/7 [00:54<00:41, 13.70s/it]
 71%|███████▏  | 5/7 [01:08<00:27, 13.72s/it]
 86%|████████▌ | 6/7 [01:22<00:13, 13.72s/it]
100%|██████████| 7/7 [01:32<00:00, 12.47s/it]
100%|██████████| 7/7 [01:32<00:00, 13.17s/it]
Loss: 0.2036087753874242, accuracy: 96.52716827392578
Validating

  0%|          | 0/3 [00:00<?, ?it/s]
 33%|███▎      | 1/3 [00:13<00:27, 13.57s/it]
 67%|██████▋   | 2/3 [00:27<00:13, 13.57s/it]
100%|██████████| 3/3 [00:32<00:00,  9.85s/it]
100%|██████████| 3/3 [00:32<00:00, 10.86s/it]
Loss: 0.21783588013369523, accuracy: 95.44159698486328


Epoch: 65/80
Training

  0%|          | 0/7 [00:00<?, ?it/s]
 14%|█▍        | 1/7 [00:13<01:22, 13.71s/it]
 29%|██▊       | 2/7 [00:27<01:08, 13.70s/it]
 43%|████▎     | 3/7 [00:41<00:54, 13.71s/it]
 57%|█████▋    | 4/7 [00:54<00:41, 13.71s/it]
 71%|███████▏  | 5/7 [01:08<00:27, 13.71s/it]
 86%|████████▌ | 6/7 [01:22<00:13, 13.71s/it]
100%|██████████| 7/7 [01:32<00:00, 12.46s/it]
100%|██████████| 7/7 [01:32<00:00, 13.16s/it]
Loss: 0.20282542288511238, accuracy: 96.3818588256836
Validating

  0%|          | 0/3 [00:00<?, ?it/s]
 33%|███▎      | 1/3 [00:13<00:27, 13.56s/it]
 67%|██████▋   | 2/3 [00:27<00:13, 13.55s/it]
100%|██████████| 3/3 [00:32<00:00,  9.84s/it]
100%|██████████| 3/3 [00:32<00:00, 10.85s/it]
Loss: 0.217004600207302, accuracy: 95.4009017944336


Epoch: 66/80
Training

  0%|          | 0/7 [00:00<?, ?it/s]
 14%|█▍        | 1/7 [00:13<01:22, 13.69s/it]
 29%|██▊       | 2/7 [00:27<01:08, 13.72s/it]
 43%|████▎     | 3/7 [00:41<00:54, 13.71s/it]
 57%|█████▋    | 4/7 [00:54<00:41, 13.73s/it]
 71%|███████▏  | 5/7 [01:08<00:27, 13.72s/it]
 86%|████████▌ | 6/7 [01:22<00:13, 13.73s/it]
100%|██████████| 7/7 [01:32<00:00, 12.48s/it]
100%|██████████| 7/7 [01:32<00:00, 13.18s/it]
Loss: 0.2031480604368599, accuracy: 96.55622863769531
Validating

  0%|          | 0/3 [00:00<?, ?it/s]
 33%|███▎      | 1/3 [00:13<00:27, 13.54s/it]
 67%|██████▋   | 2/3 [00:27<00:13, 13.56s/it]
100%|██████████| 3/3 [00:32<00:00,  9.85s/it]
100%|██████████| 3/3 [00:32<00:00, 10.85s/it]
Loss: 0.21648413536628183, accuracy: 95.31949615478516


Epoch: 67/80
Training

  0%|          | 0/7 [00:00<?, ?it/s]
 14%|█▍        | 1/7 [00:13<01:22, 13.69s/it]
 29%|██▊       | 2/7 [00:27<01:08, 13.72s/it]
 43%|████▎     | 3/7 [00:41<00:54, 13.73s/it]
 57%|█████▋    | 4/7 [00:54<00:41, 13.72s/it]
 71%|███████▏  | 5/7 [01:08<00:27, 13.71s/it]
 86%|████████▌ | 6/7 [01:22<00:13, 13.71s/it]
100%|██████████| 7/7 [01:32<00:00, 12.46s/it]
100%|██████████| 7/7 [01:32<00:00, 13.17s/it]
Loss: 0.20227950717414822, accuracy: 96.32373809814453
Validating

  0%|          | 0/3 [00:00<?, ?it/s]
 33%|███▎      | 1/3 [00:13<00:27, 13.53s/it]
 67%|██████▋   | 2/3 [00:27<00:13, 13.55s/it]
100%|██████████| 3/3 [00:32<00:00,  9.85s/it]
100%|██████████| 3/3 [00:32<00:00, 10.84s/it]
Loss: 0.21611245472619434, accuracy: 95.5636978149414


Epoch: 68/80
Training

  0%|          | 0/7 [00:00<?, ?it/s]
 14%|█▍        | 1/7 [00:13<01:22, 13.73s/it]
 29%|██▊       | 2/7 [00:27<01:08, 13.74s/it]
 43%|████▎     | 3/7 [00:41<00:54, 13.73s/it]
 57%|█████▋    | 4/7 [00:54<00:41, 13.73s/it]
 71%|███████▏  | 5/7 [01:08<00:27, 13.73s/it]
 86%|████████▌ | 6/7 [01:22<00:13, 13.73s/it]
100%|██████████| 7/7 [01:32<00:00, 12.47s/it]
100%|██████████| 7/7 [01:32<00:00, 13.18s/it]
Loss: 0.2011070922515102, accuracy: 96.49810791015625
Validating

  0%|          | 0/3 [00:00<?, ?it/s]
 33%|███▎      | 1/3 [00:13<00:27, 13.54s/it]
 67%|██████▋   | 2/3 [00:27<00:13, 13.54s/it]
100%|██████████| 3/3 [00:32<00:00,  9.84s/it]
100%|██████████| 3/3 [00:32<00:00, 10.84s/it]
Loss: 0.21544829399109275, accuracy: 95.23809814453125


Epoch: 69/80
Training

  0%|          | 0/7 [00:00<?, ?it/s]
 14%|█▍        | 1/7 [00:13<01:22, 13.70s/it]
 29%|██▊       | 2/7 [00:27<01:08, 13.70s/it]
 43%|████▎     | 3/7 [00:41<00:54, 13.69s/it]
 57%|█████▋    | 4/7 [00:54<00:41, 13.71s/it]
 71%|███████▏  | 5/7 [01:08<00:27, 13.71s/it]
 86%|████████▌ | 6/7 [01:22<00:13, 13.70s/it]
100%|██████████| 7/7 [01:32<00:00, 12.45s/it]
100%|██████████| 7/7 [01:32<00:00, 13.16s/it]
Loss: 0.20145695560184962, accuracy: 96.55622863769531
Validating

  0%|          | 0/3 [00:00<?, ?it/s]
 33%|███▎      | 1/3 [00:13<00:27, 13.52s/it]
 67%|██████▋   | 2/3 [00:27<00:13, 13.53s/it]
100%|██████████| 3/3 [00:32<00:00,  9.84s/it]
100%|██████████| 3/3 [00:32<00:00, 10.84s/it]
Loss: 0.21571423581547014, accuracy: 95.4822998046875


Epoch: 70/80
Training

  0%|          | 0/7 [00:00<?, ?it/s]
 14%|█▍        | 1/7 [00:13<01:22, 13.70s/it]
 29%|██▊       | 2/7 [00:27<01:08, 13.74s/it]
 43%|████▎     | 3/7 [00:41<00:54, 13.72s/it]
 57%|█████▋    | 4/7 [00:54<00:41, 13.71s/it]
 71%|███████▏  | 5/7 [01:08<00:27, 13.70s/it]
 86%|████████▌ | 6/7 [01:22<00:13, 13.71s/it]
100%|██████████| 7/7 [01:32<00:00, 12.46s/it]
100%|██████████| 7/7 [01:32<00:00, 13.16s/it]
Loss: 0.2006630963518397, accuracy: 96.48357391357422
Validating

  0%|          | 0/3 [00:00<?, ?it/s]
 33%|███▎      | 1/3 [00:13<00:27, 13.53s/it]
 67%|██████▋   | 2/3 [00:27<00:13, 13.53s/it]
100%|██████████| 3/3 [00:32<00:00,  9.83s/it]
100%|██████████| 3/3 [00:32<00:00, 10.83s/it]
Loss: 0.214667682003383, accuracy: 95.44159698486328


Epoch: 71/80
Training

  0%|          | 0/7 [00:00<?, ?it/s]
 14%|█▍        | 1/7 [00:13<01:22, 13.68s/it]
 29%|██▊       | 2/7 [00:27<01:08, 13.68s/it]
 43%|████▎     | 3/7 [00:41<00:54, 13.69s/it]
 57%|█████▋    | 4/7 [00:54<00:41, 13.69s/it]
 71%|███████▏  | 5/7 [01:08<00:27, 13.69s/it]
 86%|████████▌ | 6/7 [01:22<00:13, 13.69s/it]
100%|██████████| 7/7 [01:32<00:00, 12.47s/it]
100%|██████████| 7/7 [01:32<00:00, 13.16s/it]
Loss: 0.20111625690735277, accuracy: 96.48357391357422
Validating

  0%|          | 0/3 [00:00<?, ?it/s]
 33%|███▎      | 1/3 [00:13<00:27, 13.55s/it]
 67%|██████▋   | 2/3 [00:27<00:13, 13.56s/it]
100%|██████████| 3/3 [00:32<00:00,  9.86s/it]
100%|██████████| 3/3 [00:32<00:00, 10.85s/it]
Loss: 0.21465435934639288, accuracy: 95.52300262451172


Epoch: 72/80
Training

  0%|          | 0/7 [00:00<?, ?it/s]
 14%|█▍        | 1/7 [00:13<01:22, 13.73s/it]
 29%|██▊       | 2/7 [00:27<01:08, 13.68s/it]
 43%|████▎     | 3/7 [00:41<00:54, 13.66s/it]
 57%|█████▋    | 4/7 [00:54<00:40, 13.64s/it]
 71%|███████▏  | 5/7 [01:08<00:27, 13.64s/it]
 86%|████████▌ | 6/7 [01:21<00:13, 13.62s/it]
100%|██████████| 7/7 [01:31<00:00, 12.39s/it]
100%|██████████| 7/7 [01:31<00:00, 13.10s/it]
Loss: 0.20098455630478834, accuracy: 96.294677734375
Validating

  0%|          | 0/3 [00:00<?, ?it/s]
 33%|███▎      | 1/3 [00:13<00:27, 13.57s/it]
 67%|██████▋   | 2/3 [00:27<00:13, 13.57s/it]
100%|██████████| 3/3 [00:32<00:00,  9.86s/it]
100%|██████████| 3/3 [00:32<00:00, 10.86s/it]
Loss: 0.21357998008110876, accuracy: 95.31949615478516


Epoch: 73/80
Training

  0%|          | 0/7 [00:00<?, ?it/s]
 14%|█▍        | 1/7 [00:13<01:22, 13.71s/it]
 29%|██▊       | 2/7 [00:27<01:08, 13.72s/it]
 43%|████▎     | 3/7 [00:41<00:54, 13.72s/it]
 57%|█████▋    | 4/7 [00:54<00:41, 13.72s/it]
 71%|███████▏  | 5/7 [01:08<00:27, 13.72s/it]
 86%|████████▌ | 6/7 [01:22<00:13, 13.73s/it]
100%|██████████| 7/7 [01:32<00:00, 12.48s/it]
100%|██████████| 7/7 [01:32<00:00, 13.18s/it]
Loss: 0.19966592179138762, accuracy: 96.6434097290039
Validating

  0%|          | 0/3 [00:00<?, ?it/s]
 33%|███▎      | 1/3 [00:13<00:27, 13.55s/it]
 67%|██████▋   | 2/3 [00:27<00:13, 13.54s/it]
100%|██████████| 3/3 [00:32<00:00,  9.84s/it]
100%|██████████| 3/3 [00:32<00:00, 10.84s/it]
Loss: 0.21315276614888004, accuracy: 95.31949615478516


Epoch: 74/80
Training

  0%|          | 0/7 [00:00<?, ?it/s]
 14%|█▍        | 1/7 [00:13<01:22, 13.73s/it]
 29%|██▊       | 2/7 [00:27<01:08, 13.73s/it]
 43%|████▎     | 3/7 [00:41<00:54, 13.72s/it]
 57%|█████▋    | 4/7 [00:54<00:41, 13.73s/it]
 71%|███████▏  | 5/7 [01:08<00:27, 13.73s/it]
 86%|████████▌ | 6/7 [01:22<00:13, 13.73s/it]
100%|██████████| 7/7 [01:32<00:00, 12.47s/it]
100%|██████████| 7/7 [01:32<00:00, 13.18s/it]
Loss: 0.19941019412564248, accuracy: 96.3673324584961
Validating

  0%|          | 0/3 [00:00<?, ?it/s]
 33%|███▎      | 1/3 [00:13<00:27, 13.54s/it]
 67%|██████▋   | 2/3 [00:27<00:13, 13.55s/it]
100%|██████████| 3/3 [00:32<00:00,  9.85s/it]
100%|██████████| 3/3 [00:32<00:00, 10.85s/it]
Loss: 0.21329543006022286, accuracy: 95.52300262451172


Epoch: 75/80
Training

  0%|          | 0/7 [00:00<?, ?it/s]
 14%|█▍        | 1/7 [00:13<01:22, 13.68s/it]
 29%|██▊       | 2/7 [00:27<01:08, 13.71s/it]
 43%|████▎     | 3/7 [00:41<00:54, 13.71s/it]
 57%|█████▋    | 4/7 [00:54<00:41, 13.72s/it]
 71%|███████▏  | 5/7 [01:08<00:27, 13.72s/it]
 86%|████████▌ | 6/7 [01:22<00:13, 13.72s/it]
100%|██████████| 7/7 [01:32<00:00, 12.47s/it]
100%|██████████| 7/7 [01:32<00:00, 13.17s/it]
Loss: 0.19857698788964379, accuracy: 96.51264190673828
Validating

  0%|          | 0/3 [00:00<?, ?it/s]
 33%|███▎      | 1/3 [00:13<00:27, 13.57s/it]
 67%|██████▋   | 2/3 [00:27<00:13, 13.55s/it]
100%|██████████| 3/3 [00:32<00:00,  9.85s/it]
100%|██████████| 3/3 [00:32<00:00, 10.85s/it]
Loss: 0.21247328205908222, accuracy: 95.31949615478516


Epoch: 76/80
Training

  0%|          | 0/7 [00:00<?, ?it/s]
 14%|█▍        | 1/7 [00:13<01:22, 13.74s/it]
 29%|██▊       | 2/7 [00:27<01:08, 13.72s/it]
 43%|████▎     | 3/7 [00:41<00:54, 13.73s/it]
 57%|█████▋    | 4/7 [00:54<00:41, 13.73s/it]
 71%|███████▏  | 5/7 [01:08<00:27, 13.73s/it]
 86%|████████▌ | 6/7 [01:22<00:13, 13.73s/it]
100%|██████████| 7/7 [01:32<00:00, 12.47s/it]
100%|██████████| 7/7 [01:32<00:00, 13.18s/it]
Loss: 0.19804262798371547, accuracy: 96.71607208251953
Validating

  0%|          | 0/3 [00:00<?, ?it/s]
 33%|███▎      | 1/3 [00:13<00:27, 13.54s/it]
 67%|██████▋   | 2/3 [00:27<00:13, 13.56s/it]
100%|██████████| 3/3 [00:32<00:00,  9.84s/it]
100%|██████████| 3/3 [00:32<00:00, 10.85s/it]
Loss: 0.21225163954324144, accuracy: 95.44159698486328


Epoch: 77/80
Training

  0%|          | 0/7 [00:00<?, ?it/s]
 14%|█▍        | 1/7 [00:13<01:22, 13.70s/it]
 29%|██▊       | 2/7 [00:27<01:08, 13.72s/it]
 43%|████▎     | 3/7 [00:41<00:54, 13.71s/it]
 57%|█████▋    | 4/7 [00:54<00:41, 13.72s/it]
 71%|███████▏  | 5/7 [01:08<00:27, 13.71s/it]
 86%|████████▌ | 6/7 [01:22<00:13, 13.71s/it]
100%|██████████| 7/7 [01:32<00:00, 12.47s/it]
100%|██████████| 7/7 [01:32<00:00, 13.17s/it]
Loss: 0.19787235079515608, accuracy: 96.3673324584961
Validating

  0%|          | 0/3 [00:00<?, ?it/s]
 33%|███▎      | 1/3 [00:13<00:27, 13.55s/it]
 67%|██████▋   | 2/3 [00:27<00:13, 13.56s/it]
100%|██████████| 3/3 [00:32<00:00,  9.85s/it]
100%|██████████| 3/3 [00:32<00:00, 10.85s/it]
Loss: 0.2120171326796699, accuracy: 95.60440063476562


Epoch: 78/80
Training

  0%|          | 0/7 [00:00<?, ?it/s]
 14%|█▍        | 1/7 [00:13<01:22, 13.67s/it]
 29%|██▊       | 2/7 [00:27<01:08, 13.70s/it]
 43%|████▎     | 3/7 [00:41<00:54, 13.70s/it]
 57%|█████▋    | 4/7 [00:54<00:41, 13.71s/it]
 71%|███████▏  | 5/7 [01:08<00:27, 13.70s/it]
 86%|████████▌ | 6/7 [01:22<00:13, 13.71s/it]
100%|██████████| 7/7 [01:32<00:00, 12.46s/it]
100%|██████████| 7/7 [01:32<00:00, 13.16s/it]
Loss: 0.19752954937835931, accuracy: 96.43998718261719
Validating

  0%|          | 0/3 [00:00<?, ?it/s]
 33%|███▎      | 1/3 [00:13<00:27, 13.56s/it]
 67%|██████▋   | 2/3 [00:27<00:13, 13.57s/it]
100%|██████████| 3/3 [00:32<00:00,  9.85s/it]
100%|██████████| 3/3 [00:32<00:00, 10.86s/it]
Loss: 0.21145045574743862, accuracy: 95.4822998046875


Epoch: 79/80
Training

  0%|          | 0/7 [00:00<?, ?it/s]
 14%|█▍        | 1/7 [00:13<01:22, 13.71s/it]
 29%|██▊       | 2/7 [00:27<01:08, 13.70s/it]
 43%|████▎     | 3/7 [00:41<00:54, 13.71s/it]
 57%|█████▋    | 4/7 [00:54<00:41, 13.72s/it]
 71%|███████▏  | 5/7 [01:08<00:27, 13.72s/it]
 86%|████████▌ | 6/7 [01:22<00:13, 13.71s/it]
100%|██████████| 7/7 [01:32<00:00, 12.47s/it]
100%|██████████| 7/7 [01:32<00:00, 13.17s/it]
Loss: 0.19788827154481178, accuracy: 96.65794372558594
Validating

  0%|          | 0/3 [00:00<?, ?it/s]
 33%|███▎      | 1/3 [00:13<00:27, 13.57s/it]
 67%|██████▋   | 2/3 [00:27<00:13, 13.57s/it]
100%|██████████| 3/3 [00:32<00:00,  9.85s/it]
100%|██████████| 3/3 [00:32<00:00, 10.86s/it]
Loss: 0.21135034045529744, accuracy: 95.64510345458984


Epoch: 80/80
Training

  0%|          | 0/7 [00:00<?, ?it/s]
 14%|█▍        | 1/7 [00:13<01:22, 13.68s/it]
 29%|██▊       | 2/7 [00:27<01:08, 13.70s/it]
 43%|████▎     | 3/7 [00:41<00:54, 13.71s/it]
 57%|█████▋    | 4/7 [00:54<00:41, 13.71s/it]
 71%|███████▏  | 5/7 [01:08<00:27, 13.71s/it]
 86%|████████▌ | 6/7 [01:22<00:13, 13.70s/it]
100%|██████████| 7/7 [01:32<00:00, 12.46s/it]
100%|██████████| 7/7 [01:32<00:00, 13.16s/it]
Loss: 0.19644091585128676, accuracy: 96.49810791015625
Validating

  0%|          | 0/3 [00:00<?, ?it/s]
 33%|███▎      | 1/3 [00:13<00:27, 13.50s/it]
 67%|██████▋   | 2/3 [00:27<00:13, 13.51s/it]
100%|██████████| 3/3 [00:32<00:00,  9.82s/it]
100%|██████████| 3/3 [00:32<00:00, 10.82s/it]
Loss: 0.2107270806967169, accuracy: 95.5636978149414


Training Time: 2.0h 46.0m 25.733266830444336s
Best validation accuracy: 95.64510345458984

  0%|          | 0/1 [00:00<?, ?it/s]
100%|██████████| 1/1 [00:06<00:00,  6.55s/it]
100%|██████████| 1/1 [00:06<00:00,  6.55s/it]

Evaluated on test set
accuracy: 96.334%, f1-score: 0.9633

Epoch: 1/50
Training

  0%|          | 0/7 [00:00<?, ?it/s]
 14%|█▍        | 1/7 [00:13<01:21, 13.61s/it]
 29%|██▊       | 2/7 [00:27<01:08, 13.68s/it]
 43%|████▎     | 3/7 [00:41<00:54, 13.71s/it]
 57%|█████▋    | 4/7 [00:54<00:41, 13.76s/it]
 71%|███████▏  | 5/7 [01:08<00:27, 13.85s/it]
 86%|████████▌ | 6/7 [01:23<00:13, 13.95s/it]
100%|██████████| 7/7 [01:33<00:00, 12.74s/it]
100%|██████████| 7/7 [01:33<00:00, 13.33s/it]
Loss: 0.7232364146766951, accuracy: 47.16651916503906
Validating

  0%|          | 0/3 [00:00<?, ?it/s]
 33%|███▎      | 1/3 [00:14<00:28, 14.20s/it]
 67%|██████▋   | 2/3 [00:28<00:14, 14.19s/it]
100%|██████████| 3/3 [00:34<00:00, 10.32s/it]
100%|██████████| 3/3 [00:34<00:00, 11.37s/it]
Loss: 0.6781132424270714, accuracy: 60.1546630859375


Epoch: 2/50
Training

  0%|          | 0/7 [00:00<?, ?it/s]
 14%|█▍        | 1/7 [00:13<01:23, 13.97s/it]
 29%|██▊       | 2/7 [00:28<01:10, 14.01s/it]
 43%|████▎     | 3/7 [00:42<00:56, 14.04s/it]
 57%|█████▋    | 4/7 [00:56<00:42, 14.07s/it]
 71%|███████▏  | 5/7 [01:10<00:28, 14.11s/it]
 86%|████████▌ | 6/7 [01:24<00:14, 14.16s/it]
100%|██████████| 7/7 [01:34<00:00, 12.88s/it]
100%|██████████| 7/7 [01:34<00:00, 13.56s/it]
Loss: 0.6892913425949139, accuracy: 55.05666732788086
Validating

  0%|          | 0/3 [00:00<?, ?it/s]
 33%|███▎      | 1/3 [00:14<00:28, 14.13s/it]
 67%|██████▋   | 2/3 [00:28<00:14, 14.18s/it]
100%|██████████| 3/3 [00:34<00:00, 10.31s/it]
100%|██████████| 3/3 [00:34<00:00, 11.35s/it]
Loss: 0.6589200305996943, accuracy: 64.50956726074219


Epoch: 3/50
Training

  0%|          | 0/7 [00:00<?, ?it/s]
 14%|█▍        | 1/7 [00:14<01:26, 14.46s/it]
 29%|██▊       | 2/7 [00:28<01:12, 14.49s/it]
 43%|████▎     | 3/7 [00:43<00:58, 14.51s/it]
 57%|█████▋    | 4/7 [00:58<00:43, 14.52s/it]
 71%|███████▏  | 5/7 [01:12<00:29, 14.51s/it]
 86%|████████▌ | 6/7 [01:27<00:14, 14.50s/it]
100%|██████████| 7/7 [01:37<00:00, 13.20s/it]
100%|██████████| 7/7 [01:37<00:00, 13.93s/it]
Loss: 0.6605893202868702, accuracy: 63.03399658203125
Validating

  0%|          | 0/3 [00:00<?, ?it/s]
 33%|███▎      | 1/3 [00:14<00:28, 14.33s/it]
 67%|██████▋   | 2/3 [00:28<00:14, 14.32s/it]
100%|██████████| 3/3 [00:34<00:00, 10.39s/it]
100%|██████████| 3/3 [00:34<00:00, 11.45s/it]
Loss: 0.6465322063325332, accuracy: 66.9108657836914


Epoch: 4/50
Training

  0%|          | 0/7 [00:00<?, ?it/s]
 14%|█▍        | 1/7 [00:14<01:27, 14.58s/it]
 29%|██▊       | 2/7 [00:29<01:12, 14.58s/it]
 43%|████▎     | 3/7 [00:43<00:58, 14.57s/it]
 57%|█████▋    | 4/7 [00:58<00:43, 14.53s/it]
 71%|███████▏  | 5/7 [01:12<00:29, 14.53s/it]
 86%|████████▌ | 6/7 [01:27<00:14, 14.54s/it]
100%|██████████| 7/7 [01:37<00:00, 13.22s/it]
100%|██████████| 7/7 [01:37<00:00, 13.97s/it]
Loss: 0.6385236173755587, accuracy: 67.349609375
Validating

  0%|          | 0/3 [00:00<?, ?it/s]
 33%|███▎      | 1/3 [00:14<00:28, 14.40s/it]
 67%|██████▋   | 2/3 [00:28<00:14, 14.41s/it]
100%|██████████| 3/3 [00:34<00:00, 10.47s/it]
100%|██████████| 3/3 [00:34<00:00, 11.53s/it]
Loss: 0.6278049195739472, accuracy: 69.63777160644531


Epoch: 5/50
Training

  0%|          | 0/7 [00:00<?, ?it/s]
 14%|█▍        | 1/7 [00:14<01:26, 14.47s/it]
 29%|██▊       | 2/7 [00:28<01:12, 14.48s/it]
 43%|████▎     | 3/7 [00:43<00:57, 14.48s/it]
 57%|█████▋    | 4/7 [00:57<00:43, 14.42s/it]
 71%|███████▏  | 5/7 [01:12<00:28, 14.38s/it]
 86%|████████▌ | 6/7 [01:26<00:14, 14.34s/it]
100%|██████████| 7/7 [01:36<00:00, 13.02s/it]
100%|██████████| 7/7 [01:36<00:00, 13.80s/it]
Loss: 0.6209345176725046, accuracy: 69.61638641357422
Validating

  0%|          | 0/3 [00:00<?, ?it/s]
 33%|███▎      | 1/3 [00:14<00:28, 14.17s/it]
 67%|██████▋   | 2/3 [00:28<00:14, 14.12s/it]
100%|██████████| 3/3 [00:33<00:00, 10.24s/it]
100%|██████████| 3/3 [00:33<00:00, 11.29s/it]
Loss: 0.6085838186192619, accuracy: 71.34716796875


Epoch: 6/50
Training

  0%|          | 0/7 [00:00<?, ?it/s]
 14%|█▍        | 1/7 [00:14<01:25, 14.29s/it]
 29%|██▊       | 2/7 [00:28<01:11, 14.32s/it]
 43%|████▎     | 3/7 [00:42<00:57, 14.32s/it]
 57%|█████▋    | 4/7 [00:57<00:43, 14.34s/it]
 71%|███████▏  | 5/7 [01:11<00:28, 14.35s/it]
 86%|████████▌ | 6/7 [01:26<00:14, 14.36s/it]
100%|██████████| 7/7 [01:36<00:00, 13.06s/it]
100%|██████████| 7/7 [01:36<00:00, 13.78s/it]
Loss: 0.607293266641716, accuracy: 70.82243347167969
Validating

  0%|          | 0/3 [00:00<?, ?it/s]
 33%|███▎      | 1/3 [00:14<00:28, 14.23s/it]
 67%|██████▋   | 2/3 [00:28<00:14, 14.22s/it]
100%|██████████| 3/3 [00:34<00:00, 10.33s/it]
100%|██████████| 3/3 [00:34<00:00, 11.38s/it]
Loss: 0.5941628675709228, accuracy: 71.79487609863281


Epoch: 7/50
Training

  0%|          | 0/7 [00:00<?, ?it/s]
 14%|█▍        | 1/7 [00:14<01:25, 14.30s/it]
 29%|██▊       | 2/7 [00:28<01:11, 14.33s/it]
 43%|████▎     | 3/7 [00:43<00:57, 14.35s/it]
 57%|█████▋    | 4/7 [00:57<00:43, 14.36s/it]
 71%|███████▏  | 5/7 [01:11<00:28, 14.35s/it]
 86%|████████▌ | 6/7 [01:26<00:14, 14.37s/it]
100%|██████████| 7/7 [01:36<00:00, 13.06s/it]
100%|██████████| 7/7 [01:36<00:00, 13.79s/it]
Loss: 0.5965278416101201, accuracy: 71.40365600585938
Validating

  0%|          | 0/3 [00:00<?, ?it/s]
 33%|███▎      | 1/3 [00:14<00:28, 14.25s/it]
 67%|██████▋   | 2/3 [00:28<00:14, 14.25s/it]
100%|██████████| 3/3 [00:34<00:00, 10.31s/it]
100%|██████████| 3/3 [00:34<00:00, 11.37s/it]
Loss: 0.5839587612563534, accuracy: 72.85307312011719


Epoch: 8/50
Training

  0%|          | 0/7 [00:00<?, ?it/s]
 14%|█▍        | 1/7 [00:14<01:26, 14.38s/it]
 29%|██▊       | 2/7 [00:28<01:11, 14.38s/it]
 43%|████▎     | 3/7 [00:43<00:57, 14.37s/it]
 57%|█████▋    | 4/7 [00:57<00:43, 14.37s/it]
 71%|███████▏  | 5/7 [01:11<00:28, 14.39s/it]
 86%|████████▌ | 6/7 [01:26<00:14, 14.38s/it]
100%|██████████| 7/7 [01:36<00:00, 13.08s/it]
100%|██████████| 7/7 [01:36<00:00, 13.81s/it]
Loss: 0.5882849043727233, accuracy: 72.47892761230469
Validating

  0%|          | 0/3 [00:00<?, ?it/s]
 33%|███▎      | 1/3 [00:14<00:28, 14.17s/it]
 67%|██████▋   | 2/3 [00:28<00:14, 14.19s/it]
100%|██████████| 3/3 [00:34<00:00, 10.29s/it]
100%|██████████| 3/3 [00:34<00:00, 11.34s/it]
Loss: 0.5757260961555881, accuracy: 73.09727478027344


Epoch: 9/50
Training

  0%|          | 0/7 [00:00<?, ?it/s]
 14%|█▍        | 1/7 [00:14<01:26, 14.45s/it]
 29%|██▊       | 2/7 [00:28<01:12, 14.46s/it]
 43%|████▎     | 3/7 [00:43<00:57, 14.44s/it]
 57%|█████▋    | 4/7 [00:57<00:43, 14.42s/it]
 71%|███████▏  | 5/7 [01:12<00:28, 14.41s/it]
 86%|████████▌ | 6/7 [01:26<00:14, 14.41s/it]
100%|██████████| 7/7 [01:36<00:00, 13.08s/it]
100%|██████████| 7/7 [01:36<00:00, 13.84s/it]
Loss: 0.5821840660373196, accuracy: 72.87125396728516
Validating

  0%|          | 0/3 [00:00<?, ?it/s]
 33%|███▎      | 1/3 [00:14<00:28, 14.23s/it]
 67%|██████▋   | 2/3 [00:28<00:14, 14.25s/it]
100%|██████████| 3/3 [00:34<00:00, 10.32s/it]
100%|██████████| 3/3 [00:34<00:00, 11.38s/it]
Loss: 0.5695722786983339, accuracy: 73.42288208007812


Epoch: 10/50
Training

  0%|          | 0/7 [00:00<?, ?it/s]
 14%|█▍        | 1/7 [00:14<01:27, 14.50s/it]
 29%|██▊       | 2/7 [00:28<01:12, 14.47s/it]
 43%|████▎     | 3/7 [00:43<00:57, 14.49s/it]
 57%|█████▋    | 4/7 [00:57<00:43, 14.49s/it]
 71%|███████▏  | 5/7 [01:12<00:28, 14.48s/it]
 86%|████████▌ | 6/7 [01:26<00:14, 14.48s/it]
100%|██████████| 7/7 [01:37<00:00, 13.16s/it]
100%|██████████| 7/7 [01:37<00:00, 13.91s/it]
Loss: 0.576679756512513, accuracy: 73.0746841430664
Validating

  0%|          | 0/3 [00:00<?, ?it/s]
 33%|███▎      | 1/3 [00:14<00:28, 14.28s/it]
 67%|██████▋   | 2/3 [00:28<00:14, 14.31s/it]
100%|██████████| 3/3 [00:34<00:00, 10.39s/it]
100%|██████████| 3/3 [00:34<00:00, 11.45s/it]
Loss: 0.5646527992257463, accuracy: 73.99267578125


Epoch: 11/50
Training

  0%|          | 0/7 [00:00<?, ?it/s]
 14%|█▍        | 1/7 [00:14<01:27, 14.59s/it]
 29%|██▊       | 2/7 [00:29<01:12, 14.55s/it]
 43%|████▎     | 3/7 [00:43<00:58, 14.52s/it]
 57%|█████▋    | 4/7 [00:58<00:43, 14.51s/it]
 71%|███████▏  | 5/7 [01:12<00:29, 14.51s/it]
 86%|████████▌ | 6/7 [01:27<00:14, 14.51s/it]
100%|██████████| 7/7 [01:37<00:00, 13.19s/it]
100%|██████████| 7/7 [01:37<00:00, 13.94s/it]
Loss: 0.5719293248026359, accuracy: 73.39435577392578
Validating

  0%|          | 0/3 [00:00<?, ?it/s]
 33%|███▎      | 1/3 [00:14<00:28, 14.42s/it]
 67%|██████▋   | 2/3 [00:28<00:14, 14.44s/it]
100%|██████████| 3/3 [00:34<00:00, 10.48s/it]
100%|██████████| 3/3 [00:34<00:00, 11.55s/it]
Loss: 0.5604283919798246, accuracy: 74.11477661132812


Epoch: 12/50
Training

  0%|          | 0/7 [00:00<?, ?it/s]
 14%|█▍        | 1/7 [00:14<01:26, 14.45s/it]
 29%|██▊       | 2/7 [00:28<01:12, 14.44s/it]
 43%|████▎     | 3/7 [00:43<00:57, 14.44s/it]
 57%|█████▋    | 4/7 [00:57<00:43, 14.44s/it]
 71%|███████▏  | 5/7 [01:12<00:28, 14.46s/it]
 86%|████████▌ | 6/7 [01:26<00:14, 14.45s/it]
100%|██████████| 7/7 [01:37<00:00, 13.12s/it]
100%|██████████| 7/7 [01:37<00:00, 13.87s/it]
Loss: 0.5695446268031501, accuracy: 73.36530303955078
Validating

  0%|          | 0/3 [00:00<?, ?it/s]
 33%|███▎      | 1/3 [00:14<00:28, 14.35s/it]
 67%|██████▋   | 2/3 [00:28<00:14, 14.34s/it]
100%|██████████| 3/3 [00:34<00:00, 10.40s/it]
100%|██████████| 3/3 [00:34<00:00, 11.46s/it]
Loss: 0.5569744322374676, accuracy: 74.44037628173828


Epoch: 13/50
Training

  0%|          | 0/7 [00:00<?, ?it/s]
 14%|█▍        | 1/7 [00:14<01:27, 14.50s/it]
 29%|██▊       | 2/7 [00:28<01:12, 14.47s/it]
 43%|████▎     | 3/7 [00:43<00:57, 14.50s/it]
 57%|█████▋    | 4/7 [00:58<00:43, 14.52s/it]
 71%|███████▏  | 5/7 [01:12<00:29, 14.53s/it]
 86%|████████▌ | 6/7 [01:27<00:14, 14.54s/it]
100%|██████████| 7/7 [01:37<00:00, 13.21s/it]
100%|██████████| 7/7 [01:37<00:00, 13.95s/it]
Loss: 0.5655450864920468, accuracy: 73.6268539428711
Validating

  0%|          | 0/3 [00:00<?, ?it/s]
 33%|███▎      | 1/3 [00:14<00:28, 14.32s/it]
 67%|██████▋   | 2/3 [00:28<00:14, 14.34s/it]
100%|██████████| 3/3 [00:34<00:00, 10.41s/it]
100%|██████████| 3/3 [00:34<00:00, 11.47s/it]
Loss: 0.55421450007578, accuracy: 74.84737396240234


Epoch: 14/50
Training

  0%|          | 0/7 [00:00<?, ?it/s]
 14%|█▍        | 1/7 [00:14<01:27, 14.51s/it]
 29%|██▊       | 2/7 [00:28<01:12, 14.50s/it]
 43%|████▎     | 3/7 [00:43<00:57, 14.49s/it]
 57%|█████▋    | 4/7 [00:57<00:43, 14.46s/it]
 71%|███████▏  | 5/7 [01:12<00:28, 14.44s/it]
 86%|████████▌ | 6/7 [01:26<00:14, 14.43s/it]
100%|██████████| 7/7 [01:37<00:00, 13.11s/it]
100%|██████████| 7/7 [01:37<00:00, 13.87s/it]
Loss: 0.5635066177393939, accuracy: 73.5687255859375
Validating

  0%|          | 0/3 [00:00<?, ?it/s]
 33%|███▎      | 1/3 [00:14<00:28, 14.31s/it]
 67%|██████▋   | 2/3 [00:28<00:14, 14.30s/it]
100%|██████████| 3/3 [00:34<00:00, 10.37s/it]
100%|██████████| 3/3 [00:34<00:00, 11.43s/it]
Loss: 0.5518092634622577, accuracy: 74.96947479248047


Epoch: 15/50
Training

  0%|          | 0/7 [00:00<?, ?it/s]
 14%|█▍        | 1/7 [00:14<01:26, 14.38s/it]
 29%|██▊       | 2/7 [00:28<01:11, 14.37s/it]
 43%|████▎     | 3/7 [00:43<00:57, 14.38s/it]
 57%|█████▋    | 4/7 [00:57<00:43, 14.38s/it]
 71%|███████▏  | 5/7 [01:11<00:28, 14.39s/it]
 86%|████████▌ | 6/7 [01:26<00:14, 14.39s/it]
100%|██████████| 7/7 [01:36<00:00, 13.07s/it]
100%|██████████| 7/7 [01:36<00:00, 13.81s/it]
Loss: 0.5605393170582905, accuracy: 73.72856903076172
Validating

  0%|          | 0/3 [00:00<?, ?it/s]
 33%|███▎      | 1/3 [00:14<00:28, 14.24s/it]
 67%|██████▋   | 2/3 [00:28<00:14, 14.26s/it]
100%|██████████| 3/3 [00:34<00:00, 10.34s/it]
100%|██████████| 3/3 [00:34<00:00, 11.40s/it]
Loss: 0.5499273353735024, accuracy: 75.01017761230469


Epoch: 16/50
Training

  0%|          | 0/7 [00:00<?, ?it/s]
 14%|█▍        | 1/7 [00:14<01:26, 14.41s/it]
 29%|██▊       | 2/7 [00:28<01:12, 14.41s/it]
 43%|████▎     | 3/7 [00:43<00:57, 14.41s/it]
 57%|█████▋    | 4/7 [00:57<00:43, 14.41s/it]
 71%|███████▏  | 5/7 [01:12<00:28, 14.40s/it]
 86%|████████▌ | 6/7 [01:26<00:14, 14.41s/it]
100%|██████████| 7/7 [01:36<00:00, 13.09s/it]
100%|██████████| 7/7 [01:36<00:00, 13.83s/it]
Loss: 0.5591308333540476, accuracy: 73.96105194091797
Validating

  0%|          | 0/3 [00:00<?, ?it/s]
 33%|███▎      | 1/3 [00:14<00:28, 14.26s/it]
 67%|██████▋   | 2/3 [00:28<00:14, 14.28s/it]
100%|██████████| 3/3 [00:34<00:00, 10.35s/it]
100%|██████████| 3/3 [00:34<00:00, 11.41s/it]
Loss: 0.5478859291020379, accuracy: 75.13227844238281


Epoch: 17/50
Training

  0%|          | 0/7 [00:00<?, ?it/s]
 14%|█▍        | 1/7 [00:14<01:26, 14.43s/it]
 29%|██▊       | 2/7 [00:28<01:12, 14.43s/it]
 43%|████▎     | 3/7 [00:43<00:57, 14.44s/it]
 57%|█████▋    | 4/7 [00:57<00:43, 14.43s/it]
 71%|███████▏  | 5/7 [01:12<00:28, 14.42s/it]
 86%|████████▌ | 6/7 [01:26<00:14, 14.40s/it]
100%|██████████| 7/7 [01:36<00:00, 13.07s/it]
100%|██████████| 7/7 [01:36<00:00, 13.83s/it]
Loss: 0.5575693123079393, accuracy: 73.94652557373047
Validating

  0%|          | 0/3 [00:00<?, ?it/s]
 33%|███▎      | 1/3 [00:14<00:28, 14.19s/it]
 67%|██████▋   | 2/3 [00:28<00:14, 14.20s/it]
100%|██████████| 3/3 [00:34<00:00, 10.30s/it]
100%|██████████| 3/3 [00:34<00:00, 11.35s/it]
Loss: 0.5462154921934185, accuracy: 75.17298126220703


Epoch: 18/50
Training

  0%|          | 0/7 [00:00<?, ?it/s]
 14%|█▍        | 1/7 [00:14<01:26, 14.40s/it]
 29%|██▊       | 2/7 [00:28<01:12, 14.41s/it]
 43%|████▎     | 3/7 [00:43<00:57, 14.41s/it]
 57%|█████▋    | 4/7 [00:57<00:43, 14.41s/it]
 71%|███████▏  | 5/7 [01:12<00:28, 14.41s/it]
 86%|████████▌ | 6/7 [01:26<00:14, 14.38s/it]
100%|██████████| 7/7 [01:36<00:00, 13.06s/it]
100%|██████████| 7/7 [01:36<00:00, 13.81s/it]
Loss: 0.5561654151300122, accuracy: 74.01917266845703
Validating

  0%|          | 0/3 [00:00<?, ?it/s]
 33%|███▎      | 1/3 [00:14<00:28, 14.15s/it]
 67%|██████▋   | 2/3 [00:28<00:14, 14.20s/it]
100%|██████████| 3/3 [00:34<00:00, 10.29s/it]
100%|██████████| 3/3 [00:34<00:00, 11.34s/it]
Loss: 0.5449409674326967, accuracy: 75.13227844238281


Epoch: 19/50
Training

  0%|          | 0/7 [00:00<?, ?it/s]
 14%|█▍        | 1/7 [00:14<01:26, 14.34s/it]
 29%|██▊       | 2/7 [00:28<01:11, 14.34s/it]
 43%|████▎     | 3/7 [00:43<00:57, 14.35s/it]
 57%|█████▋    | 4/7 [00:57<00:43, 14.34s/it]
 71%|███████▏  | 5/7 [01:11<00:28, 14.34s/it]
 86%|████████▌ | 6/7 [01:26<00:14, 14.37s/it]
100%|██████████| 7/7 [01:36<00:00, 13.05s/it]
100%|██████████| 7/7 [01:36<00:00, 13.78s/it]
Loss: 0.5535263391436273, accuracy: 74.09183502197266
Validating

  0%|          | 0/3 [00:00<?, ?it/s]
 33%|███▎      | 1/3 [00:14<00:28, 14.17s/it]
 67%|██████▋   | 2/3 [00:28<00:14, 14.18s/it]
100%|██████████| 3/3 [00:34<00:00, 10.29s/it]
100%|██████████| 3/3 [00:34<00:00, 11.34s/it]
Loss: 0.5435448534177191, accuracy: 75.21367645263672


Epoch: 20/50
Training

  0%|          | 0/7 [00:00<?, ?it/s]
 14%|█▍        | 1/7 [00:14<01:26, 14.43s/it]
 29%|██▊       | 2/7 [00:28<01:12, 14.46s/it]
 43%|████▎     | 3/7 [00:43<00:57, 14.45s/it]
 57%|█████▋    | 4/7 [00:57<00:43, 14.46s/it]
 71%|███████▏  | 5/7 [01:12<00:28, 14.46s/it]
 86%|████████▌ | 6/7 [01:26<00:14, 14.46s/it]
100%|██████████| 7/7 [01:37<00:00, 13.14s/it]
100%|██████████| 7/7 [01:37<00:00, 13.88s/it]
Loss: 0.5526617188434274, accuracy: 74.07730102539062
Validating

  0%|          | 0/3 [00:00<?, ?it/s]
 33%|███▎      | 1/3 [00:14<00:28, 14.28s/it]
 67%|██████▋   | 2/3 [00:28<00:14, 14.29s/it]
100%|██████████| 3/3 [00:34<00:00, 10.38s/it]
100%|██████████| 3/3 [00:34<00:00, 11.43s/it]
Loss: 0.542301623109011, accuracy: 75.17298126220703


Epoch: 21/50
Training

  0%|          | 0/7 [00:00<?, ?it/s]
 14%|█▍        | 1/7 [00:14<01:26, 14.45s/it]
 29%|██▊       | 2/7 [00:28<01:12, 14.45s/it]
 43%|████▎     | 3/7 [00:43<00:57, 14.45s/it]
 57%|█████▋    | 4/7 [00:57<00:43, 14.46s/it]
 71%|███████▏  | 5/7 [01:12<00:28, 14.47s/it]
 86%|████████▌ | 6/7 [01:26<00:14, 14.47s/it]
100%|██████████| 7/7 [01:37<00:00, 13.14s/it]
100%|██████████| 7/7 [01:37<00:00, 13.88s/it]
Loss: 0.5513733519575201, accuracy: 74.20807647705078
Validating

  0%|          | 0/3 [00:00<?, ?it/s]
 33%|███▎      | 1/3 [00:14<00:28, 14.36s/it]
 67%|██████▋   | 2/3 [00:28<00:14, 14.33s/it]
100%|██████████| 3/3 [00:34<00:00, 10.41s/it]
100%|██████████| 3/3 [00:34<00:00, 11.47s/it]
Loss: 0.5412389231397701, accuracy: 75.21367645263672


Epoch: 22/50
Training

  0%|          | 0/7 [00:00<?, ?it/s]
 14%|█▍        | 1/7 [00:14<01:26, 14.41s/it]
 29%|██▊       | 2/7 [00:28<01:12, 14.40s/it]
 43%|████▎     | 3/7 [00:43<00:57, 14.39s/it]
 57%|█████▋    | 4/7 [00:57<00:43, 14.37s/it]
 71%|███████▏  | 5/7 [01:12<00:28, 14.41s/it]
 86%|████████▌ | 6/7 [01:26<00:14, 14.40s/it]
100%|██████████| 7/7 [01:36<00:00, 13.07s/it]
100%|██████████| 7/7 [01:36<00:00, 13.82s/it]
Loss: 0.5507503619931251, accuracy: 74.07730102539062
Validating

  0%|          | 0/3 [00:00<?, ?it/s]
 33%|███▎      | 1/3 [00:14<00:28, 14.21s/it]
 67%|██████▋   | 2/3 [00:28<00:14, 14.22s/it]
100%|██████████| 3/3 [00:34<00:00, 10.32s/it]
100%|██████████| 3/3 [00:34<00:00, 11.37s/it]
Loss: 0.5404033020205453, accuracy: 75.17298126220703


Epoch: 23/50
Training

  0%|          | 0/7 [00:00<?, ?it/s]
 14%|█▍        | 1/7 [00:14<01:26, 14.36s/it]
 29%|██▊       | 2/7 [00:28<01:11, 14.36s/it]
 43%|████▎     | 3/7 [00:43<00:57, 14.39s/it]
 57%|█████▋    | 4/7 [00:57<00:43, 14.43s/it]
 71%|███████▏  | 5/7 [01:12<00:28, 14.46s/it]
 86%|████████▌ | 6/7 [01:26<00:14, 14.48s/it]
100%|██████████| 7/7 [01:37<00:00, 13.16s/it]
100%|██████████| 7/7 [01:37<00:00, 13.87s/it]
Loss: 0.5490671159638392, accuracy: 74.17901611328125
Validating

  0%|          | 0/3 [00:00<?, ?it/s]
 33%|███▎      | 1/3 [00:14<00:28, 14.35s/it]
 67%|██████▋   | 2/3 [00:28<00:14, 14.34s/it]
100%|██████████| 3/3 [00:34<00:00, 10.40s/it]
100%|██████████| 3/3 [00:34<00:00, 11.46s/it]
Loss: 0.5393703869556479, accuracy: 75.33577728271484


Epoch: 24/50
Training

  0%|          | 0/7 [00:00<?, ?it/s]
 14%|█▍        | 1/7 [00:14<01:27, 14.56s/it]
 29%|██▊       | 2/7 [00:29<01:12, 14.56s/it]
 43%|████▎     | 3/7 [00:43<00:58, 14.57s/it]
 57%|█████▋    | 4/7 [00:58<00:43, 14.57s/it]
 71%|███████▏  | 5/7 [01:12<00:29, 14.58s/it]
 86%|████████▌ | 6/7 [01:27<00:14, 14.58s/it]
100%|██████████| 7/7 [01:37<00:00, 13.25s/it]
100%|██████████| 7/7 [01:37<00:00, 13.99s/it]
Loss: 0.547561941261868, accuracy: 74.16448974609375
Validating

  0%|          | 0/3 [00:00<?, ?it/s]
 33%|███▎      | 1/3 [00:14<00:28, 14.38s/it]
 67%|██████▋   | 2/3 [00:28<00:14, 14.41s/it]
100%|██████████| 3/3 [00:34<00:00, 10.46s/it]
100%|██████████| 3/3 [00:34<00:00, 11.52s/it]
Loss: 0.5385982390822168, accuracy: 75.29508209228516


Epoch: 25/50
Training

  0%|          | 0/7 [00:00<?, ?it/s]
 14%|█▍        | 1/7 [00:14<01:27, 14.54s/it]
 29%|██▊       | 2/7 [00:29<01:12, 14.55s/it]
 43%|████▎     | 3/7 [00:43<00:58, 14.57s/it]
 57%|█████▋    | 4/7 [00:58<00:43, 14.57s/it]
 71%|███████▏  | 5/7 [01:12<00:29, 14.57s/it]
 86%|████████▌ | 6/7 [01:27<00:14, 14.58s/it]
100%|██████████| 7/7 [01:37<00:00, 13.25s/it]
100%|██████████| 7/7 [01:37<00:00, 13.99s/it]
Loss: 0.5467906376540194, accuracy: 74.12088775634766
Validating

  0%|          | 0/3 [00:00<?, ?it/s]
 33%|███▎      | 1/3 [00:14<00:28, 14.40s/it]
 67%|██████▋   | 2/3 [00:28<00:14, 14.41s/it]
100%|██████████| 3/3 [00:34<00:00, 10.47s/it]
100%|██████████| 3/3 [00:34<00:00, 11.53s/it]
Loss: 0.5376963858008628, accuracy: 75.37648010253906


Epoch: 26/50
Training

  0%|          | 0/7 [00:00<?, ?it/s]
 14%|█▍        | 1/7 [00:14<01:26, 14.45s/it]
 29%|██▊       | 2/7 [00:28<01:12, 14.46s/it]
 43%|████▎     | 3/7 [00:43<00:57, 14.45s/it]
 57%|█████▋    | 4/7 [00:57<00:43, 14.46s/it]
 71%|███████▏  | 5/7 [01:12<00:28, 14.46s/it]
 86%|████████▌ | 6/7 [01:26<00:14, 14.46s/it]
100%|██████████| 7/7 [01:37<00:00, 13.13s/it]
100%|██████████| 7/7 [01:37<00:00, 13.88s/it]
Loss: 0.5459179642830294, accuracy: 74.32432556152344
Validating

  0%|          | 0/3 [00:00<?, ?it/s]
 33%|███▎      | 1/3 [00:14<00:28, 14.26s/it]
 67%|██████▋   | 2/3 [00:28<00:14, 14.28s/it]
100%|██████████| 3/3 [00:34<00:00, 10.36s/it]
100%|██████████| 3/3 [00:34<00:00, 11.42s/it]
Loss: 0.5369200496398, accuracy: 75.49858093261719


Epoch: 27/50
Training

  0%|          | 0/7 [00:00<?, ?it/s]
 14%|█▍        | 1/7 [00:14<01:26, 14.40s/it]
 29%|██▊       | 2/7 [00:28<01:11, 14.39s/it]
 43%|████▎     | 3/7 [00:43<00:57, 14.41s/it]
 57%|█████▋    | 4/7 [00:57<00:43, 14.41s/it]
 71%|███████▏  | 5/7 [01:12<00:28, 14.41s/it]
 86%|████████▌ | 6/7 [01:26<00:14, 14.42s/it]
100%|██████████| 7/7 [01:36<00:00, 13.10s/it]
100%|██████████| 7/7 [01:36<00:00, 13.84s/it]
Loss: 0.5446892970005325, accuracy: 74.26620483398438
Validating

  0%|          | 0/3 [00:00<?, ?it/s]
 33%|███▎      | 1/3 [00:14<00:28, 14.28s/it]
 67%|██████▋   | 2/3 [00:28<00:14, 14.29s/it]
100%|██████████| 3/3 [00:34<00:00, 10.37s/it]
100%|██████████| 3/3 [00:34<00:00, 11.43s/it]
Loss: 0.5361972155006232, accuracy: 75.33577728271484


Epoch: 28/50
Training

  0%|          | 0/7 [00:00<?, ?it/s]
 14%|█▍        | 1/7 [00:14<01:26, 14.39s/it]
 29%|██▊       | 2/7 [00:28<01:12, 14.41s/it]
 43%|████▎     | 3/7 [00:43<00:57, 14.41s/it]
 57%|█████▋    | 4/7 [00:57<00:43, 14.41s/it]
 71%|███████▏  | 5/7 [01:12<00:28, 14.42s/it]
 86%|████████▌ | 6/7 [01:26<00:14, 14.39s/it]
100%|██████████| 7/7 [01:36<00:00, 13.04s/it]
100%|██████████| 7/7 [01:36<00:00, 13.81s/it]
Loss: 0.5437345421962079, accuracy: 74.32432556152344
Validating

  0%|          | 0/3 [00:00<?, ?it/s]
 33%|███▎      | 1/3 [00:14<00:28, 14.09s/it]
 67%|██████▋   | 2/3 [00:28<00:14, 14.10s/it]
100%|██████████| 3/3 [00:33<00:00, 10.23s/it]
100%|██████████| 3/3 [00:33<00:00, 11.27s/it]
Loss: 0.5354951145108463, accuracy: 75.45787811279297


Epoch: 29/50
Training

  0%|          | 0/7 [00:00<?, ?it/s]
 14%|█▍        | 1/7 [00:14<01:25, 14.28s/it]
 29%|██▊       | 2/7 [00:28<01:11, 14.30s/it]
 43%|████▎     | 3/7 [00:42<00:57, 14.32s/it]
 57%|█████▋    | 4/7 [00:57<00:42, 14.31s/it]
 71%|███████▏  | 5/7 [01:11<00:28, 14.31s/it]
 86%|████████▌ | 6/7 [01:25<00:14, 14.30s/it]
100%|██████████| 7/7 [01:36<00:00, 12.99s/it]
100%|██████████| 7/7 [01:36<00:00, 13.73s/it]
Loss: 0.5430863884533952, accuracy: 74.42604064941406
Validating

  0%|          | 0/3 [00:00<?, ?it/s]
 33%|███▎      | 1/3 [00:14<00:28, 14.17s/it]
 67%|██████▋   | 2/3 [00:28<00:14, 14.18s/it]
100%|██████████| 3/3 [00:34<00:00, 10.29s/it]
100%|██████████| 3/3 [00:34<00:00, 11.34s/it]
Loss: 0.5347681690824677, accuracy: 75.45787811279297


Epoch: 30/50
Training

  0%|          | 0/7 [00:00<?, ?it/s]
 14%|█▍        | 1/7 [00:14<01:25, 14.32s/it]
 29%|██▊       | 2/7 [00:28<01:11, 14.33s/it]
 43%|████▎     | 3/7 [00:42<00:57, 14.33s/it]
 57%|█████▋    | 4/7 [00:57<00:43, 14.36s/it]
 71%|███████▏  | 5/7 [01:11<00:28, 14.35s/it]
 86%|████████▌ | 6/7 [01:26<00:14, 14.34s/it]
100%|██████████| 7/7 [01:36<00:00, 13.02s/it]
100%|██████████| 7/7 [01:36<00:00, 13.76s/it]
Loss: 0.5425098355999176, accuracy: 74.35338592529297
Validating

  0%|          | 0/3 [00:00<?, ?it/s]
 33%|███▎      | 1/3 [00:14<00:28, 14.17s/it]
 67%|██████▋   | 2/3 [00:28<00:14, 14.21s/it]
100%|██████████| 3/3 [00:34<00:00, 10.31s/it]
100%|██████████| 3/3 [00:34<00:00, 11.36s/it]
Loss: 0.5341564635459999, accuracy: 75.29508209228516


Epoch: 31/50
Training

  0%|          | 0/7 [00:00<?, ?it/s]
 14%|█▍        | 1/7 [00:14<01:26, 14.40s/it]
 29%|██▊       | 2/7 [00:28<01:11, 14.37s/it]
 43%|████▎     | 3/7 [00:43<00:57, 14.36s/it]
 57%|█████▋    | 4/7 [00:57<00:43, 14.39s/it]
 71%|███████▏  | 5/7 [01:11<00:28, 14.40s/it]
 86%|████████▌ | 6/7 [01:26<00:14, 14.38s/it]
100%|██████████| 7/7 [01:36<00:00, 13.05s/it]
100%|██████████| 7/7 [01:36<00:00, 13.80s/it]
Loss: 0.5412219176802376, accuracy: 74.38243865966797
Validating

  0%|          | 0/3 [00:00<?, ?it/s]
 33%|███▎      | 1/3 [00:14<00:28, 14.23s/it]
 67%|██████▋   | 2/3 [00:28<00:14, 14.20s/it]
100%|██████████| 3/3 [00:34<00:00, 10.31s/it]
100%|██████████| 3/3 [00:34<00:00, 11.36s/it]
Loss: 0.533612896186043, accuracy: 75.45787811279297


Epoch: 32/50
Training

  0%|          | 0/7 [00:00<?, ?it/s]
 14%|█▍        | 1/7 [00:14<01:25, 14.33s/it]
 29%|██▊       | 2/7 [00:28<01:11, 14.38s/it]
 43%|████▎     | 3/7 [00:43<00:57, 14.36s/it]
 57%|█████▋    | 4/7 [00:57<00:43, 14.35s/it]
 71%|███████▏  | 5/7 [01:11<00:28, 14.36s/it]
 86%|████████▌ | 6/7 [01:26<00:14, 14.38s/it]
100%|██████████| 7/7 [01:36<00:00, 13.05s/it]
100%|██████████| 7/7 [01:36<00:00, 13.79s/it]
Loss: 0.540453076327966, accuracy: 74.52775573730469
Validating

  0%|          | 0/3 [00:00<?, ?it/s]
 33%|███▎      | 1/3 [00:14<00:28, 14.15s/it]
 67%|██████▋   | 2/3 [00:28<00:14, 14.18s/it]
100%|██████████| 3/3 [00:34<00:00, 10.29s/it]
100%|██████████| 3/3 [00:34<00:00, 11.34s/it]
Loss: 0.5329891777300573, accuracy: 75.45787811279297


Epoch: 33/50
Training

  0%|          | 0/7 [00:00<?, ?it/s]
 14%|█▍        | 1/7 [00:14<01:26, 14.40s/it]
 29%|██▊       | 2/7 [00:28<01:11, 14.39s/it]
 43%|████▎     | 3/7 [00:43<00:57, 14.36s/it]
 57%|█████▋    | 4/7 [00:57<00:43, 14.35s/it]
 71%|███████▏  | 5/7 [01:11<00:28, 14.37s/it]
 86%|████████▌ | 6/7 [01:26<00:14, 14.36s/it]
100%|██████████| 7/7 [01:36<00:00, 13.04s/it]
100%|██████████| 7/7 [01:36<00:00, 13.79s/it]
Loss: 0.5404037108985327, accuracy: 74.4696273803711
Validating

  0%|          | 0/3 [00:00<?, ?it/s]
 33%|███▎      | 1/3 [00:14<00:28, 14.20s/it]
 67%|██████▋   | 2/3 [00:28<00:14, 14.22s/it]
100%|██████████| 3/3 [00:34<00:00, 10.32s/it]
100%|██████████| 3/3 [00:34<00:00, 11.37s/it]
Loss: 0.5323418807973694, accuracy: 75.37648010253906


Epoch: 34/50
Training

  0%|          | 0/7 [00:00<?, ?it/s]
 14%|█▍        | 1/7 [00:14<01:26, 14.37s/it]
 29%|██▊       | 2/7 [00:28<01:11, 14.34s/it]
 43%|████▎     | 3/7 [00:43<00:57, 14.36s/it]
 57%|█████▋    | 4/7 [00:57<00:43, 14.36s/it]
 71%|███████▏  | 5/7 [01:11<00:28, 14.35s/it]
 86%|████████▌ | 6/7 [01:26<00:14, 14.34s/it]
100%|██████████| 7/7 [01:36<00:00, 13.04s/it]
100%|██████████| 7/7 [01:36<00:00, 13.78s/it]
Loss: 0.5387674063071717, accuracy: 74.4551010131836
Validating

  0%|          | 0/3 [00:00<?, ?it/s]
 33%|███▎      | 1/3 [00:14<00:28, 14.16s/it]
 67%|██████▋   | 2/3 [00:28<00:14, 14.19s/it]
100%|██████████| 3/3 [00:34<00:00, 10.29s/it]
100%|██████████| 3/3 [00:34<00:00, 11.34s/it]
Loss: 0.5318788286142345, accuracy: 75.45787811279297


Epoch: 35/50
Training

  0%|          | 0/7 [00:00<?, ?it/s]
 14%|█▍        | 1/7 [00:14<01:25, 14.31s/it]
 29%|██▊       | 2/7 [00:28<01:11, 14.33s/it]
 43%|████▎     | 3/7 [00:43<00:57, 14.40s/it]
 57%|█████▋    | 4/7 [00:57<00:43, 14.40s/it]
 71%|███████▏  | 5/7 [01:11<00:28, 14.36s/it]
 86%|████████▌ | 6/7 [01:26<00:14, 14.38s/it]
100%|██████████| 7/7 [01:36<00:00, 13.06s/it]
100%|██████████| 7/7 [01:36<00:00, 13.80s/it]
Loss: 0.5380888704954279, accuracy: 74.55680847167969
Validating

  0%|          | 0/3 [00:00<?, ?it/s]
 33%|███▎      | 1/3 [00:14<00:28, 14.12s/it]
 67%|██████▋   | 2/3 [00:28<00:14, 14.15s/it]
100%|██████████| 3/3 [00:33<00:00, 10.26s/it]
100%|██████████| 3/3 [00:33<00:00, 11.31s/it]
Loss: 0.5313339465072983, accuracy: 75.5799789428711


Epoch: 36/50
Training

  0%|          | 0/7 [00:00<?, ?it/s]
 14%|█▍        | 1/7 [00:14<01:25, 14.28s/it]
 29%|██▊       | 2/7 [00:28<01:11, 14.32s/it]
 43%|████▎     | 3/7 [00:42<00:57, 14.32s/it]
 57%|█████▋    | 4/7 [00:57<00:42, 14.32s/it]
 71%|███████▏  | 5/7 [01:11<00:28, 14.33s/it]
 86%|████████▌ | 6/7 [01:25<00:14, 14.34s/it]
100%|██████████| 7/7 [01:36<00:00, 13.02s/it]
100%|██████████| 7/7 [01:36<00:00, 13.75s/it]
Loss: 0.5383877790933845, accuracy: 74.4696273803711
Validating

  0%|          | 0/3 [00:00<?, ?it/s]
 33%|███▎      | 1/3 [00:14<00:28, 14.20s/it]
 67%|██████▋   | 2/3 [00:28<00:14, 14.20s/it]
100%|██████████| 3/3 [00:34<00:00, 10.29s/it]
100%|██████████| 3/3 [00:34<00:00, 11.34s/it]
Loss: 0.5309518323616134, accuracy: 75.45787811279297


Epoch: 37/50
Training

  0%|          | 0/7 [00:00<?, ?it/s]
 14%|█▍        | 1/7 [00:14<01:25, 14.30s/it]
 29%|██▊       | 2/7 [00:28<01:11, 14.32s/it]
 43%|████▎     | 3/7 [00:42<00:57, 14.32s/it]
 57%|█████▋    | 4/7 [00:57<00:42, 14.32s/it]
 71%|███████▏  | 5/7 [01:11<00:28, 14.31s/it]
 86%|████████▌ | 6/7 [01:25<00:14, 14.31s/it]
100%|██████████| 7/7 [01:36<00:00, 12.98s/it]
100%|██████████| 7/7 [01:36<00:00, 13.73s/it]
Loss: 0.5374282105860756, accuracy: 74.29525756835938
Validating

  0%|          | 0/3 [00:00<?, ?it/s]
 33%|███▎      | 1/3 [00:14<00:28, 14.18s/it]
 67%|██████▋   | 2/3 [00:28<00:14, 14.18s/it]
100%|██████████| 3/3 [00:34<00:00, 10.29s/it]
100%|██████████| 3/3 [00:34<00:00, 11.34s/it]
Loss: 0.5303148422534261, accuracy: 75.62068176269531


Epoch: 38/50
Training

  0%|          | 0/7 [00:00<?, ?it/s]
 14%|█▍        | 1/7 [00:14<01:26, 14.34s/it]
 29%|██▊       | 2/7 [00:28<01:11, 14.35s/it]
 43%|████▎     | 3/7 [00:42<00:57, 14.33s/it]
 57%|█████▋    | 4/7 [00:57<00:43, 14.34s/it]
 71%|███████▏  | 5/7 [01:11<00:28, 14.33s/it]
 86%|████████▌ | 6/7 [01:26<00:14, 14.34s/it]
100%|██████████| 7/7 [01:36<00:00, 13.02s/it]
100%|██████████| 7/7 [01:36<00:00, 13.76s/it]
Loss: 0.5366833383383636, accuracy: 74.4551010131836
Validating

  0%|          | 0/3 [00:00<?, ?it/s]
 33%|███▎      | 1/3 [00:14<00:28, 14.19s/it]
 67%|██████▋   | 2/3 [00:28<00:14, 14.16s/it]
100%|██████████| 3/3 [00:33<00:00, 10.27s/it]
100%|██████████| 3/3 [00:33<00:00, 11.32s/it]
Loss: 0.5298749298209041, accuracy: 75.53927612304688


Epoch: 39/50
Training

  0%|          | 0/7 [00:00<?, ?it/s]
 14%|█▍        | 1/7 [00:14<01:25, 14.32s/it]
 29%|██▊       | 2/7 [00:28<01:11, 14.36s/it]
 43%|████▎     | 3/7 [00:43<00:57, 14.36s/it]
 57%|█████▋    | 4/7 [00:57<00:43, 14.37s/it]
 71%|███████▏  | 5/7 [01:11<00:28, 14.37s/it]
 86%|████████▌ | 6/7 [01:26<00:14, 14.37s/it]
100%|██████████| 7/7 [01:36<00:00, 13.04s/it]
100%|██████████| 7/7 [01:36<00:00, 13.79s/it]
Loss: 0.5371221117556216, accuracy: 74.67305755615234
Validating

  0%|          | 0/3 [00:00<?, ?it/s]
 33%|███▎      | 1/3 [00:14<00:28, 14.14s/it]
 67%|██████▋   | 2/3 [00:28<00:14, 14.19s/it]
100%|██████████| 3/3 [00:34<00:00, 10.30s/it]
100%|██████████| 3/3 [00:34<00:00, 11.35s/it]
Loss: 0.5301244677592934, accuracy: 75.29508209228516


Epoch: 40/50
Training

  0%|          | 0/7 [00:00<?, ?it/s]
 14%|█▍        | 1/7 [00:14<01:26, 14.39s/it]
 29%|██▊       | 2/7 [00:28<01:11, 14.38s/it]
 43%|████▎     | 3/7 [00:43<00:57, 14.35s/it]
 57%|█████▋    | 4/7 [00:57<00:43, 14.33s/it]
 71%|███████▏  | 5/7 [01:11<00:28, 14.33s/it]
 86%|████████▌ | 6/7 [01:26<00:14, 14.32s/it]
100%|██████████| 7/7 [01:36<00:00, 13.00s/it]
100%|██████████| 7/7 [01:36<00:00, 13.76s/it]
Loss: 0.5355157092261266, accuracy: 74.58587646484375
Validating

  0%|          | 0/3 [00:00<?, ?it/s]
 33%|███▎      | 1/3 [00:14<00:28, 14.18s/it]
 67%|██████▋   | 2/3 [00:28<00:14, 14.16s/it]
100%|██████████| 3/3 [00:33<00:00, 10.28s/it]
100%|██████████| 3/3 [00:33<00:00, 11.33s/it]
Loss: 0.5292399850957122, accuracy: 75.49858093261719


Epoch: 41/50
Training

  0%|          | 0/7 [00:00<?, ?it/s]
 14%|█▍        | 1/7 [00:14<01:25, 14.30s/it]
 29%|██▊       | 2/7 [00:28<01:11, 14.32s/it]
 43%|████▎     | 3/7 [00:42<00:57, 14.30s/it]
 57%|█████▋    | 4/7 [00:57<00:42, 14.30s/it]
 71%|███████▏  | 5/7 [01:11<00:28, 14.33s/it]
 86%|████████▌ | 6/7 [01:25<00:14, 14.34s/it]
100%|██████████| 7/7 [01:36<00:00, 13.03s/it]
100%|██████████| 7/7 [01:36<00:00, 13.75s/it]
Loss: 0.5357048206466535, accuracy: 74.48416137695312
Validating

  0%|          | 0/3 [00:00<?, ?it/s]
 33%|███▎      | 1/3 [00:14<00:28, 14.19s/it]
 67%|██████▋   | 2/3 [00:28<00:14, 14.16s/it]
100%|██████████| 3/3 [00:34<00:00, 10.29s/it]
100%|██████████| 3/3 [00:34<00:00, 11.34s/it]
Loss: 0.5286368739813578, accuracy: 75.661376953125


Epoch: 42/50
Training

  0%|          | 0/7 [00:00<?, ?it/s]
 14%|█▍        | 1/7 [00:14<01:25, 14.31s/it]
 29%|██▊       | 2/7 [00:28<01:11, 14.32s/it]
 43%|████▎     | 3/7 [00:42<00:57, 14.33s/it]
 57%|█████▋    | 4/7 [00:57<00:43, 14.35s/it]
 71%|███████▏  | 5/7 [01:11<00:28, 14.36s/it]
 86%|████████▌ | 6/7 [01:26<00:14, 14.36s/it]
100%|██████████| 7/7 [01:36<00:00, 13.03s/it]
100%|██████████| 7/7 [01:36<00:00, 13.77s/it]
Loss: 0.5342198252435411, accuracy: 74.51322174072266
Validating

  0%|          | 0/3 [00:00<?, ?it/s]
 33%|███▎      | 1/3 [00:14<00:28, 14.15s/it]
 67%|██████▋   | 2/3 [00:28<00:14, 14.15s/it]
100%|██████████| 3/3 [00:33<00:00, 10.27s/it]
100%|██████████| 3/3 [00:33<00:00, 11.32s/it]
Loss: 0.5281372275787202, accuracy: 75.49858093261719


Epoch: 43/50
Training

  0%|          | 0/7 [00:00<?, ?it/s]
 14%|█▍        | 1/7 [00:14<01:25, 14.33s/it]
 29%|██▊       | 2/7 [00:28<01:11, 14.34s/it]
 43%|████▎     | 3/7 [00:42<00:57, 14.33s/it]
 57%|█████▋    | 4/7 [00:57<00:42, 14.32s/it]
 71%|███████▏  | 5/7 [01:11<00:28, 14.31s/it]
 86%|████████▌ | 6/7 [01:25<00:14, 14.31s/it]
100%|██████████| 7/7 [01:36<00:00, 13.00s/it]
100%|██████████| 7/7 [01:36<00:00, 13.74s/it]
Loss: 0.5335200359675123, accuracy: 74.76023864746094
Validating

  0%|          | 0/3 [00:00<?, ?it/s]
 33%|███▎      | 1/3 [00:14<00:28, 14.15s/it]
 67%|██████▋   | 2/3 [00:28<00:14, 14.16s/it]
100%|██████████| 3/3 [00:33<00:00, 10.28s/it]
100%|██████████| 3/3 [00:33<00:00, 11.32s/it]
Loss: 0.5277117272921583, accuracy: 75.45787811279297


Epoch: 44/50
Training

  0%|          | 0/7 [00:00<?, ?it/s]
 14%|█▍        | 1/7 [00:14<01:26, 14.34s/it]
 29%|██▊       | 2/7 [00:28<01:11, 14.33s/it]
 43%|████▎     | 3/7 [00:42<00:57, 14.33s/it]
 57%|█████▋    | 4/7 [00:57<00:42, 14.33s/it]
 71%|███████▏  | 5/7 [01:11<00:28, 14.33s/it]
 86%|████████▌ | 6/7 [01:26<00:14, 14.35s/it]
100%|██████████| 7/7 [01:36<00:00, 13.03s/it]
100%|██████████| 7/7 [01:36<00:00, 13.76s/it]
Loss: 0.5327542430264629, accuracy: 74.48416137695312
Validating

  0%|          | 0/3 [00:00<?, ?it/s]
 33%|███▎      | 1/3 [00:14<00:28, 14.16s/it]
 67%|██████▋   | 2/3 [00:28<00:14, 14.18s/it]
100%|██████████| 3/3 [00:34<00:00, 10.29s/it]
100%|██████████| 3/3 [00:34<00:00, 11.33s/it]
Loss: 0.5274421449448939, accuracy: 75.62068176269531


Epoch: 45/50
Training

  0%|          | 0/7 [00:00<?, ?it/s]
 14%|█▍        | 1/7 [00:14<01:26, 14.33s/it]
 29%|██▊       | 2/7 [00:28<01:11, 14.33s/it]
 43%|████▎     | 3/7 [00:43<00:57, 14.34s/it]
 57%|█████▋    | 4/7 [00:57<00:43, 14.34s/it]
 71%|███████▏  | 5/7 [01:11<00:28, 14.34s/it]
 86%|████████▌ | 6/7 [01:26<00:14, 14.33s/it]
100%|██████████| 7/7 [01:36<00:00, 13.01s/it]
100%|██████████| 7/7 [01:36<00:00, 13.76s/it]
Loss: 0.5326851800547475, accuracy: 74.65852355957031
Validating

  0%|          | 0/3 [00:00<?, ?it/s]
 33%|███▎      | 1/3 [00:14<00:28, 14.18s/it]
 67%|██████▋   | 2/3 [00:28<00:14, 14.18s/it]
100%|██████████| 3/3 [00:34<00:00, 10.29s/it]
100%|██████████| 3/3 [00:34<00:00, 11.34s/it]
Loss: 0.527057685549297, accuracy: 75.5799789428711


Epoch: 46/50
Training

  0%|          | 0/7 [00:00<?, ?it/s]
 14%|█▍        | 1/7 [00:14<01:26, 14.37s/it]
 29%|██▊       | 2/7 [00:28<01:11, 14.36s/it]
 43%|████▎     | 3/7 [00:43<00:57, 14.36s/it]
 57%|█████▋    | 4/7 [00:57<00:43, 14.36s/it]
 71%|███████▏  | 5/7 [01:11<00:28, 14.35s/it]
 86%|████████▌ | 6/7 [01:26<00:14, 14.35s/it]
100%|██████████| 7/7 [01:36<00:00, 13.03s/it]
100%|██████████| 7/7 [01:36<00:00, 13.78s/it]
Loss: 0.5316151866418128, accuracy: 74.70211791992188
Validating

  0%|          | 0/3 [00:00<?, ?it/s]
 33%|███▎      | 1/3 [00:14<00:28, 14.17s/it]
 67%|██████▋   | 2/3 [00:28<00:14, 14.17s/it]
100%|██████████| 3/3 [00:33<00:00, 10.28s/it]
100%|██████████| 3/3 [00:33<00:00, 11.33s/it]
Loss: 0.5267040566258864, accuracy: 75.53927612304688


Epoch: 47/50
Training

  0%|          | 0/7 [00:00<?, ?it/s]
 14%|█▍        | 1/7 [00:14<01:25, 14.32s/it]
 29%|██▊       | 2/7 [00:28<01:11, 14.33s/it]
 43%|████▎     | 3/7 [00:43<00:57, 14.34s/it]
 57%|█████▋    | 4/7 [00:57<00:43, 14.34s/it]
 71%|███████▏  | 5/7 [01:11<00:28, 14.35s/it]
 86%|████████▌ | 6/7 [01:26<00:14, 14.34s/it]
100%|██████████| 7/7 [01:36<00:00, 13.03s/it]
100%|██████████| 7/7 [01:36<00:00, 13.77s/it]
Loss: 0.5314619941823672, accuracy: 74.7166519165039
Validating

  0%|          | 0/3 [00:00<?, ?it/s]
 33%|███▎      | 1/3 [00:14<00:28, 14.15s/it]
 67%|██████▋   | 2/3 [00:28<00:14, 14.17s/it]
100%|██████████| 3/3 [00:33<00:00, 10.29s/it]
100%|██████████| 3/3 [00:33<00:00, 11.33s/it]
Loss: 0.5266345290571003, accuracy: 75.5799789428711


Epoch: 48/50
Training

  0%|          | 0/7 [00:00<?, ?it/s]
 14%|█▍        | 1/7 [00:14<01:26, 14.34s/it]
 29%|██▊       | 2/7 [00:28<01:11, 14.32s/it]
 43%|████▎     | 3/7 [00:42<00:57, 14.33s/it]
 57%|█████▋    | 4/7 [00:57<00:43, 14.34s/it]
 71%|███████▏  | 5/7 [01:11<00:28, 14.33s/it]
 86%|████████▌ | 6/7 [01:26<00:14, 14.33s/it]
100%|██████████| 7/7 [01:36<00:00, 13.02s/it]
100%|██████████| 7/7 [01:36<00:00, 13.76s/it]
Loss: 0.530849978262794, accuracy: 74.64399719238281
Validating

  0%|          | 0/3 [00:00<?, ?it/s]
 33%|███▎      | 1/3 [00:14<00:28, 14.18s/it]
 67%|██████▋   | 2/3 [00:28<00:14, 14.17s/it]
100%|██████████| 3/3 [00:34<00:00, 10.29s/it]
100%|██████████| 3/3 [00:34<00:00, 11.34s/it]
Loss: 0.5261426563664671, accuracy: 75.45787811279297


Epoch: 49/50
Training

  0%|          | 0/7 [00:00<?, ?it/s]
 14%|█▍        | 1/7 [00:14<01:26, 14.35s/it]
 29%|██▊       | 2/7 [00:28<01:11, 14.34s/it]
 43%|████▎     | 3/7 [00:43<00:57, 14.35s/it]
 57%|█████▋    | 4/7 [00:57<00:43, 14.35s/it]
 71%|███████▏  | 5/7 [01:11<00:28, 14.35s/it]
 86%|████████▌ | 6/7 [01:26<00:14, 14.35s/it]
100%|██████████| 7/7 [01:36<00:00, 13.03s/it]
100%|██████████| 7/7 [01:36<00:00, 13.77s/it]
Loss: 0.5299964591674561, accuracy: 74.84742736816406
Validating

  0%|          | 0/3 [00:00<?, ?it/s]
 33%|███▎      | 1/3 [00:14<00:28, 14.16s/it]
 67%|██████▋   | 2/3 [00:28<00:14, 14.18s/it]
100%|██████████| 3/3 [00:34<00:00, 10.30s/it]
100%|██████████| 3/3 [00:34<00:00, 11.35s/it]
Loss: 0.5256582018947717, accuracy: 75.62068176269531


Epoch: 50/50
Training

  0%|          | 0/7 [00:00<?, ?it/s]
 14%|█▍        | 1/7 [00:14<01:26, 14.35s/it]
 29%|██▊       | 2/7 [00:28<01:11, 14.38s/it]
 43%|████▎     | 3/7 [00:43<00:57, 14.37s/it]
 57%|█████▋    | 4/7 [00:57<00:43, 14.36s/it]
 71%|███████▏  | 5/7 [01:11<00:28, 14.36s/it]
 86%|████████▌ | 6/7 [01:26<00:14, 14.35s/it]
100%|██████████| 7/7 [01:36<00:00, 13.03s/it]
100%|██████████| 7/7 [01:36<00:00, 13.78s/it]
Loss: 0.5295206186765157, accuracy: 74.65852355957031
Validating

  0%|          | 0/3 [00:00<?, ?it/s]
 33%|███▎      | 1/3 [00:14<00:28, 14.16s/it]
 67%|██████▋   | 2/3 [00:28<00:14, 14.18s/it]
100%|██████████| 3/3 [00:34<00:00, 10.30s/it]
100%|██████████| 3/3 [00:34<00:00, 11.34s/it]
Loss: 0.5253782070503032, accuracy: 75.45787811279297


Training Time: 1.0h 49.0m 2.0535268783569336s
Best validation accuracy: 75.661376953125

  0%|          | 0/1 [00:00<?, ?it/s]
100%|██████████| 1/1 [00:07<00:00,  7.06s/it]
100%|██████████| 1/1 [00:07<00:00,  7.06s/it]

Evaluated on test set
accuracy: 71.487%, f1-score: 0.71284

Epoch: 1/80
Training

  0%|          | 0/7 [00:00<?, ?it/s]
 14%|█▍        | 1/7 [00:12<01:15, 12.62s/it]
 29%|██▊       | 2/7 [00:25<01:03, 12.61s/it]
 43%|████▎     | 3/7 [00:37<00:50, 12.63s/it]
 57%|█████▋    | 4/7 [00:50<00:38, 12.72s/it]
 71%|███████▏  | 5/7 [01:03<00:25, 12.77s/it]
 86%|████████▌ | 6/7 [01:16<00:12, 12.88s/it]
100%|██████████| 7/7 [01:26<00:00, 11.78s/it]
100%|██████████| 7/7 [01:26<00:00, 12.31s/it]
Loss: 0.6652084701077184, accuracy: 58.52949523925781
Validating

  0%|          | 0/3 [00:00<?, ?it/s]
 33%|███▎      | 1/3 [00:13<00:26, 13.08s/it]
 67%|██████▋   | 2/3 [00:26<00:13, 13.15s/it]
100%|██████████| 3/3 [00:31<00:00,  9.56s/it]
100%|██████████| 3/3 [00:31<00:00, 10.52s/it]
Loss: 0.6963576202378993, accuracy: 48.8807487487793


Epoch: 2/80
Training

  0%|          | 0/7 [00:00<?, ?it/s]
 14%|█▍        | 1/7 [00:13<01:19, 13.33s/it]
 29%|██▊       | 2/7 [00:26<01:06, 13.28s/it]
 43%|████▎     | 3/7 [00:39<00:53, 13.26s/it]
 57%|█████▋    | 4/7 [00:53<00:39, 13.31s/it]
 71%|███████▏  | 5/7 [01:06<00:26, 13.35s/it]
 86%|████████▌ | 6/7 [01:20<00:13, 13.37s/it]
100%|██████████| 7/7 [01:29<00:00, 12.18s/it]
100%|██████████| 7/7 [01:29<00:00, 12.82s/it]
Loss: 0.5714634889019536, accuracy: 74.55680847167969
Validating

  0%|          | 0/3 [00:00<?, ?it/s]
 33%|███▎      | 1/3 [00:13<00:26, 13.36s/it]
 67%|██████▋   | 2/3 [00:26<00:13, 13.40s/it]
100%|██████████| 3/3 [00:32<00:00,  9.75s/it]
100%|██████████| 3/3 [00:32<00:00, 10.73s/it]
Loss: 0.6198848599721903, accuracy: 64.50956726074219


Epoch: 3/80
Training

  0%|          | 0/7 [00:00<?, ?it/s]
 14%|█▍        | 1/7 [00:13<01:21, 13.63s/it]
 29%|██▊       | 2/7 [00:27<01:08, 13.63s/it]
 43%|████▎     | 3/7 [00:40<00:54, 13.61s/it]
 57%|█████▋    | 4/7 [00:54<00:40, 13.59s/it]
 71%|███████▏  | 5/7 [01:08<00:27, 13.60s/it]
 86%|████████▌ | 6/7 [01:21<00:13, 13.61s/it]
100%|██████████| 7/7 [01:31<00:00, 12.38s/it]
100%|██████████| 7/7 [01:31<00:00, 13.07s/it]
Loss: 0.5236738834814844, accuracy: 74.789306640625
Validating

  0%|          | 0/3 [00:00<?, ?it/s]
 33%|███▎      | 1/3 [00:13<00:27, 13.83s/it]
 67%|██████▋   | 2/3 [00:29<00:15, 15.16s/it]
100%|██████████| 3/3 [00:36<00:00, 11.45s/it]
100%|██████████| 3/3 [00:36<00:00, 12.32s/it]
Loss: 0.5413929499112643, accuracy: 74.07408142089844


Epoch: 4/80
Training

  0%|          | 0/7 [00:00<?, ?it/s]
 14%|█▍        | 1/7 [00:14<01:25, 14.31s/it]
 29%|██▊       | 2/7 [00:27<01:09, 13.85s/it]
 43%|████▎     | 3/7 [00:41<00:54, 13.69s/it]
 57%|█████▋    | 4/7 [00:54<00:40, 13.61s/it]
 71%|███████▏  | 5/7 [01:08<00:27, 13.57s/it]
 86%|████████▌ | 6/7 [01:22<00:13, 13.76s/it]
100%|██████████| 7/7 [01:32<00:00, 12.47s/it]
100%|██████████| 7/7 [01:32<00:00, 13.18s/it]
Loss: 0.4969828784448468, accuracy: 76.21330261230469
Validating

  0%|          | 0/3 [00:00<?, ?it/s]
 33%|███▎      | 1/3 [00:13<00:26, 13.38s/it]
 67%|██████▋   | 2/3 [00:27<00:13, 13.62s/it]
100%|██████████| 3/3 [00:32<00:00,  9.89s/it]
100%|██████████| 3/3 [00:32<00:00, 10.87s/it]
Loss: 0.5010437706184426, accuracy: 75.62068176269531


Epoch: 5/80
Training

  0%|          | 0/7 [00:00<?, ?it/s]
 14%|█▍        | 1/7 [00:13<01:20, 13.49s/it]
 29%|██▊       | 2/7 [00:27<01:07, 13.53s/it]
 43%|████▎     | 3/7 [00:40<00:54, 13.54s/it]
 57%|█████▋    | 4/7 [00:54<00:40, 13.65s/it]
 71%|███████▏  | 5/7 [01:08<00:27, 13.63s/it]
 86%|████████▌ | 6/7 [01:21<00:13, 13.64s/it]
100%|██████████| 7/7 [01:31<00:00, 12.38s/it]
100%|██████████| 7/7 [01:31<00:00, 13.07s/it]
Loss: 0.47648875971791077, accuracy: 77.63731384277344
Validating

  0%|          | 0/3 [00:00<?, ?it/s]
 33%|███▎      | 1/3 [00:13<00:26, 13.41s/it]
 67%|██████▋   | 2/3 [00:26<00:13, 13.43s/it]
100%|██████████| 3/3 [00:32<00:00,  9.75s/it]
100%|██████████| 3/3 [00:32<00:00, 10.74s/it]
Loss: 0.474761763735423, accuracy: 76.7602767944336


Epoch: 6/80
Training

  0%|          | 0/7 [00:00<?, ?it/s]
 14%|█▍        | 1/7 [00:13<01:21, 13.55s/it]
 29%|██▊       | 2/7 [00:27<01:07, 13.55s/it]
 43%|████▎     | 3/7 [00:40<00:54, 13.57s/it]
 57%|█████▋    | 4/7 [00:54<00:40, 13.57s/it]
 71%|███████▏  | 5/7 [01:07<00:27, 13.57s/it]
 86%|████████▌ | 6/7 [01:21<00:13, 13.56s/it]
100%|██████████| 7/7 [01:31<00:00, 12.33s/it]
100%|██████████| 7/7 [01:31<00:00, 13.03s/it]
Loss: 0.4593108526775567, accuracy: 79.06131744384766
Validating

  0%|          | 0/3 [00:00<?, ?it/s]
 33%|███▎      | 1/3 [00:13<00:27, 13.53s/it]
 67%|██████▋   | 2/3 [00:27<00:13, 13.50s/it]
100%|██████████| 3/3 [00:32<00:00,  9.77s/it]
100%|██████████| 3/3 [00:32<00:00, 10.78s/it]
Loss: 0.45544157930152124, accuracy: 79.03948211669922


Epoch: 7/80
Training

  0%|          | 0/7 [00:00<?, ?it/s]
 14%|█▍        | 1/7 [00:13<01:21, 13.58s/it]
 29%|██▊       | 2/7 [00:27<01:07, 13.57s/it]
 43%|████▎     | 3/7 [00:40<00:54, 13.56s/it]
 57%|█████▋    | 4/7 [00:54<00:40, 13.58s/it]
 71%|███████▏  | 5/7 [01:07<00:27, 13.58s/it]
 86%|████████▌ | 6/7 [01:21<00:13, 13.59s/it]
100%|██████████| 7/7 [01:31<00:00, 12.35s/it]
100%|██████████| 7/7 [01:31<00:00, 13.04s/it]
Loss: 0.44363981631736843, accuracy: 80.45626068115234
Validating

  0%|          | 0/3 [00:00<?, ?it/s]
 33%|███▎      | 1/3 [00:13<00:26, 13.47s/it]
 67%|██████▋   | 2/3 [00:26<00:13, 13.48s/it]
100%|██████████| 3/3 [00:32<00:00,  9.80s/it]
100%|██████████| 3/3 [00:32<00:00, 10.79s/it]
Loss: 0.44022036976672596, accuracy: 81.23728942871094


Epoch: 8/80
Training

  0%|          | 0/7 [00:00<?, ?it/s]
 14%|█▍        | 1/7 [00:13<01:21, 13.57s/it]
 29%|██▊       | 2/7 [00:27<01:08, 13.62s/it]
 43%|████▎     | 3/7 [00:40<00:54, 13.61s/it]
 57%|█████▋    | 4/7 [00:54<00:40, 13.60s/it]
 71%|███████▏  | 5/7 [01:08<00:27, 13.60s/it]
 86%|████████▌ | 6/7 [01:21<00:13, 13.62s/it]
100%|██████████| 7/7 [01:31<00:00, 12.37s/it]
100%|██████████| 7/7 [01:31<00:00, 13.07s/it]
Loss: 0.4291417040006604, accuracy: 82.30165100097656
Validating

  0%|          | 0/3 [00:00<?, ?it/s]
 33%|███▎      | 1/3 [00:13<00:26, 13.49s/it]
 67%|██████▋   | 2/3 [00:26<00:13, 13.50s/it]
100%|██████████| 3/3 [00:32<00:00,  9.80s/it]
100%|██████████| 3/3 [00:32<00:00, 10.80s/it]
Loss: 0.4266985310594095, accuracy: 82.53968048095703


Epoch: 9/80
Training

  0%|          | 0/7 [00:00<?, ?it/s]
 14%|█▍        | 1/7 [00:13<01:21, 13.62s/it]
 29%|██▊       | 2/7 [00:27<01:08, 13.71s/it]
 43%|████▎     | 3/7 [00:41<00:54, 13.70s/it]
 57%|█████▋    | 4/7 [00:54<00:41, 13.72s/it]
 71%|███████▏  | 5/7 [01:08<00:27, 13.72s/it]
 86%|████████▌ | 6/7 [01:22<00:13, 13.74s/it]
100%|██████████| 7/7 [01:32<00:00, 12.46s/it]
100%|██████████| 7/7 [01:32<00:00, 13.17s/it]
Loss: 0.41938615321628026, accuracy: 83.28973388671875
Validating

  0%|          | 0/3 [00:00<?, ?it/s]
 33%|███▎      | 1/3 [00:13<00:27, 13.63s/it]
 67%|██████▋   | 2/3 [00:27<00:13, 13.61s/it]
100%|██████████| 3/3 [00:32<00:00,  9.87s/it]
100%|██████████| 3/3 [00:32<00:00, 10.88s/it]
Loss: 0.41528815853435624, accuracy: 83.63858795166016


Epoch: 10/80
Training

  0%|          | 0/7 [00:00<?, ?it/s]
 14%|█▍        | 1/7 [00:13<01:22, 13.75s/it]
 29%|██▊       | 2/7 [00:27<01:08, 13.76s/it]
 43%|████▎     | 3/7 [00:41<00:54, 13.70s/it]
 57%|█████▋    | 4/7 [00:54<00:41, 13.69s/it]
 71%|███████▏  | 5/7 [01:08<00:27, 13.68s/it]
 86%|████████▌ | 6/7 [01:22<00:13, 13.67s/it]
100%|██████████| 7/7 [01:31<00:00, 12.41s/it]
100%|██████████| 7/7 [01:31<00:00, 13.14s/it]
Loss: 0.407832226939272, accuracy: 84.04533386230469
Validating

  0%|          | 0/3 [00:00<?, ?it/s]
 33%|███▎      | 1/3 [00:13<00:27, 13.53s/it]
 67%|██████▋   | 2/3 [00:27<00:13, 13.54s/it]
100%|██████████| 3/3 [00:32<00:00,  9.94s/it]
100%|██████████| 3/3 [00:32<00:00, 10.91s/it]
Loss: 0.4069713047232917, accuracy: 84.81888580322266


Epoch: 11/80
Training

  0%|          | 0/7 [00:00<?, ?it/s]
 14%|█▍        | 1/7 [00:13<01:23, 13.86s/it]
 29%|██▊       | 2/7 [00:27<01:08, 13.74s/it]
 43%|████▎     | 3/7 [00:41<00:54, 13.70s/it]
 57%|█████▋    | 4/7 [00:54<00:41, 13.69s/it]
 71%|███████▏  | 5/7 [01:08<00:27, 13.65s/it]
 86%|████████▌ | 6/7 [01:22<00:13, 13.65s/it]
100%|██████████| 7/7 [01:31<00:00, 12.40s/it]
100%|██████████| 7/7 [01:31<00:00, 13.13s/it]
Loss: 0.3990703116873952, accuracy: 84.51031494140625
Validating

  0%|          | 0/3 [00:00<?, ?it/s]
 33%|███▎      | 1/3 [00:13<00:27, 13.55s/it]
 67%|██████▋   | 2/3 [00:27<00:13, 13.54s/it]
100%|██████████| 3/3 [00:32<00:00,  9.83s/it]
100%|██████████| 3/3 [00:32<00:00, 10.84s/it]
Loss: 0.3970112401899595, accuracy: 84.73748779296875


Epoch: 12/80
Training

  0%|          | 0/7 [00:00<?, ?it/s]
 14%|█▍        | 1/7 [00:13<01:21, 13.64s/it]
 29%|██▊       | 2/7 [00:27<01:08, 13.65s/it]
 43%|████▎     | 3/7 [00:40<00:54, 13.63s/it]
 57%|█████▋    | 4/7 [00:54<00:40, 13.63s/it]
 71%|███████▏  | 5/7 [01:08<00:27, 13.63s/it]
 86%|████████▌ | 6/7 [01:21<00:13, 13.64s/it]
100%|██████████| 7/7 [01:31<00:00, 12.40s/it]
100%|██████████| 7/7 [01:31<00:00, 13.10s/it]
Loss: 0.39090444827904297, accuracy: 85.23684692382812
Validating

  0%|          | 0/3 [00:00<?, ?it/s]
 33%|███▎      | 1/3 [00:13<00:27, 13.54s/it]
 67%|██████▋   | 2/3 [00:27<00:13, 13.52s/it]
100%|██████████| 3/3 [00:32<00:00,  9.82s/it]
100%|██████████| 3/3 [00:32<00:00, 10.82s/it]
Loss: 0.39056077905190295, accuracy: 85.5514907836914


Epoch: 13/80
Training

  0%|          | 0/7 [00:00<?, ?it/s]
 14%|█▍        | 1/7 [00:13<01:21, 13.66s/it]
 29%|██▊       | 2/7 [00:27<01:08, 13.65s/it]
 43%|████▎     | 3/7 [00:40<00:54, 13.65s/it]
 57%|█████▋    | 4/7 [00:54<00:40, 13.65s/it]
 71%|███████▏  | 5/7 [01:08<00:27, 13.64s/it]
 86%|████████▌ | 6/7 [01:21<00:13, 13.63s/it]
100%|██████████| 7/7 [01:31<00:00, 12.38s/it]
100%|██████████| 7/7 [01:31<00:00, 13.09s/it]
Loss: 0.382629767948027, accuracy: 85.4548110961914
Validating

  0%|          | 0/3 [00:00<?, ?it/s]
 33%|███▎      | 1/3 [00:13<00:26, 13.49s/it]
 67%|██████▋   | 2/3 [00:27<00:13, 13.53s/it]
100%|██████████| 3/3 [00:32<00:00,  9.82s/it]
100%|██████████| 3/3 [00:32<00:00, 10.82s/it]
Loss: 0.38111710858917547, accuracy: 86.20269012451172


Epoch: 14/80
Training

  0%|          | 0/7 [00:00<?, ?it/s]
 14%|█▍        | 1/7 [00:13<01:21, 13.56s/it]
 29%|██▊       | 2/7 [00:27<01:08, 13.61s/it]
 43%|████▎     | 3/7 [00:40<00:54, 13.63s/it]
 57%|█████▋    | 4/7 [00:54<00:40, 13.65s/it]
 71%|███████▏  | 5/7 [01:08<00:27, 13.65s/it]
 86%|████████▌ | 6/7 [01:21<00:13, 13.63s/it]
100%|██████████| 7/7 [01:31<00:00, 12.35s/it]
100%|██████████| 7/7 [01:31<00:00, 13.07s/it]
Loss: 0.3771098857094333, accuracy: 85.91978454589844
Validating

  0%|          | 0/3 [00:00<?, ?it/s]
 33%|███▎      | 1/3 [00:13<00:26, 13.39s/it]
 67%|██████▋   | 2/3 [00:26<00:13, 13.42s/it]
100%|██████████| 3/3 [00:32<00:00,  9.74s/it]
100%|██████████| 3/3 [00:32<00:00, 10.73s/it]
Loss: 0.37558620440363155, accuracy: 86.24339294433594


Epoch: 15/80
Training

  0%|          | 0/7 [00:00<?, ?it/s]
 14%|█▍        | 1/7 [00:13<01:21, 13.54s/it]
 29%|██▊       | 2/7 [00:27<01:07, 13.54s/it]
 43%|████▎     | 3/7 [00:40<00:54, 13.54s/it]
 57%|█████▋    | 4/7 [00:54<00:40, 13.56s/it]
 71%|███████▏  | 5/7 [01:07<00:27, 13.56s/it]
 86%|████████▌ | 6/7 [01:21<00:13, 13.56s/it]
100%|██████████| 7/7 [01:31<00:00, 12.32s/it]
100%|██████████| 7/7 [01:31<00:00, 13.01s/it]
Loss: 0.3696495713414373, accuracy: 86.23946380615234
Validating

  0%|          | 0/3 [00:00<?, ?it/s]
 33%|███▎      | 1/3 [00:13<00:26, 13.44s/it]
 67%|██████▋   | 2/3 [00:26<00:13, 13.41s/it]
100%|██████████| 3/3 [00:32<00:00,  9.74s/it]
100%|██████████| 3/3 [00:32<00:00, 10.73s/it]
Loss: 0.37036538452795476, accuracy: 86.97599029541016


Epoch: 16/80
Training

  0%|          | 0/7 [00:00<?, ?it/s]
 14%|█▍        | 1/7 [00:13<01:21, 13.58s/it]
 29%|██▊       | 2/7 [00:27<01:07, 13.59s/it]
 43%|████▎     | 3/7 [00:40<00:54, 13.61s/it]
 57%|█████▋    | 4/7 [00:54<00:40, 13.60s/it]
 71%|███████▏  | 5/7 [01:07<00:27, 13.59s/it]
 86%|████████▌ | 6/7 [01:21<00:13, 13.60s/it]
100%|██████████| 7/7 [01:31<00:00, 12.35s/it]
100%|██████████| 7/7 [01:31<00:00, 13.05s/it]
Loss: 0.36403513313275165, accuracy: 86.55913543701172
Validating

  0%|          | 0/3 [00:00<?, ?it/s]
 33%|███▎      | 1/3 [00:13<00:26, 13.47s/it]
 67%|██████▋   | 2/3 [00:26<00:13, 13.48s/it]
100%|██████████| 3/3 [00:32<00:00,  9.79s/it]
100%|██████████| 3/3 [00:32<00:00, 10.79s/it]
Loss: 0.36322183101022926, accuracy: 87.2608871459961


Epoch: 17/80
Training

  0%|          | 0/7 [00:00<?, ?it/s]
 14%|█▍        | 1/7 [00:13<01:21, 13.52s/it]
 29%|██▊       | 2/7 [00:27<01:07, 13.55s/it]
 43%|████▎     | 3/7 [00:40<00:54, 13.53s/it]
 57%|█████▋    | 4/7 [00:54<00:40, 13.53s/it]
 71%|███████▏  | 5/7 [01:07<00:27, 13.53s/it]
 86%|████████▌ | 6/7 [01:21<00:13, 13.55s/it]
100%|██████████| 7/7 [01:31<00:00, 12.31s/it]
100%|██████████| 7/7 [01:31<00:00, 13.00s/it]
Loss: 0.3589489372602489, accuracy: 87.02411651611328
Validating

  0%|          | 0/3 [00:00<?, ?it/s]
 33%|███▎      | 1/3 [00:13<00:26, 13.48s/it]
 67%|██████▋   | 2/3 [00:26<00:13, 13.47s/it]
100%|██████████| 3/3 [00:32<00:00,  9.77s/it]
100%|██████████| 3/3 [00:32<00:00, 10.77s/it]
Loss: 0.3588114236737346, accuracy: 87.66788482666016


Epoch: 18/80
Training

  0%|          | 0/7 [00:00<?, ?it/s]
 14%|█▍        | 1/7 [00:13<01:21, 13.57s/it]
 29%|██▊       | 2/7 [00:27<01:07, 13.60s/it]
 43%|████▎     | 3/7 [00:40<00:54, 13.58s/it]
 57%|█████▋    | 4/7 [00:54<00:40, 13.58s/it]
 71%|███████▏  | 5/7 [01:07<00:27, 13.57s/it]
 86%|████████▌ | 6/7 [01:21<00:13, 13.57s/it]
100%|██████████| 7/7 [01:31<00:00, 12.33s/it]
100%|██████████| 7/7 [01:31<00:00, 13.04s/it]
Loss: 0.35350231366842094, accuracy: 87.24208068847656
Validating

  0%|          | 0/3 [00:00<?, ?it/s]
 33%|███▎      | 1/3 [00:13<00:26, 13.47s/it]
 67%|██████▋   | 2/3 [00:26<00:13, 13.46s/it]
100%|██████████| 3/3 [00:32<00:00,  9.78s/it]
100%|██████████| 3/3 [00:32<00:00, 10.77s/it]
Loss: 0.3537061724009725, accuracy: 87.9120864868164


Epoch: 19/80
Training

  0%|          | 0/7 [00:00<?, ?it/s]
 14%|█▍        | 1/7 [00:13<01:21, 13.57s/it]
 29%|██▊       | 2/7 [00:27<01:07, 13.57s/it]
 43%|████▎     | 3/7 [00:40<00:54, 13.53s/it]
 57%|█████▋    | 4/7 [00:54<00:40, 13.54s/it]
 71%|███████▏  | 5/7 [01:07<00:27, 13.55s/it]
 86%|████████▌ | 6/7 [01:21<00:13, 13.56s/it]
100%|██████████| 7/7 [01:31<00:00, 12.33s/it]
100%|██████████| 7/7 [01:31<00:00, 13.02s/it]
Loss: 0.34965708135553863, accuracy: 87.54722595214844
Validating

  0%|          | 0/3 [00:00<?, ?it/s]
 33%|███▎      | 1/3 [00:13<00:26, 13.46s/it]
 67%|██████▋   | 2/3 [00:26<00:13, 13.47s/it]
100%|██████████| 3/3 [00:32<00:00,  9.78s/it]
100%|██████████| 3/3 [00:32<00:00, 10.78s/it]
Loss: 0.3496671689444555, accuracy: 87.95278930664062


Epoch: 20/80
Training

  0%|          | 0/7 [00:00<?, ?it/s]
 14%|█▍        | 1/7 [00:13<01:21, 13.53s/it]
 29%|██▊       | 2/7 [00:27<01:07, 13.56s/it]
 43%|████▎     | 3/7 [00:40<00:54, 13.57s/it]
 57%|█████▋    | 4/7 [00:54<00:40, 13.56s/it]
 71%|███████▏  | 5/7 [01:07<00:27, 13.56s/it]
 86%|████████▌ | 6/7 [01:21<00:13, 13.56s/it]
100%|██████████| 7/7 [01:31<00:00, 12.31s/it]
100%|██████████| 7/7 [01:31<00:00, 13.01s/it]
Loss: 0.34501941000192327, accuracy: 87.82330322265625
Validating

  0%|          | 0/3 [00:00<?, ?it/s]
 33%|███▎      | 1/3 [00:13<00:26, 13.49s/it]
 67%|██████▋   | 2/3 [00:26<00:13, 13.47s/it]
100%|██████████| 3/3 [00:32<00:00,  9.77s/it]
100%|██████████| 3/3 [00:32<00:00, 10.77s/it]
Loss: 0.3456031945623127, accuracy: 88.64469146728516


Epoch: 21/80
Training

  0%|          | 0/7 [00:00<?, ?it/s]
 14%|█▍        | 1/7 [00:13<01:21, 13.60s/it]
 29%|██▊       | 2/7 [00:27<01:07, 13.58s/it]
 43%|████▎     | 3/7 [00:40<00:54, 13.58s/it]
 57%|█████▋    | 4/7 [00:54<00:40, 13.59s/it]
 71%|███████▏  | 5/7 [01:07<00:27, 13.58s/it]
 86%|████████▌ | 6/7 [01:21<00:13, 13.58s/it]
100%|██████████| 7/7 [01:31<00:00, 12.33s/it]
100%|██████████| 7/7 [01:31<00:00, 13.04s/it]
Loss: 0.3410787197245099, accuracy: 88.14298248291016
Validating

  0%|          | 0/3 [00:00<?, ?it/s]
 33%|███▎      | 1/3 [00:13<00:26, 13.44s/it]
 67%|██████▋   | 2/3 [00:26<00:13, 13.47s/it]
100%|██████████| 3/3 [00:32<00:00,  9.77s/it]
100%|██████████| 3/3 [00:32<00:00, 10.77s/it]
Loss: 0.3418764648371515, accuracy: 88.68539428710938


Epoch: 22/80
Training

  0%|          | 0/7 [00:00<?, ?it/s]
 14%|█▍        | 1/7 [00:13<01:20, 13.50s/it]
 29%|██▊       | 2/7 [00:27<01:07, 13.50s/it]
 43%|████▎     | 3/7 [00:40<00:54, 13.51s/it]
 57%|█████▋    | 4/7 [00:54<00:40, 13.51s/it]
 71%|███████▏  | 5/7 [01:07<00:27, 13.50s/it]
 86%|████████▌ | 6/7 [01:21<00:13, 13.50s/it]
100%|██████████| 7/7 [01:30<00:00, 12.26s/it]
100%|██████████| 7/7 [01:30<00:00, 12.96s/it]
Loss: 0.3376736382660704, accuracy: 88.07032775878906
Validating

  0%|          | 0/3 [00:00<?, ?it/s]
 33%|███▎      | 1/3 [00:13<00:26, 13.36s/it]
 67%|██████▋   | 2/3 [00:26<00:13, 13.38s/it]
100%|██████████| 3/3 [00:32<00:00,  9.70s/it]
100%|██████████| 3/3 [00:32<00:00, 10.69s/it]
Loss: 0.3380935963790592, accuracy: 89.05169677734375


Epoch: 23/80
Training

  0%|          | 0/7 [00:00<?, ?it/s]
 14%|█▍        | 1/7 [00:13<01:21, 13.60s/it]
 29%|██▊       | 2/7 [00:27<01:08, 13.60s/it]
 43%|████▎     | 3/7 [00:40<00:54, 13.61s/it]
 57%|█████▋    | 4/7 [00:54<00:40, 13.60s/it]
 71%|███████▏  | 5/7 [01:08<00:27, 13.68s/it]
 86%|████████▌ | 6/7 [01:21<00:13, 13.67s/it]
100%|██████████| 7/7 [01:31<00:00, 12.42s/it]
100%|██████████| 7/7 [01:31<00:00, 13.10s/it]
Loss: 0.334917401572848, accuracy: 88.33187866210938
Validating

  0%|          | 0/3 [00:00<?, ?it/s]
 33%|███▎      | 1/3 [00:13<00:27, 13.53s/it]
 67%|██████▋   | 2/3 [00:27<00:13, 13.55s/it]
100%|██████████| 3/3 [00:32<00:00,  9.83s/it]
100%|██████████| 3/3 [00:32<00:00, 10.83s/it]
Loss: 0.33830637575457334, accuracy: 88.56329345703125


Epoch: 24/80
Training

  0%|          | 0/7 [00:00<?, ?it/s]
 14%|█▍        | 1/7 [00:13<01:21, 13.63s/it]
 29%|██▊       | 2/7 [00:27<01:08, 13.65s/it]
 43%|████▎     | 3/7 [00:40<00:54, 13.65s/it]
 57%|█████▋    | 4/7 [00:54<00:40, 13.66s/it]
 71%|███████▏  | 5/7 [01:08<00:27, 13.66s/it]
 86%|████████▌ | 6/7 [01:21<00:13, 13.68s/it]
100%|██████████| 7/7 [01:31<00:00, 12.42s/it]
100%|██████████| 7/7 [01:31<00:00, 13.12s/it]
Loss: 0.33316969931281537, accuracy: 88.3609390258789
Validating

  0%|          | 0/3 [00:00<?, ?it/s]
 33%|███▎      | 1/3 [00:13<00:27, 13.53s/it]
 67%|██████▋   | 2/3 [00:27<00:13, 13.53s/it]
100%|██████████| 3/3 [00:32<00:00,  9.83s/it]
100%|██████████| 3/3 [00:32<00:00, 10.83s/it]
Loss: 0.3352785877182952, accuracy: 88.56329345703125


Epoch: 25/80
Training

  0%|          | 0/7 [00:00<?, ?it/s]
 14%|█▍        | 1/7 [00:13<01:21, 13.64s/it]
 29%|██▊       | 2/7 [00:27<01:08, 13.65s/it]
 43%|████▎     | 3/7 [00:40<00:54, 13.65s/it]
 57%|█████▋    | 4/7 [00:54<00:40, 13.66s/it]
 71%|███████▏  | 5/7 [01:08<00:27, 13.67s/it]
 86%|████████▌ | 6/7 [01:21<00:13, 13.66s/it]
100%|██████████| 7/7 [01:31<00:00, 12.42s/it]
100%|██████████| 7/7 [01:31<00:00, 13.12s/it]
Loss: 0.3309429239062714, accuracy: 88.23016357421875
Validating

  0%|          | 0/3 [00:00<?, ?it/s]
 33%|███▎      | 1/3 [00:13<00:27, 13.52s/it]
 67%|██████▋   | 2/3 [00:27<00:13, 13.54s/it]
100%|██████████| 3/3 [00:32<00:00,  9.83s/it]
100%|██████████| 3/3 [00:32<00:00, 10.83s/it]
Loss: 0.33003249683174407, accuracy: 89.25518798828125


Epoch: 26/80
Training

  0%|          | 0/7 [00:00<?, ?it/s]
 14%|█▍        | 1/7 [00:13<01:21, 13.66s/it]
 29%|██▊       | 2/7 [00:27<01:08, 13.66s/it]
 43%|████▎     | 3/7 [00:40<00:54, 13.63s/it]
 57%|█████▋    | 4/7 [00:54<00:40, 13.63s/it]
 71%|███████▏  | 5/7 [01:08<00:27, 13.62s/it]
 86%|████████▌ | 6/7 [01:21<00:13, 13.59s/it]
100%|██████████| 7/7 [01:31<00:00, 12.33s/it]
100%|██████████| 7/7 [01:31<00:00, 13.06s/it]
Loss: 0.3282151957197059, accuracy: 88.62248992919922
Validating

  0%|          | 0/3 [00:00<?, ?it/s]
 33%|███▎      | 1/3 [00:13<00:26, 13.42s/it]
 67%|██████▋   | 2/3 [00:26<00:13, 13.43s/it]
100%|██████████| 3/3 [00:32<00:00,  9.74s/it]
100%|██████████| 3/3 [00:32<00:00, 10.74s/it]
Loss: 0.3276848622124322, accuracy: 89.21449279785156


Epoch: 27/80
Training

  0%|          | 0/7 [00:00<?, ?it/s]
 14%|█▍        | 1/7 [00:13<01:21, 13.58s/it]
 29%|██▊       | 2/7 [00:27<01:08, 13.61s/it]
 43%|████▎     | 3/7 [00:40<00:54, 13.62s/it]
 57%|█████▋    | 4/7 [00:54<00:40, 13.62s/it]
 71%|███████▏  | 5/7 [01:08<00:27, 13.62s/it]
 86%|████████▌ | 6/7 [01:21<00:13, 13.62s/it]
100%|██████████| 7/7 [01:31<00:00, 12.37s/it]
100%|██████████| 7/7 [01:31<00:00, 13.07s/it]
Loss: 0.3245845698783717, accuracy: 88.70967864990234
Validating

  0%|          | 0/3 [00:00<?, ?it/s]
 33%|███▎      | 1/3 [00:13<00:27, 13.51s/it]
 67%|██████▋   | 2/3 [00:27<00:13, 13.53s/it]
100%|██████████| 3/3 [00:32<00:00,  9.83s/it]
100%|██████████| 3/3 [00:32<00:00, 10.82s/it]
Loss: 0.32441156162544144, accuracy: 89.58079528808594


Epoch: 28/80
Training

  0%|          | 0/7 [00:00<?, ?it/s]
 14%|█▍        | 1/7 [00:13<01:21, 13.57s/it]
 29%|██▊       | 2/7 [00:27<01:07, 13.59s/it]
 43%|████▎     | 3/7 [00:40<00:54, 13.59s/it]
 57%|█████▋    | 4/7 [00:54<00:40, 13.60s/it]
 71%|███████▏  | 5/7 [01:07<00:27, 13.60s/it]
 86%|████████▌ | 6/7 [01:21<00:13, 13.59s/it]
100%|██████████| 7/7 [01:31<00:00, 12.33s/it]
100%|██████████| 7/7 [01:31<00:00, 13.04s/it]
Loss: 0.3211287427038621, accuracy: 89.00028991699219
Validating

  0%|          | 0/3 [00:00<?, ?it/s]
 33%|███▎      | 1/3 [00:13<00:26, 13.45s/it]
 67%|██████▋   | 2/3 [00:26<00:13, 13.45s/it]
100%|██████████| 3/3 [00:32<00:00,  9.75s/it]
100%|██████████| 3/3 [00:32<00:00, 10.75s/it]
Loss: 0.323131582457504, accuracy: 89.54009246826172


Epoch: 29/80
Training

  0%|          | 0/7 [00:00<?, ?it/s]
 14%|█▍        | 1/7 [00:13<01:21, 13.59s/it]
 29%|██▊       | 2/7 [00:27<01:08, 13.60s/it]
 43%|████▎     | 3/7 [00:40<00:54, 13.58s/it]
 57%|█████▋    | 4/7 [00:54<00:40, 13.57s/it]
 71%|███████▏  | 5/7 [01:07<00:27, 13.57s/it]
 86%|████████▌ | 6/7 [01:21<00:13, 13.56s/it]
100%|██████████| 7/7 [01:31<00:00, 12.30s/it]
100%|██████████| 7/7 [01:31<00:00, 13.02s/it]
Loss: 0.31882748527431237, accuracy: 89.16012573242188
Validating

  0%|          | 0/3 [00:00<?, ?it/s]
 33%|███▎      | 1/3 [00:13<00:26, 13.40s/it]
 67%|██████▋   | 2/3 [00:26<00:13, 13.39s/it]
100%|██████████| 3/3 [00:32<00:00,  9.71s/it]
100%|██████████| 3/3 [00:32<00:00, 10.71s/it]
Loss: 0.32051278479127415, accuracy: 89.86569213867188


Epoch: 30/80
Training

  0%|          | 0/7 [00:00<?, ?it/s]
 14%|█▍        | 1/7 [00:13<01:21, 13.51s/it]
 29%|██▊       | 2/7 [00:27<01:07, 13.52s/it]
 43%|████▎     | 3/7 [00:40<00:54, 13.52s/it]
 57%|█████▋    | 4/7 [00:54<00:40, 13.55s/it]
 71%|███████▏  | 5/7 [01:07<00:27, 13.56s/it]
 86%|████████▌ | 6/7 [01:21<00:13, 13.56s/it]
100%|██████████| 7/7 [01:31<00:00, 12.33s/it]
100%|██████████| 7/7 [01:31<00:00, 13.01s/it]
Loss: 0.31745486898118763, accuracy: 89.24730682373047
Validating

  0%|          | 0/3 [00:00<?, ?it/s]
 33%|███▎      | 1/3 [00:13<00:26, 13.49s/it]
 67%|██████▋   | 2/3 [00:27<00:13, 13.51s/it]
100%|██████████| 3/3 [00:32<00:00,  9.79s/it]
100%|██████████| 3/3 [00:32<00:00, 10.79s/it]
Loss: 0.3200579640653786, accuracy: 89.74359130859375


Epoch: 31/80
Training

  0%|          | 0/7 [00:00<?, ?it/s]
 14%|█▍        | 1/7 [00:13<01:21, 13.63s/it]
 29%|██▊       | 2/7 [00:27<01:08, 13.64s/it]
 43%|████▎     | 3/7 [00:40<00:54, 13.64s/it]
 57%|█████▋    | 4/7 [00:54<00:40, 13.64s/it]
 71%|███████▏  | 5/7 [01:08<00:27, 13.64s/it]
 86%|████████▌ | 6/7 [01:21<00:13, 13.63s/it]
100%|██████████| 7/7 [01:31<00:00, 12.37s/it]
100%|██████████| 7/7 [01:31<00:00, 13.08s/it]
Loss: 0.31523129937261457, accuracy: 89.2618408203125
Validating

  0%|          | 0/3 [00:00<?, ?it/s]
 33%|███▎      | 1/3 [00:13<00:26, 13.48s/it]
 67%|██████▋   | 2/3 [00:26<00:13, 13.47s/it]
100%|██████████| 3/3 [00:32<00:00,  9.77s/it]
100%|██████████| 3/3 [00:32<00:00, 10.77s/it]
Loss: 0.31631560353763133, accuracy: 90.02849578857422


Epoch: 32/80
Training

  0%|          | 0/7 [00:00<?, ?it/s]
 14%|█▍        | 1/7 [00:13<01:21, 13.58s/it]
 29%|██▊       | 2/7 [00:27<01:07, 13.59s/it]
 43%|████▎     | 3/7 [00:40<00:54, 13.59s/it]
 57%|█████▋    | 4/7 [00:54<00:40, 13.59s/it]
 71%|███████▏  | 5/7 [01:07<00:27, 13.60s/it]
 86%|████████▌ | 6/7 [01:21<00:13, 13.60s/it]
100%|██████████| 7/7 [01:31<00:00, 12.35s/it]
100%|██████████| 7/7 [01:31<00:00, 13.05s/it]
Loss: 0.3145070307322693, accuracy: 89.21824645996094
Validating

  0%|          | 0/3 [00:00<?, ?it/s]
 33%|███▎      | 1/3 [00:13<00:26, 13.48s/it]
 67%|██████▋   | 2/3 [00:26<00:13, 13.48s/it]
100%|██████████| 3/3 [00:32<00:00,  9.77s/it]
100%|██████████| 3/3 [00:32<00:00, 10.77s/it]
Loss: 0.3154738359956854, accuracy: 90.23199462890625


Epoch: 33/80
Training

  0%|          | 0/7 [00:00<?, ?it/s]
 14%|█▍        | 1/7 [00:13<01:21, 13.59s/it]
 29%|██▊       | 2/7 [00:27<01:08, 13.60s/it]
 43%|████▎     | 3/7 [00:40<00:54, 13.59s/it]
 57%|█████▋    | 4/7 [00:54<00:40, 13.58s/it]
 71%|███████▏  | 5/7 [01:07<00:27, 13.59s/it]
 86%|████████▌ | 6/7 [01:21<00:13, 13.60s/it]
100%|██████████| 7/7 [01:31<00:00, 12.35s/it]
100%|██████████| 7/7 [01:31<00:00, 13.05s/it]
Loss: 0.311030230855429, accuracy: 89.47979736328125
Validating

  0%|          | 0/3 [00:00<?, ?it/s]
 33%|███▎      | 1/3 [00:13<00:26, 13.47s/it]
 67%|██████▋   | 2/3 [00:26<00:13, 13.49s/it]
100%|██████████| 3/3 [00:32<00:00,  9.78s/it]
100%|██████████| 3/3 [00:32<00:00, 10.78s/it]
Loss: 0.3143942344707835, accuracy: 89.98779296875


Epoch: 34/80
Training

  0%|          | 0/7 [00:00<?, ?it/s]
 14%|█▍        | 1/7 [00:13<01:21, 13.60s/it]
 29%|██▊       | 2/7 [00:27<01:08, 13.61s/it]
 43%|████▎     | 3/7 [00:40<00:54, 13.59s/it]
 57%|█████▋    | 4/7 [00:54<00:40, 13.58s/it]
 71%|███████▏  | 5/7 [01:07<00:27, 13.58s/it]
 86%|████████▌ | 6/7 [01:21<00:13, 13.58s/it]
100%|██████████| 7/7 [01:31<00:00, 12.33s/it]
100%|██████████| 7/7 [01:31<00:00, 13.04s/it]
Loss: 0.3104698669335344, accuracy: 89.62510681152344
Validating

  0%|          | 0/3 [00:00<?, ?it/s]
 33%|███▎      | 1/3 [00:13<00:26, 13.46s/it]
 67%|██████▋   | 2/3 [00:26<00:13, 13.48s/it]
100%|██████████| 3/3 [00:32<00:00,  9.77s/it]
100%|██████████| 3/3 [00:32<00:00, 10.77s/it]
Loss: 0.3114556212662001, accuracy: 90.27269744873047


Epoch: 35/80
Training

  0%|          | 0/7 [00:00<?, ?it/s]
 14%|█▍        | 1/7 [00:13<01:21, 13.58s/it]
 29%|██▊       | 2/7 [00:27<01:07, 13.60s/it]
 43%|████▎     | 3/7 [00:40<00:54, 13.61s/it]
 57%|█████▋    | 4/7 [00:54<00:40, 13.59s/it]
 71%|███████▏  | 5/7 [01:07<00:27, 13.59s/it]
 86%|████████▌ | 6/7 [01:21<00:13, 13.59s/it]
100%|██████████| 7/7 [01:31<00:00, 12.34s/it]
100%|██████████| 7/7 [01:31<00:00, 13.04s/it]
Loss: 0.31010434057469355, accuracy: 89.47979736328125
Validating

  0%|          | 0/3 [00:00<?, ?it/s]
 33%|███▎      | 1/3 [00:13<00:26, 13.47s/it]
 67%|██████▋   | 2/3 [00:26<00:13, 13.47s/it]
100%|██████████| 3/3 [00:32<00:00,  9.76s/it]
100%|██████████| 3/3 [00:32<00:00, 10.76s/it]
Loss: 0.3102273217148057, accuracy: 90.23199462890625


Epoch: 36/80
Training

  0%|          | 0/7 [00:00<?, ?it/s]
 14%|█▍        | 1/7 [00:13<01:21, 13.59s/it]
 29%|██▊       | 2/7 [00:27<01:08, 13.61s/it]
 43%|████▎     | 3/7 [00:40<00:54, 13.60s/it]
 57%|█████▋    | 4/7 [00:54<00:40, 13.60s/it]
 71%|███████▏  | 5/7 [01:07<00:27, 13.59s/it]
 86%|████████▌ | 6/7 [01:21<00:13, 13.59s/it]
100%|██████████| 7/7 [01:31<00:00, 12.33s/it]
100%|██████████| 7/7 [01:31<00:00, 13.04s/it]
Loss: 0.30845187491401965, accuracy: 89.37808227539062
Validating

  0%|          | 0/3 [00:00<?, ?it/s]
 33%|███▎      | 1/3 [00:13<00:26, 13.43s/it]
 67%|██████▋   | 2/3 [00:26<00:13, 13.45s/it]
100%|██████████| 3/3 [00:32<00:00,  9.74s/it]
100%|██████████| 3/3 [00:32<00:00, 10.74s/it]
Loss: 0.3089954403051284, accuracy: 90.27269744873047


Epoch: 37/80
Training

  0%|          | 0/7 [00:00<?, ?it/s]
 14%|█▍        | 1/7 [00:13<01:20, 13.48s/it]
 29%|██▊       | 2/7 [00:27<01:07, 13.51s/it]
 43%|████▎     | 3/7 [00:40<00:54, 13.52s/it]
 57%|█████▋    | 4/7 [00:54<00:40, 13.51s/it]
 71%|███████▏  | 5/7 [01:07<00:27, 13.51s/it]
 86%|████████▌ | 6/7 [01:21<00:13, 13.50s/it]
100%|██████████| 7/7 [01:30<00:00, 12.26s/it]
100%|██████████| 7/7 [01:30<00:00, 12.96s/it]
Loss: 0.30524740502155995, accuracy: 90.0174331665039
Validating

  0%|          | 0/3 [00:00<?, ?it/s]
 33%|███▎      | 1/3 [00:13<00:26, 13.42s/it]
 67%|██████▋   | 2/3 [00:26<00:13, 13.41s/it]
100%|██████████| 3/3 [00:32<00:00,  9.72s/it]
100%|██████████| 3/3 [00:32<00:00, 10.72s/it]
Loss: 0.3071627201566281, accuracy: 90.3947982788086


Epoch: 38/80
Training

  0%|          | 0/7 [00:00<?, ?it/s]
 14%|█▍        | 1/7 [00:13<01:20, 13.49s/it]
 29%|██▊       | 2/7 [00:27<01:07, 13.50s/it]
 43%|████▎     | 3/7 [00:40<00:54, 13.51s/it]
 57%|█████▋    | 4/7 [00:54<00:40, 13.50s/it]
 71%|███████▏  | 5/7 [01:07<00:26, 13.49s/it]
 86%|████████▌ | 6/7 [01:20<00:13, 13.50s/it]
100%|██████████| 7/7 [01:30<00:00, 12.26s/it]
100%|██████████| 7/7 [01:30<00:00, 12.96s/it]
Loss: 0.30429724257236923, accuracy: 89.81401062011719
Validating

  0%|          | 0/3 [00:00<?, ?it/s]
 33%|███▎      | 1/3 [00:13<00:26, 13.35s/it]
 67%|██████▋   | 2/3 [00:26<00:13, 13.37s/it]
100%|██████████| 3/3 [00:32<00:00,  9.69s/it]
100%|██████████| 3/3 [00:32<00:00, 10.68s/it]
Loss: 0.3061595291420848, accuracy: 90.43549346923828


Epoch: 39/80
Training

  0%|          | 0/7 [00:00<?, ?it/s]
 14%|█▍        | 1/7 [00:13<01:20, 13.47s/it]
 29%|██▊       | 2/7 [00:26<01:07, 13.48s/it]
 43%|████▎     | 3/7 [00:40<00:53, 13.47s/it]
 57%|█████▋    | 4/7 [00:53<00:40, 13.48s/it]
 71%|███████▏  | 5/7 [01:07<00:26, 13.49s/it]
 86%|████████▌ | 6/7 [01:20<00:13, 13.48s/it]
100%|██████████| 7/7 [01:30<00:00, 12.24s/it]
100%|██████████| 7/7 [01:30<00:00, 12.94s/it]
Loss: 0.30328359933171084, accuracy: 90.0174331665039
Validating

  0%|          | 0/3 [00:00<?, ?it/s]
 33%|███▎      | 1/3 [00:13<00:26, 13.37s/it]
 67%|██████▋   | 2/3 [00:26<00:13, 13.41s/it]
100%|██████████| 3/3 [00:32<00:00,  9.73s/it]
100%|██████████| 3/3 [00:32<00:00, 10.72s/it]
Loss: 0.30545298473156707, accuracy: 90.51689147949219


Epoch: 40/80
Training

  0%|          | 0/7 [00:00<?, ?it/s]
 14%|█▍        | 1/7 [00:13<01:21, 13.57s/it]
 29%|██▊       | 2/7 [00:27<01:07, 13.57s/it]
 43%|████▎     | 3/7 [00:40<00:54, 13.57s/it]
 57%|█████▋    | 4/7 [00:54<00:40, 13.56s/it]
 71%|███████▏  | 5/7 [01:07<00:27, 13.57s/it]
 86%|████████▌ | 6/7 [01:21<00:13, 13.56s/it]
100%|██████████| 7/7 [01:31<00:00, 12.31s/it]
100%|██████████| 7/7 [01:31<00:00, 13.02s/it]
Loss: 0.30336206190047726, accuracy: 89.85759735107422
Validating

  0%|          | 0/3 [00:00<?, ?it/s]
 33%|███▎      | 1/3 [00:13<00:26, 13.44s/it]
 67%|██████▋   | 2/3 [00:26<00:13, 13.46s/it]
100%|██████████| 3/3 [00:32<00:00,  9.76s/it]
100%|██████████| 3/3 [00:32<00:00, 10.75s/it]
Loss: 0.30486975285790535, accuracy: 90.72039031982422


Epoch: 41/80
Training

  0%|          | 0/7 [00:00<?, ?it/s]
 14%|█▍        | 1/7 [00:13<01:21, 13.56s/it]
 29%|██▊       | 2/7 [00:27<01:07, 13.58s/it]
 43%|████▎     | 3/7 [00:40<00:54, 13.58s/it]
 57%|█████▋    | 4/7 [00:54<00:40, 13.61s/it]
 71%|███████▏  | 5/7 [01:07<00:27, 13.59s/it]
 86%|████████▌ | 6/7 [01:21<00:13, 13.58s/it]
100%|██████████| 7/7 [01:31<00:00, 12.33s/it]
100%|██████████| 7/7 [01:31<00:00, 13.04s/it]
Loss: 0.301231946701991, accuracy: 90.03196716308594
Validating

  0%|          | 0/3 [00:00<?, ?it/s]
 33%|███▎      | 1/3 [00:13<00:26, 13.43s/it]
 67%|██████▋   | 2/3 [00:26<00:13, 13.48s/it]
100%|██████████| 3/3 [00:32<00:00,  9.77s/it]
100%|██████████| 3/3 [00:32<00:00, 10.77s/it]
Loss: 0.3038145979463836, accuracy: 90.5982894897461


Epoch: 42/80
Training

  0%|          | 0/7 [00:00<?, ?it/s]
 14%|█▍        | 1/7 [00:13<01:21, 13.55s/it]
 29%|██▊       | 2/7 [00:27<01:07, 13.55s/it]
 43%|████▎     | 3/7 [00:40<00:54, 13.58s/it]
 57%|█████▋    | 4/7 [00:54<00:40, 13.57s/it]
 71%|███████▏  | 5/7 [01:07<00:27, 13.57s/it]
 86%|████████▌ | 6/7 [01:21<00:13, 13.57s/it]
100%|██████████| 7/7 [01:31<00:00, 12.32s/it]
100%|██████████| 7/7 [01:31<00:00, 13.02s/it]
Loss: 0.3006396040307405, accuracy: 90.1046142578125
Validating

  0%|          | 0/3 [00:00<?, ?it/s]
 33%|███▎      | 1/3 [00:13<00:26, 13.45s/it]
 67%|██████▋   | 2/3 [00:26<00:13, 13.44s/it]
100%|██████████| 3/3 [00:32<00:00,  9.75s/it]
100%|██████████| 3/3 [00:32<00:00, 10.75s/it]
Loss: 0.30177062469669896, accuracy: 90.67969512939453


Epoch: 43/80
Training

  0%|          | 0/7 [00:00<?, ?it/s]
 14%|█▍        | 1/7 [00:13<01:21, 13.57s/it]
 29%|██▊       | 2/7 [00:27<01:07, 13.59s/it]
 43%|████▎     | 3/7 [00:40<00:54, 13.59s/it]
 57%|█████▋    | 4/7 [00:54<00:40, 13.58s/it]
 71%|███████▏  | 5/7 [01:07<00:27, 13.57s/it]
 86%|████████▌ | 6/7 [01:21<00:13, 13.57s/it]
100%|██████████| 7/7 [01:31<00:00, 12.32s/it]
100%|██████████| 7/7 [01:31<00:00, 13.03s/it]
Loss: 0.2994264877576947, accuracy: 90.35163879394531
Validating

  0%|          | 0/3 [00:00<?, ?it/s]
 33%|███▎      | 1/3 [00:13<00:26, 13.44s/it]
 67%|██████▋   | 2/3 [00:26<00:13, 13.46s/it]
100%|██████████| 3/3 [00:32<00:00,  9.76s/it]
100%|██████████| 3/3 [00:32<00:00, 10.75s/it]
Loss: 0.30081719654965894, accuracy: 90.72039031982422


Epoch: 44/80
Training

  0%|          | 0/7 [00:00<?, ?it/s]
 14%|█▍        | 1/7 [00:13<01:21, 13.54s/it]
 29%|██▊       | 2/7 [00:27<01:07, 13.59s/it]
 43%|████▎     | 3/7 [00:40<00:54, 13.58s/it]
 57%|█████▋    | 4/7 [00:54<00:40, 13.57s/it]
 71%|███████▏  | 5/7 [01:07<00:27, 13.57s/it]
 86%|████████▌ | 6/7 [01:21<00:13, 13.57s/it]
100%|██████████| 7/7 [01:31<00:00, 12.32s/it]
100%|██████████| 7/7 [01:31<00:00, 13.02s/it]
Loss: 0.29780501306524665, accuracy: 90.26445770263672
Validating

  0%|          | 0/3 [00:00<?, ?it/s]
 33%|███▎      | 1/3 [00:13<00:26, 13.44s/it]
 67%|██████▋   | 2/3 [00:26<00:13, 13.44s/it]
100%|██████████| 3/3 [00:32<00:00,  9.74s/it]
100%|██████████| 3/3 [00:32<00:00, 10.74s/it]
Loss: 0.29977361277491765, accuracy: 90.92389678955078


Epoch: 45/80
Training

  0%|          | 0/7 [00:00<?, ?it/s]
 14%|█▍        | 1/7 [00:13<01:21, 13.55s/it]
 29%|██▊       | 2/7 [00:27<01:07, 13.58s/it]
 43%|████▎     | 3/7 [00:40<00:54, 13.58s/it]
 57%|█████▋    | 4/7 [00:54<00:40, 13.56s/it]
 71%|███████▏  | 5/7 [01:07<00:27, 13.56s/it]
 86%|████████▌ | 6/7 [01:21<00:13, 13.57s/it]
100%|██████████| 7/7 [01:31<00:00, 12.32s/it]
100%|██████████| 7/7 [01:31<00:00, 13.02s/it]
Loss: 0.29745773334934145, accuracy: 90.29351806640625
Validating

  0%|          | 0/3 [00:00<?, ?it/s]
 33%|███▎      | 1/3 [00:13<00:26, 13.45s/it]
 67%|██████▋   | 2/3 [00:26<00:13, 13.46s/it]
100%|██████████| 3/3 [00:32<00:00,  9.75s/it]
100%|██████████| 3/3 [00:32<00:00, 10.75s/it]
Loss: 0.29961503088158903, accuracy: 90.92389678955078


Epoch: 46/80
Training

  0%|          | 0/7 [00:00<?, ?it/s]
 14%|█▍        | 1/7 [00:13<01:21, 13.57s/it]
 29%|██▊       | 2/7 [00:27<01:07, 13.58s/it]
 43%|████▎     | 3/7 [00:40<00:54, 13.57s/it]
 57%|█████▋    | 4/7 [00:54<00:40, 13.56s/it]
 71%|███████▏  | 5/7 [01:07<00:27, 13.60s/it]
 86%|████████▌ | 6/7 [01:21<00:13, 13.60s/it]
100%|██████████| 7/7 [01:31<00:00, 12.34s/it]
100%|██████████| 7/7 [01:31<00:00, 13.04s/it]
Loss: 0.29671774708022564, accuracy: 90.19180297851562
Validating

  0%|          | 0/3 [00:00<?, ?it/s]
 33%|███▎      | 1/3 [00:13<00:26, 13.47s/it]
 67%|██████▋   | 2/3 [00:26<00:13, 13.42s/it]
100%|██████████| 3/3 [00:32<00:00,  9.72s/it]
100%|██████████| 3/3 [00:32<00:00, 10.72s/it]
Loss: 0.29854488821596353, accuracy: 91.04598999023438


Epoch: 47/80
Training

  0%|          | 0/7 [00:00<?, ?it/s]
 14%|█▍        | 1/7 [00:13<01:21, 13.50s/it]
 29%|██▊       | 2/7 [00:27<01:07, 13.54s/it]
 43%|████▎     | 3/7 [00:40<00:54, 13.53s/it]
 57%|█████▋    | 4/7 [00:54<00:40, 13.52s/it]
 71%|███████▏  | 5/7 [01:07<00:27, 13.52s/it]
 86%|████████▌ | 6/7 [01:21<00:13, 13.53s/it]
100%|██████████| 7/7 [01:30<00:00, 12.28s/it]
100%|██████████| 7/7 [01:30<00:00, 12.98s/it]
Loss: 0.29536601021102055, accuracy: 90.4969482421875
Validating

  0%|          | 0/3 [00:00<?, ?it/s]
 33%|███▎      | 1/3 [00:13<00:26, 13.43s/it]
 67%|██████▋   | 2/3 [00:26<00:13, 13.43s/it]
100%|██████████| 3/3 [00:32<00:00,  9.74s/it]
100%|██████████| 3/3 [00:32<00:00, 10.74s/it]
Loss: 0.29789020757292844, accuracy: 91.24949645996094


Epoch: 48/80
Training

  0%|          | 0/7 [00:00<?, ?it/s]
 14%|█▍        | 1/7 [00:13<01:21, 13.55s/it]
 29%|██▊       | 2/7 [00:27<01:07, 13.55s/it]
 43%|████▎     | 3/7 [00:40<00:54, 13.56s/it]
 57%|█████▋    | 4/7 [00:54<00:40, 13.56s/it]
 71%|███████▏  | 5/7 [01:07<00:27, 13.55s/it]
 86%|████████▌ | 6/7 [01:21<00:13, 13.56s/it]
100%|██████████| 7/7 [01:31<00:00, 12.31s/it]
100%|██████████| 7/7 [01:31<00:00, 13.01s/it]
Loss: 0.2966826051707463, accuracy: 90.35163879394531
Validating

  0%|          | 0/3 [00:00<?, ?it/s]
 33%|███▎      | 1/3 [00:13<00:26, 13.47s/it]
 67%|██████▋   | 2/3 [00:26<00:13, 13.48s/it]
100%|██████████| 3/3 [00:32<00:00,  9.77s/it]
100%|██████████| 3/3 [00:32<00:00, 10.77s/it]
Loss: 0.29730913203132314, accuracy: 90.88319396972656


Epoch: 49/80
Training

  0%|          | 0/7 [00:00<?, ?it/s]
 14%|█▍        | 1/7 [00:13<01:21, 13.57s/it]
 29%|██▊       | 2/7 [00:27<01:07, 13.56s/it]
 43%|████▎     | 3/7 [00:40<00:54, 13.54s/it]
 57%|█████▋    | 4/7 [00:54<00:40, 13.55s/it]
 71%|███████▏  | 5/7 [01:07<00:27, 13.54s/it]
 86%|████████▌ | 6/7 [01:21<00:13, 13.54s/it]
100%|██████████| 7/7 [01:31<00:00, 12.30s/it]
100%|██████████| 7/7 [01:31<00:00, 13.00s/it]
Loss: 0.2951541399408378, accuracy: 90.26445770263672
Validating

  0%|          | 0/3 [00:00<?, ?it/s]
 33%|███▎      | 1/3 [00:13<00:26, 13.45s/it]
 67%|██████▋   | 2/3 [00:26<00:13, 13.45s/it]
100%|██████████| 3/3 [00:32<00:00,  9.75s/it]
100%|██████████| 3/3 [00:32<00:00, 10.75s/it]
Loss: 0.29667842935196115, accuracy: 90.96459197998047


Epoch: 50/80
Training

  0%|          | 0/7 [00:00<?, ?it/s]
 14%|█▍        | 1/7 [00:13<01:21, 13.58s/it]
 29%|██▊       | 2/7 [00:27<01:07, 13.54s/it]
 43%|████▎     | 3/7 [00:40<00:54, 13.54s/it]
 57%|█████▋    | 4/7 [00:54<00:40, 13.54s/it]
 71%|███████▏  | 5/7 [01:07<00:27, 13.54s/it]
 86%|████████▌ | 6/7 [01:21<00:13, 13.53s/it]
100%|██████████| 7/7 [01:30<00:00, 12.28s/it]
100%|██████████| 7/7 [01:30<00:00, 12.99s/it]
Loss: 0.2941353949687052, accuracy: 90.55506896972656
Validating

  0%|          | 0/3 [00:00<?, ?it/s]
 33%|███▎      | 1/3 [00:13<00:26, 13.43s/it]
 67%|██████▋   | 2/3 [00:26<00:13, 13.42s/it]
100%|██████████| 3/3 [00:32<00:00,  9.73s/it]
100%|██████████| 3/3 [00:32<00:00, 10.73s/it]
Loss: 0.29616523863680244, accuracy: 91.33089447021484


Epoch: 51/80
Training

  0%|          | 0/7 [00:00<?, ?it/s]
 14%|█▍        | 1/7 [00:13<01:21, 13.53s/it]
 29%|██▊       | 2/7 [00:27<01:07, 13.52s/it]
 43%|████▎     | 3/7 [00:40<00:54, 13.53s/it]
 57%|█████▋    | 4/7 [00:54<00:40, 13.52s/it]
 71%|███████▏  | 5/7 [01:07<00:27, 13.54s/it]
 86%|████████▌ | 6/7 [01:21<00:13, 13.53s/it]
100%|██████████| 7/7 [01:30<00:00, 12.28s/it]
100%|██████████| 7/7 [01:30<00:00, 12.98s/it]
Loss: 0.29267667928985025, accuracy: 90.70037841796875
Validating

  0%|          | 0/3 [00:00<?, ?it/s]
 33%|███▎      | 1/3 [00:13<00:26, 13.40s/it]
 67%|██████▋   | 2/3 [00:26<00:13, 13.41s/it]
100%|██████████| 3/3 [00:32<00:00,  9.72s/it]
100%|██████████| 3/3 [00:32<00:00, 10.72s/it]
Loss: 0.2963411676893401, accuracy: 91.04598999023438


Epoch: 52/80
Training

  0%|          | 0/7 [00:00<?, ?it/s]
 14%|█▍        | 1/7 [00:13<01:21, 13.52s/it]
 29%|██▊       | 2/7 [00:27<01:07, 13.53s/it]
 43%|████▎     | 3/7 [00:40<00:54, 13.51s/it]
 57%|█████▋    | 4/7 [00:54<00:40, 13.51s/it]
 71%|███████▏  | 5/7 [01:07<00:27, 13.52s/it]
 86%|████████▌ | 6/7 [01:21<00:13, 13.52s/it]
100%|██████████| 7/7 [01:30<00:00, 12.27s/it]
100%|██████████| 7/7 [01:30<00:00, 12.97s/it]
Loss: 0.29224152964791805, accuracy: 90.80209350585938
Validating

  0%|          | 0/3 [00:00<?, ?it/s]
 33%|███▎      | 1/3 [00:13<00:26, 13.37s/it]
 67%|██████▋   | 2/3 [00:26<00:13, 13.40s/it]
100%|██████████| 3/3 [00:32<00:00,  9.72s/it]
100%|██████████| 3/3 [00:32<00:00, 10.71s/it]
Loss: 0.2941326931889192, accuracy: 91.00529479980469


Epoch: 53/80
Training

  0%|          | 0/7 [00:00<?, ?it/s]
 14%|█▍        | 1/7 [00:13<01:21, 13.51s/it]
 29%|██▊       | 2/7 [00:27<01:07, 13.51s/it]
 43%|████▎     | 3/7 [00:40<00:54, 13.51s/it]
 57%|█████▋    | 4/7 [00:54<00:40, 13.50s/it]
 71%|███████▏  | 5/7 [01:07<00:27, 13.50s/it]
 86%|████████▌ | 6/7 [01:21<00:13, 13.51s/it]
100%|██████████| 7/7 [01:30<00:00, 12.27s/it]
100%|██████████| 7/7 [01:30<00:00, 12.96s/it]
Loss: 0.2916483965265789, accuracy: 90.45335388183594
Validating

  0%|          | 0/3 [00:00<?, ?it/s]
 33%|███▎      | 1/3 [00:13<00:26, 13.41s/it]
 67%|██████▋   | 2/3 [00:26<00:13, 13.41s/it]
100%|██████████| 3/3 [00:32<00:00,  9.72s/it]
100%|██████████| 3/3 [00:32<00:00, 10.72s/it]
Loss: 0.2945685237342864, accuracy: 91.04598999023438


Epoch: 54/80
Training

  0%|          | 0/7 [00:00<?, ?it/s]
 14%|█▍        | 1/7 [00:13<01:21, 13.53s/it]
 29%|██▊       | 2/7 [00:27<01:07, 13.53s/it]
 43%|████▎     | 3/7 [00:40<00:54, 13.52s/it]
 57%|█████▋    | 4/7 [00:54<00:40, 13.51s/it]
 71%|███████▏  | 5/7 [01:07<00:27, 13.50s/it]
 86%|████████▌ | 6/7 [01:21<00:13, 13.51s/it]
100%|██████████| 7/7 [01:30<00:00, 12.26s/it]
100%|██████████| 7/7 [01:30<00:00, 12.97s/it]
Loss: 0.29250252174104724, accuracy: 90.39523315429688
Validating

  0%|          | 0/3 [00:00<?, ?it/s]
 33%|███▎      | 1/3 [00:13<00:26, 13.36s/it]
 67%|██████▋   | 2/3 [00:26<00:13, 13.37s/it]
100%|██████████| 3/3 [00:32<00:00,  9.70s/it]
100%|██████████| 3/3 [00:32<00:00, 10.69s/it]
Loss: 0.2932635797904088, accuracy: 91.29019165039062


Epoch: 55/80
Training

  0%|          | 0/7 [00:00<?, ?it/s]
 14%|█▍        | 1/7 [00:13<01:21, 13.52s/it]
 29%|██▊       | 2/7 [00:27<01:07, 13.53s/it]
 43%|████▎     | 3/7 [00:40<00:54, 13.53s/it]
 57%|█████▋    | 4/7 [00:54<00:40, 13.53s/it]
 71%|███████▏  | 5/7 [01:07<00:27, 13.53s/it]
 86%|████████▌ | 6/7 [01:21<00:13, 13.53s/it]
100%|██████████| 7/7 [01:30<00:00, 12.29s/it]
100%|██████████| 7/7 [01:30<00:00, 12.99s/it]
Loss: 0.2904078531095504, accuracy: 90.39523315429688
Validating

  0%|          | 0/3 [00:00<?, ?it/s]
 33%|███▎      | 1/3 [00:13<00:26, 13.39s/it]
 67%|██████▋   | 2/3 [00:26<00:13, 13.41s/it]
100%|██████████| 3/3 [00:32<00:00,  9.72s/it]
100%|██████████| 3/3 [00:32<00:00, 10.72s/it]
Loss: 0.29262178874277806, accuracy: 91.24949645996094


Epoch: 56/80
Training

  0%|          | 0/7 [00:00<?, ?it/s]
 14%|█▍        | 1/7 [00:13<01:21, 13.54s/it]
 29%|██▊       | 2/7 [00:27<01:07, 13.59s/it]
 43%|████▎     | 3/7 [00:40<00:54, 13.56s/it]
 57%|█████▋    | 4/7 [00:54<00:40, 13.55s/it]
 71%|███████▏  | 5/7 [01:07<00:27, 13.53s/it]
 86%|████████▌ | 6/7 [01:21<00:13, 13.53s/it]
100%|██████████| 7/7 [01:30<00:00, 12.29s/it]
100%|██████████| 7/7 [01:30<00:00, 13.00s/it]
Loss: 0.29013088125539566, accuracy: 90.59866333007812
Validating

  0%|          | 0/3 [00:00<?, ?it/s]
 33%|███▎      | 1/3 [00:13<00:26, 13.45s/it]
 67%|██████▋   | 2/3 [00:26<00:13, 13.44s/it]
100%|██████████| 3/3 [00:32<00:00,  9.75s/it]
100%|██████████| 3/3 [00:32<00:00, 10.75s/it]
Loss: 0.2927102066779651, accuracy: 91.0866928100586


Epoch: 57/80
Training

  0%|          | 0/7 [00:00<?, ?it/s]
 14%|█▍        | 1/7 [00:13<01:21, 13.57s/it]
 29%|██▊       | 2/7 [00:27<01:07, 13.59s/it]
 43%|████▎     | 3/7 [00:40<00:54, 13.60s/it]
 57%|█████▋    | 4/7 [00:54<00:40, 13.59s/it]
 71%|███████▏  | 5/7 [01:07<00:27, 13.58s/it]
 86%|████████▌ | 6/7 [01:21<00:13, 13.57s/it]
100%|██████████| 7/7 [01:31<00:00, 12.33s/it]
100%|██████████| 7/7 [01:31<00:00, 13.03s/it]
Loss: 0.289922997125946, accuracy: 90.75849914550781
Validating

  0%|          | 0/3 [00:00<?, ?it/s]
 33%|███▎      | 1/3 [00:13<00:26, 13.46s/it]
 67%|██████▋   | 2/3 [00:26<00:13, 13.46s/it]
100%|██████████| 3/3 [00:32<00:00,  9.76s/it]
100%|██████████| 3/3 [00:32<00:00, 10.76s/it]
Loss: 0.2916925001008558, accuracy: 91.45299530029297


Epoch: 58/80
Training

  0%|          | 0/7 [00:00<?, ?it/s]
 14%|█▍        | 1/7 [00:13<01:21, 13.57s/it]
 29%|██▊       | 2/7 [00:27<01:07, 13.56s/it]
 43%|████▎     | 3/7 [00:40<00:54, 13.55s/it]
 57%|█████▋    | 4/7 [00:54<00:40, 13.56s/it]
 71%|███████▏  | 5/7 [01:07<00:27, 13.55s/it]
 86%|████████▌ | 6/7 [01:21<00:13, 13.54s/it]
100%|██████████| 7/7 [01:31<00:00, 12.30s/it]
100%|██████████| 7/7 [01:31<00:00, 13.01s/it]
Loss: 0.28955672687827344, accuracy: 90.83114624023438
Validating

  0%|          | 0/3 [00:00<?, ?it/s]
 33%|███▎      | 1/3 [00:13<00:26, 13.42s/it]
 67%|██████▋   | 2/3 [00:26<00:13, 13.45s/it]
100%|██████████| 3/3 [00:32<00:00,  9.75s/it]
100%|██████████| 3/3 [00:32<00:00, 10.75s/it]
Loss: 0.29153435132976074, accuracy: 91.1680908203125


Epoch: 59/80
Training

  0%|          | 0/7 [00:00<?, ?it/s]
 14%|█▍        | 1/7 [00:13<01:21, 13.55s/it]
 29%|██▊       | 2/7 [00:27<01:07, 13.54s/it]
 43%|████▎     | 3/7 [00:40<00:54, 13.52s/it]
 57%|█████▋    | 4/7 [00:54<00:40, 13.52s/it]
 71%|███████▏  | 5/7 [01:07<00:27, 13.50s/it]
 86%|████████▌ | 6/7 [01:21<00:13, 13.51s/it]
100%|██████████| 7/7 [01:30<00:00, 12.27s/it]
100%|██████████| 7/7 [01:30<00:00, 12.97s/it]
Loss: 0.28831973794032517, accuracy: 90.90380859375
Validating

  0%|          | 0/3 [00:00<?, ?it/s]
 33%|███▎      | 1/3 [00:13<00:26, 13.40s/it]
 67%|██████▋   | 2/3 [00:26<00:13, 13.39s/it]
100%|██████████| 3/3 [00:32<00:00,  9.73s/it]
100%|██████████| 3/3 [00:32<00:00, 10.72s/it]
Loss: 0.29078744910429977, accuracy: 91.41229248046875


Epoch: 60/80
Training

  0%|          | 0/7 [00:00<?, ?it/s]
 14%|█▍        | 1/7 [00:13<01:21, 13.53s/it]
 29%|██▊       | 2/7 [00:27<01:07, 13.52s/it]
 43%|████▎     | 3/7 [00:40<00:54, 13.53s/it]
 57%|█████▋    | 4/7 [00:54<00:40, 13.52s/it]
 71%|███████▏  | 5/7 [01:07<00:27, 13.52s/it]
 86%|████████▌ | 6/7 [01:21<00:13, 13.53s/it]
100%|██████████| 7/7 [01:30<00:00, 12.28s/it]
100%|██████████| 7/7 [01:30<00:00, 12.98s/it]
Loss: 0.288891499514013, accuracy: 90.77302551269531
Validating

  0%|          | 0/3 [00:00<?, ?it/s]
 33%|███▎      | 1/3 [00:13<00:26, 13.40s/it]
 67%|██████▋   | 2/3 [00:26<00:13, 13.41s/it]
100%|██████████| 3/3 [00:32<00:00,  9.73s/it]
100%|██████████| 3/3 [00:32<00:00, 10.72s/it]
Loss: 0.2912836594701929, accuracy: 91.1680908203125


Epoch: 61/80
Training

  0%|          | 0/7 [00:00<?, ?it/s]
 14%|█▍        | 1/7 [00:13<01:21, 13.55s/it]
 29%|██▊       | 2/7 [00:27<01:07, 13.55s/it]
 43%|████▎     | 3/7 [00:40<00:54, 13.54s/it]
 57%|█████▋    | 4/7 [00:54<00:40, 13.54s/it]
 71%|███████▏  | 5/7 [01:07<00:27, 13.53s/it]
 86%|████████▌ | 6/7 [01:21<00:13, 13.53s/it]
100%|██████████| 7/7 [01:30<00:00, 12.28s/it]
100%|██████████| 7/7 [01:30<00:00, 12.99s/it]
Loss: 0.2896705031637465, accuracy: 90.56959533691406
Validating

  0%|          | 0/3 [00:00<?, ?it/s]
 33%|███▎      | 1/3 [00:13<00:26, 13.39s/it]
 67%|██████▋   | 2/3 [00:26<00:13, 13.40s/it]
100%|██████████| 3/3 [00:32<00:00,  9.72s/it]
100%|██████████| 3/3 [00:32<00:00, 10.71s/it]
Loss: 0.2913602481152306, accuracy: 91.24949645996094


Epoch: 62/80
Training

  0%|          | 0/7 [00:00<?, ?it/s]
 14%|█▍        | 1/7 [00:13<01:21, 13.54s/it]
 29%|██▊       | 2/7 [00:27<01:07, 13.53s/it]
 43%|████▎     | 3/7 [00:40<00:54, 13.53s/it]
 57%|█████▋    | 4/7 [00:54<00:40, 13.53s/it]
 71%|███████▏  | 5/7 [01:07<00:27, 13.54s/it]
 86%|████████▌ | 6/7 [01:21<00:13, 13.53s/it]
100%|██████████| 7/7 [01:30<00:00, 12.29s/it]
100%|██████████| 7/7 [01:30<00:00, 12.99s/it]
Loss: 0.2878608633979259, accuracy: 90.90380859375
Validating

  0%|          | 0/3 [00:00<?, ?it/s]
 33%|███▎      | 1/3 [00:13<00:26, 13.42s/it]
 67%|██████▋   | 2/3 [00:26<00:13, 13.43s/it]
100%|██████████| 3/3 [00:32<00:00,  9.74s/it]
100%|██████████| 3/3 [00:32<00:00, 10.74s/it]
Loss: 0.2907314942675875, accuracy: 91.45299530029297


Epoch: 63/80
Training

  0%|          | 0/7 [00:00<?, ?it/s]
 14%|█▍        | 1/7 [00:13<01:21, 13.55s/it]
 29%|██▊       | 2/7 [00:27<01:07, 13.55s/it]
 43%|████▎     | 3/7 [00:40<00:54, 13.54s/it]
 57%|█████▋    | 4/7 [00:54<00:40, 13.53s/it]
 71%|███████▏  | 5/7 [01:07<00:27, 13.54s/it]
 86%|████████▌ | 6/7 [01:21<00:13, 13.54s/it]
100%|██████████| 7/7 [01:30<00:00, 12.30s/it]
100%|██████████| 7/7 [01:30<00:00, 13.00s/it]
Loss: 0.28744398542040833, accuracy: 90.70037841796875
Validating

  0%|          | 0/3 [00:00<?, ?it/s]
 33%|███▎      | 1/3 [00:13<00:26, 13.39s/it]
 67%|██████▋   | 2/3 [00:26<00:13, 13.41s/it]
100%|██████████| 3/3 [00:32<00:00,  9.73s/it]
100%|██████████| 3/3 [00:32<00:00, 10.72s/it]
Loss: 0.2916950405032158, accuracy: 91.1680908203125


Epoch: 64/80
Training

  0%|          | 0/7 [00:00<?, ?it/s]
 14%|█▍        | 1/7 [00:13<01:21, 13.54s/it]
 29%|██▊       | 2/7 [00:27<01:07, 13.53s/it]
 43%|████▎     | 3/7 [00:40<00:54, 13.52s/it]
 57%|█████▋    | 4/7 [00:54<00:40, 13.51s/it]
 71%|███████▏  | 5/7 [01:07<00:27, 13.50s/it]
 86%|████████▌ | 6/7 [01:21<00:13, 13.51s/it]
100%|██████████| 7/7 [01:30<00:00, 12.28s/it]
100%|██████████| 7/7 [01:30<00:00, 12.98s/it]
Loss: 0.2899714058497312, accuracy: 90.67131042480469
Validating

  0%|          | 0/3 [00:00<?, ?it/s]
 33%|███▎      | 1/3 [00:13<00:26, 13.42s/it]
 67%|██████▋   | 2/3 [00:26<00:13, 13.41s/it]
100%|██████████| 3/3 [00:32<00:00,  9.73s/it]
100%|██████████| 3/3 [00:32<00:00, 10.72s/it]
Loss: 0.2893735456379342, accuracy: 91.24949645996094


Epoch: 65/80
Training

  0%|          | 0/7 [00:00<?, ?it/s]
 14%|█▍        | 1/7 [00:13<01:21, 13.52s/it]
 29%|██▊       | 2/7 [00:27<01:07, 13.53s/it]
 43%|████▎     | 3/7 [00:40<00:54, 13.53s/it]
 57%|█████▋    | 4/7 [00:54<00:40, 13.56s/it]
 71%|███████▏  | 5/7 [01:07<00:27, 13.55s/it]
 86%|████████▌ | 6/7 [01:21<00:13, 13.53s/it]
100%|██████████| 7/7 [01:30<00:00, 12.29s/it]
100%|██████████| 7/7 [01:30<00:00, 13.00s/it]
Loss: 0.28989332043927135, accuracy: 90.67131042480469
Validating

  0%|          | 0/3 [00:00<?, ?it/s]
 33%|███▎      | 1/3 [00:13<00:26, 13.40s/it]
 67%|██████▋   | 2/3 [00:26<00:13, 13.41s/it]
100%|██████████| 3/3 [00:32<00:00,  9.73s/it]
100%|██████████| 3/3 [00:32<00:00, 10.72s/it]
Loss: 0.29277519129086277, accuracy: 91.1680908203125


Epoch: 66/80
Training

  0%|          | 0/7 [00:00<?, ?it/s]
 14%|█▍        | 1/7 [00:13<01:20, 13.49s/it]
 29%|██▊       | 2/7 [00:26<01:07, 13.50s/it]
 43%|████▎     | 3/7 [00:40<00:53, 13.49s/it]
 57%|█████▋    | 4/7 [00:53<00:40, 13.50s/it]
 71%|███████▏  | 5/7 [01:07<00:27, 13.50s/it]
 86%|████████▌ | 6/7 [01:21<00:13, 13.50s/it]
100%|██████████| 7/7 [01:30<00:00, 12.26s/it]
100%|██████████| 7/7 [01:30<00:00, 12.96s/it]
Loss: 0.2877871183176714, accuracy: 90.61318969726562
Validating

  0%|          | 0/3 [00:00<?, ?it/s]
 33%|███▎      | 1/3 [00:13<00:26, 13.39s/it]
 67%|██████▋   | 2/3 [00:26<00:13, 13.38s/it]
100%|██████████| 3/3 [00:32<00:00,  9.70s/it]
100%|██████████| 3/3 [00:32<00:00, 10.70s/it]
Loss: 0.29352856014722917, accuracy: 91.1680908203125


Epoch: 67/80
Training

  0%|          | 0/7 [00:00<?, ?it/s]
 14%|█▍        | 1/7 [00:13<01:20, 13.49s/it]
 29%|██▊       | 2/7 [00:27<01:07, 13.51s/it]
 43%|████▎     | 3/7 [00:40<00:54, 13.52s/it]
 57%|█████▋    | 4/7 [00:54<00:40, 13.52s/it]
 71%|███████▏  | 5/7 [01:07<00:27, 13.52s/it]
 86%|████████▌ | 6/7 [01:21<00:13, 13.51s/it]
100%|██████████| 7/7 [01:30<00:00, 12.27s/it]
100%|██████████| 7/7 [01:30<00:00, 12.97s/it]
Loss: 0.28691305476924217, accuracy: 91.07817077636719
Validating

  0%|          | 0/3 [00:00<?, ?it/s]
 33%|███▎      | 1/3 [00:13<00:26, 13.39s/it]
 67%|██████▋   | 2/3 [00:26<00:13, 13.40s/it]
100%|██████████| 3/3 [00:32<00:00,  9.71s/it]
100%|██████████| 3/3 [00:32<00:00, 10.71s/it]
Loss: 0.2891992677092601, accuracy: 91.41229248046875


Epoch: 68/80
Training

  0%|          | 0/7 [00:00<?, ?it/s]
 14%|█▍        | 1/7 [00:13<01:21, 13.51s/it]
 29%|██▊       | 2/7 [00:27<01:07, 13.52s/it]
 43%|████▎     | 3/7 [00:40<00:54, 13.51s/it]
 57%|█████▋    | 4/7 [00:54<00:40, 13.50s/it]
 71%|███████▏  | 5/7 [01:07<00:26, 13.49s/it]
 86%|████████▌ | 6/7 [01:20<00:13, 13.49s/it]
100%|██████████| 7/7 [01:30<00:00, 12.24s/it]
100%|██████████| 7/7 [01:30<00:00, 12.95s/it]
Loss: 0.2865387893318957, accuracy: 91.02005004882812
Validating

  0%|          | 0/3 [00:00<?, ?it/s]
 33%|███▎      | 1/3 [00:13<00:26, 13.36s/it]
 67%|██████▋   | 2/3 [00:26<00:13, 13.38s/it]
100%|██████████| 3/3 [00:32<00:00,  9.70s/it]
100%|██████████| 3/3 [00:32<00:00, 10.69s/it]
Loss: 0.28835087848427726, accuracy: 91.24949645996094


Epoch: 69/80
Training

  0%|          | 0/7 [00:00<?, ?it/s]
 14%|█▍        | 1/7 [00:13<01:20, 13.49s/it]
 29%|██▊       | 2/7 [00:26<01:07, 13.50s/it]
 43%|████▎     | 3/7 [00:40<00:53, 13.49s/it]
 57%|█████▋    | 4/7 [00:53<00:40, 13.50s/it]
 71%|███████▏  | 5/7 [01:07<00:27, 13.51s/it]
 86%|████████▌ | 6/7 [01:21<00:13, 13.51s/it]
100%|██████████| 7/7 [01:30<00:00, 12.27s/it]
100%|██████████| 7/7 [01:30<00:00, 12.96s/it]
Loss: 0.2868396263159281, accuracy: 90.54054260253906
Validating

  0%|          | 0/3 [00:00<?, ?it/s]
 33%|███▎      | 1/3 [00:13<00:26, 13.42s/it]
 67%|██████▋   | 2/3 [00:26<00:13, 13.42s/it]
100%|██████████| 3/3 [00:32<00:00,  9.73s/it]
100%|██████████| 3/3 [00:32<00:00, 10.73s/it]
Loss: 0.2884297648920099, accuracy: 91.45299530029297


Epoch: 70/80
Training

  0%|          | 0/7 [00:00<?, ?it/s]
 14%|█▍        | 1/7 [00:13<01:21, 13.56s/it]
 29%|██▊       | 2/7 [00:27<01:07, 13.56s/it]
 43%|████▎     | 3/7 [00:40<00:54, 13.55s/it]
 57%|█████▋    | 4/7 [00:54<00:40, 13.56s/it]
 71%|███████▏  | 5/7 [01:07<00:27, 13.56s/it]
 86%|████████▌ | 6/7 [01:21<00:13, 13.56s/it]
100%|██████████| 7/7 [01:31<00:00, 12.31s/it]
100%|██████████| 7/7 [01:31<00:00, 13.01s/it]
Loss: 0.2852605982891732, accuracy: 91.06364440917969
Validating

  0%|          | 0/3 [00:00<?, ?it/s]
 33%|███▎      | 1/3 [00:13<00:26, 13.42s/it]
 67%|██████▋   | 2/3 [00:26<00:13, 13.41s/it]
100%|██████████| 3/3 [00:32<00:00,  9.73s/it]
100%|██████████| 3/3 [00:32<00:00, 10.72s/it]
Loss: 0.2875771851718159, accuracy: 91.69718933105469


Epoch: 71/80
Training

  0%|          | 0/7 [00:00<?, ?it/s]
 14%|█▍        | 1/7 [00:13<01:21, 13.50s/it]
 29%|██▊       | 2/7 [00:26<01:07, 13.50s/it]
 43%|████▎     | 3/7 [00:40<00:54, 13.51s/it]
 57%|█████▋    | 4/7 [00:54<00:40, 13.51s/it]
 71%|███████▏  | 5/7 [01:07<00:27, 13.50s/it]
 86%|████████▌ | 6/7 [01:21<00:13, 13.50s/it]
100%|██████████| 7/7 [01:30<00:00, 12.26s/it]
100%|██████████| 7/7 [01:30<00:00, 12.96s/it]
Loss: 0.2861179743905083, accuracy: 90.87474060058594
Validating

  0%|          | 0/3 [00:00<?, ?it/s]
 33%|███▎      | 1/3 [00:13<00:26, 13.40s/it]
 67%|██████▋   | 2/3 [00:26<00:13, 13.39s/it]
100%|██████████| 3/3 [00:32<00:00,  9.71s/it]
100%|██████████| 3/3 [00:32<00:00, 10.70s/it]
Loss: 0.28794007728048393, accuracy: 91.41229248046875


Epoch: 72/80
Training

  0%|          | 0/7 [00:00<?, ?it/s]
 14%|█▍        | 1/7 [00:13<01:21, 13.50s/it]
 29%|██▊       | 2/7 [00:27<01:07, 13.51s/it]
 43%|████▎     | 3/7 [00:40<00:54, 13.55s/it]
 57%|█████▋    | 4/7 [00:54<00:40, 13.53s/it]
 71%|███████▏  | 5/7 [01:07<00:27, 13.52s/it]
 86%|████████▌ | 6/7 [01:21<00:13, 13.51s/it]
100%|██████████| 7/7 [01:30<00:00, 12.26s/it]
100%|██████████| 7/7 [01:30<00:00, 12.97s/it]
Loss: 0.28691053604428346, accuracy: 90.68584442138672
Validating

  0%|          | 0/3 [00:00<?, ?it/s]
 33%|███▎      | 1/3 [00:13<00:26, 13.39s/it]
 67%|██████▋   | 2/3 [00:26<00:13, 13.41s/it]
100%|██████████| 3/3 [00:32<00:00,  9.72s/it]
100%|██████████| 3/3 [00:32<00:00, 10.71s/it]
Loss: 0.28759057261277177, accuracy: 91.37159729003906


Epoch: 73/80
Training

  0%|          | 0/7 [00:00<?, ?it/s]
 14%|█▍        | 1/7 [00:13<01:21, 13.52s/it]
 29%|██▊       | 2/7 [00:27<01:07, 13.51s/it]
 43%|████▎     | 3/7 [00:40<00:54, 13.51s/it]
 57%|█████▋    | 4/7 [00:54<00:40, 13.53s/it]
 71%|███████▏  | 5/7 [01:07<00:27, 13.52s/it]
 86%|████████▌ | 6/7 [01:21<00:13, 13.52s/it]
100%|██████████| 7/7 [01:30<00:00, 12.28s/it]
100%|██████████| 7/7 [01:30<00:00, 12.98s/it]
Loss: 0.2861297165921385, accuracy: 90.9909896850586
Validating

  0%|          | 0/3 [00:00<?, ?it/s]
 33%|███▎      | 1/3 [00:13<00:26, 13.42s/it]
 67%|██████▋   | 2/3 [00:26<00:13, 13.42s/it]
100%|██████████| 3/3 [00:32<00:00,  9.73s/it]
100%|██████████| 3/3 [00:32<00:00, 10.73s/it]
Loss: 0.2865827932171478, accuracy: 91.61579895019531


Epoch: 74/80
Training

  0%|          | 0/7 [00:00<?, ?it/s]
 14%|█▍        | 1/7 [00:13<01:21, 13.54s/it]
 29%|██▊       | 2/7 [00:27<01:07, 13.58s/it]
 43%|████▎     | 3/7 [00:40<00:54, 13.56s/it]
 57%|█████▋    | 4/7 [00:54<00:40, 13.55s/it]
 71%|███████▏  | 5/7 [01:07<00:27, 13.54s/it]
 86%|████████▌ | 6/7 [01:21<00:13, 13.53s/it]
100%|██████████| 7/7 [01:30<00:00, 12.28s/it]
100%|██████████| 7/7 [01:30<00:00, 13.00s/it]
Loss: 0.2845874546191541, accuracy: 90.94739532470703
Validating

  0%|          | 0/3 [00:00<?, ?it/s]
 33%|███▎      | 1/3 [00:13<00:26, 13.42s/it]
 67%|██████▋   | 2/3 [00:26<00:13, 13.43s/it]
100%|██████████| 3/3 [00:32<00:00,  9.73s/it]
100%|██████████| 3/3 [00:32<00:00, 10.73s/it]
Loss: 0.2887556989914914, accuracy: 91.33089447021484


Epoch: 75/80
Training

  0%|          | 0/7 [00:00<?, ?it/s]
 14%|█▍        | 1/7 [00:13<01:21, 13.52s/it]
 29%|██▊       | 2/7 [00:27<01:07, 13.53s/it]
 43%|████▎     | 3/7 [00:40<00:54, 13.54s/it]
 57%|█████▋    | 4/7 [00:54<00:40, 13.54s/it]
 71%|███████▏  | 5/7 [01:07<00:27, 13.53s/it]
 86%|████████▌ | 6/7 [01:21<00:13, 13.54s/it]
100%|██████████| 7/7 [01:30<00:00, 12.29s/it]
100%|██████████| 7/7 [01:30<00:00, 12.99s/it]
Loss: 0.2842272035485262, accuracy: 90.97645568847656
Validating

  0%|          | 0/3 [00:00<?, ?it/s]
 33%|███▎      | 1/3 [00:13<00:26, 13.42s/it]
 67%|██████▋   | 2/3 [00:26<00:13, 13.44s/it]
100%|██████████| 3/3 [00:32<00:00,  9.74s/it]
100%|██████████| 3/3 [00:32<00:00, 10.74s/it]
Loss: 0.28745483008156864, accuracy: 91.61579895019531


Epoch: 76/80
Training

  0%|          | 0/7 [00:00<?, ?it/s]
 14%|█▍        | 1/7 [00:13<01:21, 13.51s/it]
 29%|██▊       | 2/7 [00:27<01:07, 13.53s/it]
 43%|████▎     | 3/7 [00:40<00:54, 13.52s/it]
 57%|█████▋    | 4/7 [00:54<00:40, 13.53s/it]
 71%|███████▏  | 5/7 [01:07<00:27, 13.54s/it]
 86%|████████▌ | 6/7 [01:21<00:13, 13.53s/it]
100%|██████████| 7/7 [01:30<00:00, 12.29s/it]
100%|██████████| 7/7 [01:30<00:00, 12.99s/it]
Loss: 0.28518017928152023, accuracy: 90.81661987304688
Validating

  0%|          | 0/3 [00:00<?, ?it/s]
 33%|███▎      | 1/3 [00:13<00:26, 13.42s/it]
 67%|██████▋   | 2/3 [00:26<00:13, 13.42s/it]
100%|██████████| 3/3 [00:32<00:00,  9.73s/it]
100%|██████████| 3/3 [00:32<00:00, 10.73s/it]
Loss: 0.28740164522334816, accuracy: 91.41229248046875


Epoch: 77/80
Training

  0%|          | 0/7 [00:00<?, ?it/s]
 14%|█▍        | 1/7 [00:13<01:21, 13.51s/it]
 29%|██▊       | 2/7 [00:27<01:07, 13.51s/it]
 43%|████▎     | 3/7 [00:40<00:54, 13.51s/it]
 57%|█████▋    | 4/7 [00:54<00:40, 13.51s/it]
 71%|███████▏  | 5/7 [01:07<00:27, 13.52s/it]
 86%|████████▌ | 6/7 [01:21<00:13, 13.52s/it]
100%|██████████| 7/7 [01:30<00:00, 12.30s/it]
100%|██████████| 7/7 [01:30<00:00, 12.98s/it]
Loss: 0.2834885304090555, accuracy: 91.07817077636719
Validating

  0%|          | 0/3 [00:00<?, ?it/s]
 33%|███▎      | 1/3 [00:13<00:26, 13.38s/it]
 67%|██████▋   | 2/3 [00:26<00:13, 13.40s/it]
100%|██████████| 3/3 [00:32<00:00,  9.72s/it]
100%|██████████| 3/3 [00:32<00:00, 10.71s/it]
Loss: 0.28669700095650624, accuracy: 91.57508850097656


Epoch: 78/80
Training

  0%|          | 0/7 [00:00<?, ?it/s]
 14%|█▍        | 1/7 [00:13<01:21, 13.53s/it]
 29%|██▊       | 2/7 [00:27<01:07, 13.54s/it]
 43%|████▎     | 3/7 [00:40<00:54, 13.53s/it]
 57%|█████▋    | 4/7 [00:54<00:40, 13.53s/it]
 71%|███████▏  | 5/7 [01:07<00:27, 13.51s/it]
 86%|████████▌ | 6/7 [01:21<00:13, 13.52s/it]
100%|██████████| 7/7 [01:30<00:00, 12.26s/it]
100%|██████████| 7/7 [01:30<00:00, 12.97s/it]
Loss: 0.2830980201337061, accuracy: 90.9909896850586
Validating

  0%|          | 0/3 [00:00<?, ?it/s]
 33%|███▎      | 1/3 [00:13<00:26, 13.37s/it]
 67%|██████▋   | 2/3 [00:26<00:13, 13.39s/it]
100%|██████████| 3/3 [00:32<00:00,  9.71s/it]
100%|██████████| 3/3 [00:32<00:00, 10.70s/it]
Loss: 0.2870763114641777, accuracy: 91.41229248046875


Epoch: 79/80
Training

  0%|          | 0/7 [00:00<?, ?it/s]
 14%|█▍        | 1/7 [00:13<01:21, 13.56s/it]
 29%|██▊       | 2/7 [00:27<01:07, 13.53s/it]
 43%|████▎     | 3/7 [00:40<00:54, 13.53s/it]
 57%|█████▋    | 4/7 [00:54<00:40, 13.53s/it]
 71%|███████▏  | 5/7 [01:07<00:27, 13.55s/it]
 86%|████████▌ | 6/7 [01:21<00:13, 13.53s/it]
100%|██████████| 7/7 [01:30<00:00, 12.30s/it]
100%|██████████| 7/7 [01:30<00:00, 13.00s/it]
Loss: 0.2831520623105517, accuracy: 91.15082550048828
Validating

  0%|          | 0/3 [00:00<?, ?it/s]
 33%|███▎      | 1/3 [00:13<00:26, 13.39s/it]
 67%|██████▋   | 2/3 [00:26<00:13, 13.40s/it]
100%|██████████| 3/3 [00:32<00:00,  9.71s/it]
100%|██████████| 3/3 [00:32<00:00, 10.71s/it]
Loss: 0.28549954262408583, accuracy: 91.77859497070312


Epoch: 80/80
Training

  0%|          | 0/7 [00:00<?, ?it/s]
 14%|█▍        | 1/7 [00:13<01:20, 13.48s/it]
 29%|██▊       | 2/7 [00:27<01:07, 13.50s/it]
 43%|████▎     | 3/7 [00:40<00:54, 13.50s/it]
 57%|█████▋    | 4/7 [00:53<00:40, 13.50s/it]
 71%|███████▏  | 5/7 [01:07<00:26, 13.50s/it]
 86%|████████▌ | 6/7 [01:20<00:13, 13.49s/it]
100%|██████████| 7/7 [01:30<00:00, 12.25s/it]
100%|██████████| 7/7 [01:30<00:00, 12.95s/it]
Loss: 0.2830367113867668, accuracy: 91.2525405883789
Validating

  0%|          | 0/3 [00:00<?, ?it/s]
 33%|███▎      | 1/3 [00:13<00:26, 13.36s/it]
 67%|██████▋   | 2/3 [00:26<00:13, 13.37s/it]
100%|██████████| 3/3 [00:32<00:00,  9.70s/it]
100%|██████████| 3/3 [00:32<00:00, 10.69s/it]
Loss: 0.2852645662192848, accuracy: 91.73789978027344


Training Time: 2.0h 44.0m 33.680748462677s
Best validation accuracy: 91.77859497070312

  0%|          | 0/1 [00:00<?, ?it/s]
100%|██████████| 1/1 [00:06<00:00,  6.43s/it]
100%|██████████| 1/1 [00:06<00:00,  6.43s/it]

Evaluated on test set
accuracy: 90.224%, f1-score: 0.90203

Epoch: 1/50
Training

  0%|          | 0/7 [00:00<?, ?it/s]
 14%|█▍        | 1/7 [00:13<01:19, 13.31s/it]
 29%|██▊       | 2/7 [00:26<01:06, 13.30s/it]
 43%|████▎     | 3/7 [00:39<00:53, 13.28s/it]
 57%|█████▋    | 4/7 [00:53<00:40, 13.34s/it]
 71%|███████▏  | 5/7 [01:06<00:26, 13.41s/it]
 86%|████████▌ | 6/7 [01:20<00:13, 13.49s/it]
100%|██████████| 7/7 [01:30<00:00, 12.35s/it]
100%|██████████| 7/7 [01:30<00:00, 12.92s/it]
Loss: 0.7175580037953166, accuracy: 47.13745880126953
Validating

  0%|          | 0/3 [00:00<?, ?it/s]
 33%|███▎      | 1/3 [00:13<00:27, 13.76s/it]
 67%|██████▋   | 2/3 [00:27<00:13, 13.82s/it]
100%|██████████| 3/3 [00:33<00:00, 10.04s/it]
100%|██████████| 3/3 [00:33<00:00, 11.05s/it]
Loss: 0.666882477861427, accuracy: 63.57346725463867


Epoch: 2/50
Training

  0%|          | 0/7 [00:00<?, ?it/s]
 14%|█▍        | 1/7 [00:13<01:22, 13.82s/it]
 29%|██▊       | 2/7 [00:27<01:08, 13.80s/it]
 43%|████▎     | 3/7 [00:41<00:55, 13.82s/it]
 57%|█████▋    | 4/7 [00:55<00:41, 13.85s/it]
 71%|███████▏  | 5/7 [01:09<00:27, 13.89s/it]
 86%|████████▌ | 6/7 [01:23<00:13, 13.94s/it]
100%|██████████| 7/7 [01:33<00:00, 12.70s/it]
100%|██████████| 7/7 [01:33<00:00, 13.36s/it]
Loss: 0.6668268021058634, accuracy: 63.353675842285156
Validating

  0%|          | 0/3 [00:00<?, ?it/s]
 33%|███▎      | 1/3 [00:13<00:27, 13.98s/it]
 67%|██████▋   | 2/3 [00:27<00:13, 13.96s/it]
100%|██████████| 3/3 [00:33<00:00, 10.16s/it]
100%|██████████| 3/3 [00:33<00:00, 11.19s/it]
Loss: 0.6416557126769119, accuracy: 73.13797760009766


Epoch: 3/50
Training

  0%|          | 0/7 [00:00<?, ?it/s]
 14%|█▍        | 1/7 [00:14<01:25, 14.29s/it]
 29%|██▊       | 2/7 [00:28<01:11, 14.36s/it]
 43%|████▎     | 3/7 [00:43<00:57, 14.36s/it]
 57%|█████▋    | 4/7 [00:57<00:43, 14.37s/it]
 71%|███████▏  | 5/7 [01:11<00:28, 14.36s/it]
 86%|████████▌ | 6/7 [01:26<00:14, 14.36s/it]
100%|██████████| 7/7 [01:36<00:00, 13.04s/it]
100%|██████████| 7/7 [01:36<00:00, 13.78s/it]
Loss: 0.6301708928515349, accuracy: 70.63353729248047
Validating

  0%|          | 0/3 [00:00<?, ?it/s]
 33%|███▎      | 1/3 [00:14<00:28, 14.25s/it]
 67%|██████▋   | 2/3 [00:28<00:14, 14.30s/it]
100%|██████████| 3/3 [00:34<00:00, 10.39s/it]
100%|██████████| 3/3 [00:34<00:00, 11.44s/it]
Loss: 0.6201567179457075, accuracy: 72.64957427978516


Epoch: 4/50
Training

  0%|          | 0/7 [00:00<?, ?it/s]
 14%|█▍        | 1/7 [00:14<01:26, 14.45s/it]
 29%|██▊       | 2/7 [00:28<01:12, 14.46s/it]
 43%|████▎     | 3/7 [00:43<00:57, 14.38s/it]
 57%|█████▋    | 4/7 [00:57<00:43, 14.36s/it]
 71%|███████▏  | 5/7 [01:11<00:28, 14.36s/it]
 86%|████████▌ | 6/7 [01:26<00:14, 14.37s/it]
100%|██████████| 7/7 [01:36<00:00, 13.07s/it]
100%|██████████| 7/7 [01:36<00:00, 13.81s/it]
Loss: 0.605720367881317, accuracy: 72.76953887939453
Validating

  0%|          | 0/3 [00:00<?, ?it/s]
 33%|███▎      | 1/3 [00:14<00:28, 14.27s/it]
 67%|██████▋   | 2/3 [00:28<00:14, 14.32s/it]
100%|██████████| 3/3 [00:34<00:00, 10.40s/it]
100%|██████████| 3/3 [00:34<00:00, 11.45s/it]
Loss: 0.5992581086960274, accuracy: 73.01587677001953


Epoch: 5/50
Training

  0%|          | 0/7 [00:00<?, ?it/s]
 14%|█▍        | 1/7 [00:14<01:26, 14.41s/it]
 29%|██▊       | 2/7 [00:28<01:12, 14.42s/it]
 43%|████▎     | 3/7 [00:43<00:57, 14.44s/it]
 57%|█████▋    | 4/7 [00:57<00:43, 14.45s/it]
 71%|███████▏  | 5/7 [01:12<00:28, 14.44s/it]
 86%|████████▌ | 6/7 [01:26<00:14, 14.42s/it]
100%|██████████| 7/7 [01:36<00:00, 13.07s/it]
100%|██████████| 7/7 [01:36<00:00, 13.84s/it]
Loss: 0.5900045384746829, accuracy: 72.88578796386719
Validating

  0%|          | 0/3 [00:00<?, ?it/s]
 33%|███▎      | 1/3 [00:14<00:28, 14.06s/it]
 67%|██████▋   | 2/3 [00:28<00:14, 14.01s/it]
100%|██████████| 3/3 [00:33<00:00, 10.19s/it]
100%|██████████| 3/3 [00:33<00:00, 11.22s/it]
Loss: 0.584532940902019, accuracy: 73.01587677001953


Epoch: 6/50
Training

  0%|          | 0/7 [00:00<?, ?it/s]
 14%|█▍        | 1/7 [00:14<01:24, 14.16s/it]
 29%|██▊       | 2/7 [00:28<01:10, 14.15s/it]
 43%|████▎     | 3/7 [00:42<00:56, 14.17s/it]
 57%|█████▋    | 4/7 [00:56<00:42, 14.17s/it]
 71%|███████▏  | 5/7 [01:10<00:28, 14.18s/it]
 86%|████████▌ | 6/7 [01:25<00:14, 14.18s/it]
100%|██████████| 7/7 [01:35<00:00, 12.89s/it]
100%|██████████| 7/7 [01:35<00:00, 13.61s/it]
Loss: 0.5781452873008814, accuracy: 73.32170867919922
Validating

  0%|          | 0/3 [00:00<?, ?it/s]
 33%|███▎      | 1/3 [00:14<00:28, 14.07s/it]
 67%|██████▋   | 2/3 [00:28<00:14, 14.07s/it]
100%|██████████| 3/3 [00:33<00:00, 10.21s/it]
100%|██████████| 3/3 [00:33<00:00, 11.25s/it]
Loss: 0.573380799229474, accuracy: 73.5042724609375


Epoch: 7/50
Training

  0%|          | 0/7 [00:00<?, ?it/s]
 14%|█▍        | 1/7 [00:14<01:24, 14.13s/it]
 29%|██▊       | 2/7 [00:28<01:10, 14.16s/it]
 43%|████▎     | 3/7 [00:42<00:56, 14.17s/it]
 57%|█████▋    | 4/7 [00:56<00:42, 14.17s/it]
 71%|███████▏  | 5/7 [01:10<00:28, 14.17s/it]
 86%|████████▌ | 6/7 [01:24<00:14, 14.15s/it]
100%|██████████| 7/7 [01:35<00:00, 12.87s/it]
100%|██████████| 7/7 [01:35<00:00, 13.60s/it]
Loss: 0.5707932459480088, accuracy: 73.52513885498047
Validating

  0%|          | 0/3 [00:00<?, ?it/s]
 33%|███▎      | 1/3 [00:14<00:28, 14.05s/it]
 67%|██████▋   | 2/3 [00:28<00:14, 14.08s/it]
100%|██████████| 3/3 [00:33<00:00, 10.22s/it]
100%|██████████| 3/3 [00:33<00:00, 11.26s/it]
Loss: 0.5659912522119577, accuracy: 73.54498291015625


Epoch: 8/50
Training

  0%|          | 0/7 [00:00<?, ?it/s]
 14%|█▍        | 1/7 [00:14<01:25, 14.25s/it]
 29%|██▊       | 2/7 [00:28<01:11, 14.24s/it]
 43%|████▎     | 3/7 [00:42<00:56, 14.24s/it]
 57%|█████▋    | 4/7 [00:56<00:42, 14.24s/it]
 71%|███████▏  | 5/7 [01:11<00:28, 14.23s/it]
 86%|████████▌ | 6/7 [01:25<00:14, 14.25s/it]
100%|██████████| 7/7 [01:35<00:00, 12.94s/it]
100%|██████████| 7/7 [01:35<00:00, 13.67s/it]
Loss: 0.565132285976299, accuracy: 74.0482406616211
Validating

  0%|          | 0/3 [00:00<?, ?it/s]
 33%|███▎      | 1/3 [00:14<00:28, 14.10s/it]
 67%|██████▋   | 2/3 [00:28<00:14, 14.12s/it]
100%|██████████| 3/3 [00:33<00:00, 10.26s/it]
100%|██████████| 3/3 [00:33<00:00, 11.30s/it]
Loss: 0.5612503101683071, accuracy: 74.3996810913086


Epoch: 9/50
Training

  0%|          | 0/7 [00:00<?, ?it/s]
 14%|█▍        | 1/7 [00:14<01:25, 14.27s/it]
 29%|██▊       | 2/7 [00:28<01:11, 14.25s/it]
 43%|████▎     | 3/7 [00:42<00:57, 14.26s/it]
 57%|█████▋    | 4/7 [00:57<00:42, 14.26s/it]
 71%|███████▏  | 5/7 [01:11<00:28, 14.26s/it]
 86%|████████▌ | 6/7 [01:25<00:14, 14.25s/it]
100%|██████████| 7/7 [01:35<00:00, 12.95s/it]
100%|██████████| 7/7 [01:35<00:00, 13.69s/it]
Loss: 0.560835636933506, accuracy: 74.07730102539062
Validating

  0%|          | 0/3 [00:00<?, ?it/s]
 33%|███▎      | 1/3 [00:14<00:28, 14.14s/it]
 67%|██████▋   | 2/3 [00:28<00:14, 14.15s/it]
100%|██████████| 3/3 [00:33<00:00, 10.28s/it]
100%|██████████| 3/3 [00:33<00:00, 11.32s/it]
Loss: 0.5590086539052684, accuracy: 74.68457794189453


Epoch: 10/50
Training

  0%|          | 0/7 [00:00<?, ?it/s]
 14%|█▍        | 1/7 [00:14<01:25, 14.25s/it]
 29%|██▊       | 2/7 [00:28<01:11, 14.28s/it]
 43%|████▎     | 3/7 [00:42<00:57, 14.29s/it]
 57%|█████▋    | 4/7 [00:57<00:42, 14.29s/it]
 71%|███████▏  | 5/7 [01:11<00:28, 14.30s/it]
 86%|████████▌ | 6/7 [01:25<00:14, 14.29s/it]
100%|██████████| 7/7 [01:36<00:00, 12.99s/it]
100%|██████████| 7/7 [01:36<00:00, 13.72s/it]
Loss: 0.55832030900652, accuracy: 74.13542175292969
Validating

  0%|          | 0/3 [00:00<?, ?it/s]
 33%|███▎      | 1/3 [00:14<00:28, 14.23s/it]
 67%|██████▋   | 2/3 [00:28<00:14, 14.24s/it]
100%|██████████| 3/3 [00:34<00:00, 10.34s/it]
100%|██████████| 3/3 [00:34<00:00, 11.39s/it]
Loss: 0.5558443555125484, accuracy: 74.92877960205078


Epoch: 11/50
Training

  0%|          | 0/7 [00:00<?, ?it/s]
 14%|█▍        | 1/7 [00:14<01:25, 14.27s/it]
 29%|██▊       | 2/7 [00:28<01:11, 14.30s/it]
 43%|████▎     | 3/7 [00:42<00:57, 14.33s/it]
 57%|█████▋    | 4/7 [00:57<00:43, 14.37s/it]
 71%|███████▏  | 5/7 [01:11<00:28, 14.38s/it]
 86%|████████▌ | 6/7 [01:26<00:14, 14.39s/it]
100%|██████████| 7/7 [01:36<00:00, 13.07s/it]
100%|██████████| 7/7 [01:36<00:00, 13.79s/it]
Loss: 0.5562139212374977, accuracy: 74.16448974609375
Validating

  0%|          | 0/3 [00:00<?, ?it/s]
 33%|███▎      | 1/3 [00:14<00:28, 14.27s/it]
 67%|██████▋   | 2/3 [00:28<00:14, 14.28s/it]
100%|██████████| 3/3 [00:34<00:00, 10.36s/it]
100%|██████████| 3/3 [00:34<00:00, 11.42s/it]
Loss: 0.5537572877650635, accuracy: 74.88807678222656


Epoch: 12/50
Training

  0%|          | 0/7 [00:00<?, ?it/s]
 14%|█▍        | 1/7 [00:14<01:26, 14.42s/it]
 29%|██▊       | 2/7 [00:28<01:11, 14.39s/it]
 43%|████▎     | 3/7 [00:43<00:57, 14.39s/it]
 57%|█████▋    | 4/7 [00:57<00:43, 14.38s/it]
 71%|███████▏  | 5/7 [01:11<00:28, 14.39s/it]
 86%|████████▌ | 6/7 [01:26<00:14, 14.38s/it]
100%|██████████| 7/7 [01:36<00:00, 13.06s/it]
100%|██████████| 7/7 [01:36<00:00, 13.81s/it]
Loss: 0.5534900972157916, accuracy: 74.17901611328125
Validating

  0%|          | 0/3 [00:00<?, ?it/s]
 33%|███▎      | 1/3 [00:14<00:28, 14.26s/it]
 67%|██████▋   | 2/3 [00:28<00:14, 14.28s/it]
100%|██████████| 3/3 [00:34<00:00, 10.34s/it]
100%|██████████| 3/3 [00:34<00:00, 11.40s/it]
Loss: 0.5531125506784162, accuracy: 74.84737396240234


Epoch: 13/50
Training

  0%|          | 0/7 [00:00<?, ?it/s]
 14%|█▍        | 1/7 [00:14<01:25, 14.28s/it]
 29%|██▊       | 2/7 [00:28<01:11, 14.26s/it]
 43%|████▎     | 3/7 [00:42<00:57, 14.30s/it]
 57%|█████▋    | 4/7 [00:57<00:42, 14.30s/it]
 71%|███████▏  | 5/7 [01:11<00:28, 14.30s/it]
 86%|████████▌ | 6/7 [01:25<00:14, 14.31s/it]
100%|██████████| 7/7 [01:36<00:00, 13.00s/it]
100%|██████████| 7/7 [01:36<00:00, 13.73s/it]
Loss: 0.5531238067188224, accuracy: 74.23713684082031
Validating

  0%|          | 0/3 [00:00<?, ?it/s]
 33%|███▎      | 1/3 [00:14<00:28, 14.17s/it]
 67%|██████▋   | 2/3 [00:28<00:14, 14.23s/it]
100%|██████████| 3/3 [00:34<00:00, 10.33s/it]
100%|██████████| 3/3 [00:34<00:00, 11.38s/it]
Loss: 0.5507820578770372, accuracy: 74.84737396240234


Epoch: 14/50
Training

  0%|          | 0/7 [00:00<?, ?it/s]
 14%|█▍        | 1/7 [00:14<01:26, 14.38s/it]
 29%|██▊       | 2/7 [00:28<01:12, 14.40s/it]
 43%|████▎     | 3/7 [00:43<00:57, 14.39s/it]
 57%|█████▋    | 4/7 [00:57<00:43, 14.39s/it]
 71%|███████▏  | 5/7 [01:11<00:28, 14.39s/it]
 86%|████████▌ | 6/7 [01:26<00:14, 14.38s/it]
100%|██████████| 7/7 [01:36<00:00, 13.07s/it]
100%|██████████| 7/7 [01:36<00:00, 13.81s/it]
Loss: 0.5519776752749629, accuracy: 74.28073120117188
Validating

  0%|          | 0/3 [00:00<?, ?it/s]
 33%|███▎      | 1/3 [00:14<00:28, 14.28s/it]
 67%|██████▋   | 2/3 [00:28<00:14, 14.27s/it]
100%|██████████| 3/3 [00:34<00:00, 10.36s/it]
100%|██████████| 3/3 [00:34<00:00, 11.42s/it]
Loss: 0.5495612336020185, accuracy: 75.01017761230469


Epoch: 15/50
Training

  0%|          | 0/7 [00:00<?, ?it/s]
 14%|█▍        | 1/7 [00:14<01:26, 14.34s/it]
 29%|██▊       | 2/7 [00:28<01:11, 14.33s/it]
 43%|████▎     | 3/7 [00:43<00:57, 14.36s/it]
 57%|█████▋    | 4/7 [00:57<00:43, 14.37s/it]
 71%|███████▏  | 5/7 [01:11<00:28, 14.38s/it]
 86%|████████▌ | 6/7 [01:26<00:14, 14.38s/it]
100%|██████████| 7/7 [01:36<00:00, 13.08s/it]
100%|██████████| 7/7 [01:36<00:00, 13.80s/it]
Loss: 0.5499430462670375, accuracy: 74.32432556152344
Validating

  0%|          | 0/3 [00:00<?, ?it/s]
 33%|███▎      | 1/3 [00:14<00:28, 14.29s/it]
 67%|██████▋   | 2/3 [00:28<00:14, 14.29s/it]
100%|██████████| 3/3 [00:34<00:00, 10.38s/it]
100%|██████████| 3/3 [00:34<00:00, 11.43s/it]
Loss: 0.5492964687025251, accuracy: 74.72527313232422


Epoch: 16/50
Training

  0%|          | 0/7 [00:00<?, ?it/s]
 14%|█▍        | 1/7 [00:14<01:26, 14.33s/it]
 29%|██▊       | 2/7 [00:28<01:11, 14.35s/it]
 43%|████▎     | 3/7 [00:43<00:57, 14.36s/it]
 57%|█████▋    | 4/7 [00:57<00:43, 14.36s/it]
 71%|███████▏  | 5/7 [01:11<00:28, 14.35s/it]
 86%|████████▌ | 6/7 [01:26<00:14, 14.36s/it]
100%|██████████| 7/7 [01:36<00:00, 13.03s/it]
100%|██████████| 7/7 [01:36<00:00, 13.78s/it]
Loss: 0.5485803110070854, accuracy: 74.35338592529297
Validating

  0%|          | 0/3 [00:00<?, ?it/s]
 33%|███▎      | 1/3 [00:14<00:28, 14.17s/it]
 67%|██████▋   | 2/3 [00:28<00:14, 14.20s/it]
100%|██████████| 3/3 [00:34<00:00, 10.28s/it]
100%|██████████| 3/3 [00:34<00:00, 11.34s/it]
Loss: 0.5472936104554008, accuracy: 75.0508804321289


Epoch: 17/50
Training

  0%|          | 0/7 [00:00<?, ?it/s]
 14%|█▍        | 1/7 [00:14<01:25, 14.27s/it]
 29%|██▊       | 2/7 [00:28<01:11, 14.29s/it]
 43%|████▎     | 3/7 [00:42<00:57, 14.35s/it]
 57%|█████▋    | 4/7 [00:57<00:43, 14.37s/it]
 71%|███████▏  | 5/7 [01:11<00:28, 14.35s/it]
 86%|████████▌ | 6/7 [01:26<00:14, 14.38s/it]
100%|██████████| 7/7 [01:36<00:00, 13.07s/it]
100%|██████████| 7/7 [01:36<00:00, 13.79s/it]
Loss: 0.5488156119220238, accuracy: 74.28073120117188
Validating

  0%|          | 0/3 [00:00<?, ?it/s]
 33%|███▎      | 1/3 [00:14<00:28, 14.28s/it]
 67%|██████▋   | 2/3 [00:28<00:14, 14.30s/it]
100%|██████████| 3/3 [00:34<00:00, 10.37s/it]
100%|██████████| 3/3 [00:34<00:00, 11.43s/it]
Loss: 0.5469691557616395, accuracy: 74.76598358154297


Epoch: 18/50
Training

  0%|          | 0/7 [00:00<?, ?it/s]
 14%|█▍        | 1/7 [00:14<01:26, 14.36s/it]
 29%|██▊       | 2/7 [00:28<01:11, 14.38s/it]
 43%|████▎     | 3/7 [00:43<00:57, 14.37s/it]
 57%|█████▋    | 4/7 [00:57<00:43, 14.40s/it]
 71%|███████▏  | 5/7 [01:11<00:28, 14.39s/it]
 86%|████████▌ | 6/7 [01:26<00:14, 14.39s/it]
100%|██████████| 7/7 [01:36<00:00, 13.07s/it]
100%|██████████| 7/7 [01:36<00:00, 13.81s/it]
Loss: 0.5473238670593845, accuracy: 74.48416137695312
Validating

  0%|          | 0/3 [00:00<?, ?it/s]
 33%|███▎      | 1/3 [00:14<00:28, 14.31s/it]
 67%|██████▋   | 2/3 [00:28<00:14, 14.31s/it]
100%|██████████| 3/3 [00:34<00:00, 10.39s/it]
100%|██████████| 3/3 [00:34<00:00, 11.45s/it]
Loss: 0.5459566980200081, accuracy: 74.92877960205078


Epoch: 19/50
Training

  0%|          | 0/7 [00:00<?, ?it/s]
 14%|█▍        | 1/7 [00:14<01:26, 14.43s/it]
 29%|██▊       | 2/7 [00:28<01:12, 14.44s/it]
 43%|████▎     | 3/7 [00:43<00:57, 14.38s/it]
 57%|█████▋    | 4/7 [00:57<00:43, 14.36s/it]
 71%|███████▏  | 5/7 [01:11<00:28, 14.35s/it]
 86%|████████▌ | 6/7 [01:26<00:14, 14.34s/it]
100%|██████████| 7/7 [01:36<00:00, 13.03s/it]
100%|██████████| 7/7 [01:36<00:00, 13.79s/it]
Loss: 0.5463576743818237, accuracy: 74.26620483398438
Validating

  0%|          | 0/3 [00:00<?, ?it/s]
 33%|███▎      | 1/3 [00:14<00:28, 14.21s/it]
 67%|██████▋   | 2/3 [00:28<00:14, 14.24s/it]
100%|██████████| 3/3 [00:34<00:00, 10.34s/it]
100%|██████████| 3/3 [00:34<00:00, 11.39s/it]
Loss: 0.5447882866054033, accuracy: 75.17298126220703


Epoch: 20/50
Training

  0%|          | 0/7 [00:00<?, ?it/s]
 14%|█▍        | 1/7 [00:14<01:25, 14.28s/it]
 29%|██▊       | 2/7 [00:28<01:11, 14.30s/it]
 43%|████▎     | 3/7 [00:42<00:57, 14.32s/it]
 57%|█████▋    | 4/7 [00:57<00:42, 14.28s/it]
 71%|███████▏  | 5/7 [01:11<00:28, 14.29s/it]
 86%|████████▌ | 6/7 [01:25<00:14, 14.30s/it]
100%|██████████| 7/7 [01:36<00:00, 13.01s/it]
100%|██████████| 7/7 [01:36<00:00, 13.73s/it]
Loss: 0.5454550217452766, accuracy: 74.49868774414062
Validating

  0%|          | 0/3 [00:00<?, ?it/s]
 33%|███▎      | 1/3 [00:14<00:28, 14.22s/it]
 67%|██████▋   | 2/3 [00:28<00:14, 14.24s/it]
100%|██████████| 3/3 [00:34<00:00, 10.35s/it]
100%|██████████| 3/3 [00:34<00:00, 11.40s/it]
Loss: 0.5445860906204267, accuracy: 74.88807678222656


Epoch: 21/50
Training

  0%|          | 0/7 [00:00<?, ?it/s]
 14%|█▍        | 1/7 [00:14<01:26, 14.35s/it]
 29%|██▊       | 2/7 [00:28<01:11, 14.30s/it]
 43%|████▎     | 3/7 [00:42<00:57, 14.33s/it]
 57%|█████▋    | 4/7 [00:57<00:42, 14.30s/it]
 71%|███████▏  | 5/7 [01:11<00:28, 14.31s/it]
 86%|████████▌ | 6/7 [01:25<00:14, 14.27s/it]
100%|██████████| 7/7 [01:36<00:00, 12.97s/it]
100%|██████████| 7/7 [01:36<00:00, 13.72s/it]
Loss: 0.5450135613381603, accuracy: 74.51322174072266
Validating

  0%|          | 0/3 [00:00<?, ?it/s]
 33%|███▎      | 1/3 [00:14<00:28, 14.14s/it]
 67%|██████▋   | 2/3 [00:28<00:14, 14.18s/it]
100%|██████████| 3/3 [00:34<00:00, 10.31s/it]
100%|██████████| 3/3 [00:34<00:00, 11.35s/it]
Loss: 0.5438118989165838, accuracy: 74.92877960205078


Epoch: 22/50
Training

  0%|          | 0/7 [00:00<?, ?it/s]
 14%|█▍        | 1/7 [00:14<01:26, 14.41s/it]
 29%|██▊       | 2/7 [00:28<01:11, 14.28s/it]
 43%|████▎     | 3/7 [00:42<00:57, 14.27s/it]
 57%|█████▋    | 4/7 [00:57<00:42, 14.24s/it]
 71%|███████▏  | 5/7 [01:11<00:28, 14.24s/it]
 86%|████████▌ | 6/7 [01:25<00:14, 14.26s/it]
100%|██████████| 7/7 [01:35<00:00, 12.98s/it]
100%|██████████| 7/7 [01:35<00:00, 13.71s/it]
Loss: 0.5442857435885227, accuracy: 74.4696273803711
Validating

  0%|          | 0/3 [00:00<?, ?it/s]
 33%|███▎      | 1/3 [00:14<00:28, 14.20s/it]
 67%|██████▋   | 2/3 [00:28<00:14, 14.20s/it]
100%|██████████| 3/3 [00:34<00:00, 10.31s/it]
100%|██████████| 3/3 [00:34<00:00, 11.36s/it]
Loss: 0.5428613784063818, accuracy: 74.88807678222656


Epoch: 23/50
Training

  0%|          | 0/7 [00:00<?, ?it/s]
 14%|█▍        | 1/7 [00:14<01:25, 14.30s/it]
 29%|██▊       | 2/7 [00:28<01:12, 14.48s/it]
 43%|████▎     | 3/7 [00:43<00:57, 14.40s/it]
 57%|█████▋    | 4/7 [00:57<00:43, 14.36s/it]
 71%|███████▏  | 5/7 [01:11<00:28, 14.35s/it]
 86%|████████▌ | 6/7 [01:26<00:14, 14.47s/it]
100%|██████████| 7/7 [01:36<00:00, 13.16s/it]
100%|██████████| 7/7 [01:36<00:00, 13.86s/it]
Loss: 0.5432680272252294, accuracy: 74.38243865966797
Validating

  0%|          | 0/3 [00:00<?, ?it/s]
 33%|███▎      | 1/3 [00:14<00:28, 14.18s/it]
 67%|██████▋   | 2/3 [00:28<00:14, 14.17s/it]
100%|██████████| 3/3 [00:34<00:00, 10.29s/it]
100%|██████████| 3/3 [00:34<00:00, 11.34s/it]
Loss: 0.5422495294015098, accuracy: 74.96947479248047


Epoch: 24/50
Training

  0%|          | 0/7 [00:00<?, ?it/s]
 14%|█▍        | 1/7 [00:14<01:25, 14.29s/it]
 29%|██▊       | 2/7 [00:28<01:11, 14.32s/it]
 43%|████▎     | 3/7 [00:42<00:57, 14.31s/it]
 57%|█████▋    | 4/7 [00:57<00:42, 14.27s/it]
 71%|███████▏  | 5/7 [01:11<00:28, 14.28s/it]
 86%|████████▌ | 6/7 [01:25<00:14, 14.31s/it]
100%|██████████| 7/7 [01:36<00:00, 13.04s/it]
100%|██████████| 7/7 [01:36<00:00, 13.75s/it]
Loss: 0.5434942462353539, accuracy: 74.51322174072266
Validating

  0%|          | 0/3 [00:00<?, ?it/s]
 33%|███▎      | 1/3 [00:14<00:28, 14.28s/it]
 67%|██████▋   | 2/3 [00:28<00:14, 14.23s/it]
100%|██████████| 3/3 [00:34<00:00, 10.33s/it]
100%|██████████| 3/3 [00:34<00:00, 11.39s/it]
Loss: 0.5416003788298691, accuracy: 75.0508804321289


Epoch: 25/50
Training

  0%|          | 0/7 [00:00<?, ?it/s]
 14%|█▍        | 1/7 [00:14<01:25, 14.29s/it]
 29%|██▊       | 2/7 [00:28<01:11, 14.27s/it]
 43%|████▎     | 3/7 [00:42<00:57, 14.26s/it]
 57%|█████▋    | 4/7 [00:57<00:42, 14.27s/it]
 71%|███████▏  | 5/7 [01:11<00:28, 14.27s/it]
 86%|████████▌ | 6/7 [01:25<00:14, 14.27s/it]
100%|██████████| 7/7 [01:35<00:00, 12.98s/it]
100%|██████████| 7/7 [01:35<00:00, 13.71s/it]
Loss: 0.5413967341886153, accuracy: 74.58587646484375
Validating

  0%|          | 0/3 [00:00<?, ?it/s]
 33%|███▎      | 1/3 [00:14<00:28, 14.14s/it]
 67%|██████▋   | 2/3 [00:28<00:14, 14.17s/it]
100%|██████████| 3/3 [00:34<00:00, 10.30s/it]
100%|██████████| 3/3 [00:34<00:00, 11.34s/it]
Loss: 0.5409504244567225, accuracy: 75.13227844238281


Epoch: 26/50
Training

  0%|          | 0/7 [00:00<?, ?it/s]
 14%|█▍        | 1/7 [00:14<01:25, 14.29s/it]
 29%|██▊       | 2/7 [00:28<01:11, 14.28s/it]
 43%|████▎     | 3/7 [00:42<00:57, 14.29s/it]
 57%|█████▋    | 4/7 [00:57<00:42, 14.29s/it]
 71%|███████▏  | 5/7 [01:11<00:28, 14.29s/it]
 86%|████████▌ | 6/7 [01:25<00:14, 14.29s/it]
100%|██████████| 7/7 [01:36<00:00, 13.01s/it]
100%|██████████| 7/7 [01:36<00:00, 13.73s/it]
Loss: 0.5415426574796828, accuracy: 74.55680847167969
Validating

  0%|          | 0/3 [00:00<?, ?it/s]
 33%|███▎      | 1/3 [00:14<00:28, 14.21s/it]
 67%|██████▋   | 2/3 [00:28<00:14, 14.22s/it]
100%|██████████| 3/3 [00:34<00:00, 10.32s/it]
100%|██████████| 3/3 [00:34<00:00, 11.37s/it]
Loss: 0.5402092489834283, accuracy: 75.17298126220703


Epoch: 27/50
Training

  0%|          | 0/7 [00:00<?, ?it/s]
 14%|█▍        | 1/7 [00:14<01:25, 14.32s/it]
 29%|██▊       | 2/7 [00:28<01:11, 14.30s/it]
 43%|████▎     | 3/7 [00:42<00:57, 14.32s/it]
 57%|█████▋    | 4/7 [00:57<00:42, 14.31s/it]
 71%|███████▏  | 5/7 [01:11<00:28, 14.33s/it]
 86%|████████▌ | 6/7 [01:25<00:14, 14.32s/it]
100%|██████████| 7/7 [01:36<00:00, 13.02s/it]
100%|██████████| 7/7 [01:36<00:00, 13.75s/it]
Loss: 0.5404715767020369, accuracy: 74.52775573730469
Validating

  0%|          | 0/3 [00:00<?, ?it/s]
 33%|███▎      | 1/3 [00:14<00:28, 14.17s/it]
 67%|██████▋   | 2/3 [00:28<00:14, 14.18s/it]
100%|██████████| 3/3 [00:34<00:00, 10.30s/it]
100%|██████████| 3/3 [00:34<00:00, 11.35s/it]
Loss: 0.5398572447293165, accuracy: 75.0508804321289


Epoch: 28/50
Training

  0%|          | 0/7 [00:00<?, ?it/s]
 14%|█▍        | 1/7 [00:14<01:25, 14.28s/it]
 29%|██▊       | 2/7 [00:28<01:11, 14.24s/it]
 43%|████▎     | 3/7 [00:42<00:56, 14.25s/it]
 57%|█████▋    | 4/7 [00:56<00:42, 14.24s/it]
 71%|███████▏  | 5/7 [01:11<00:28, 14.26s/it]
 86%|████████▌ | 6/7 [01:25<00:14, 14.24s/it]
100%|██████████| 7/7 [01:35<00:00, 12.95s/it]
100%|██████████| 7/7 [01:35<00:00, 13.68s/it]
Loss: 0.5409015960660102, accuracy: 74.57134246826172
Validating

  0%|          | 0/3 [00:00<?, ?it/s]
 33%|███▎      | 1/3 [00:14<00:28, 14.16s/it]
 67%|██████▋   | 2/3 [00:28<00:14, 14.16s/it]
100%|██████████| 3/3 [00:34<00:00, 10.29s/it]
100%|██████████| 3/3 [00:34<00:00, 11.34s/it]
Loss: 0.539118406536815, accuracy: 75.21367645263672


Epoch: 29/50
Training

  0%|          | 0/7 [00:00<?, ?it/s]
 14%|█▍        | 1/7 [00:14<01:25, 14.26s/it]
 29%|██▊       | 2/7 [00:28<01:11, 14.28s/it]
 43%|████▎     | 3/7 [00:42<00:56, 14.23s/it]
 57%|█████▋    | 4/7 [00:56<00:42, 14.24s/it]
 71%|███████▏  | 5/7 [01:11<00:28, 14.25s/it]
 86%|████████▌ | 6/7 [01:25<00:14, 14.26s/it]
100%|██████████| 7/7 [01:35<00:00, 12.97s/it]
100%|██████████| 7/7 [01:35<00:00, 13.69s/it]
Loss: 0.5396459352412358, accuracy: 74.60040283203125
Validating

  0%|          | 0/3 [00:00<?, ?it/s]
 33%|███▎      | 1/3 [00:14<00:28, 14.16s/it]
 67%|██████▋   | 2/3 [00:28<00:14, 14.17s/it]
100%|██████████| 3/3 [00:34<00:00, 10.29s/it]
100%|██████████| 3/3 [00:34<00:00, 11.34s/it]
Loss: 0.5384293612688598, accuracy: 75.21367645263672


Epoch: 30/50
Training

  0%|          | 0/7 [00:00<?, ?it/s]
 14%|█▍        | 1/7 [00:14<01:25, 14.20s/it]
 29%|██▊       | 2/7 [00:28<01:10, 14.19s/it]
 43%|████▎     | 3/7 [00:42<00:56, 14.19s/it]
 57%|█████▋    | 4/7 [00:56<00:42, 14.20s/it]
 71%|███████▏  | 5/7 [01:10<00:28, 14.19s/it]
 86%|████████▌ | 6/7 [01:25<00:14, 14.21s/it]
100%|██████████| 7/7 [01:35<00:00, 12.91s/it]
100%|██████████| 7/7 [01:35<00:00, 13.64s/it]
Loss: 0.539307497088835, accuracy: 74.51322174072266
Validating

  0%|          | 0/3 [00:00<?, ?it/s]
 33%|███▎      | 1/3 [00:14<00:28, 14.12s/it]
 67%|██████▋   | 2/3 [00:28<00:14, 14.13s/it]
100%|██████████| 3/3 [00:33<00:00, 10.25s/it]
100%|██████████| 3/3 [00:33<00:00, 11.29s/it]
Loss: 0.5379621073828027, accuracy: 75.21367645263672


Epoch: 31/50
Training

  0%|          | 0/7 [00:00<?, ?it/s]
 14%|█▍        | 1/7 [00:14<01:25, 14.25s/it]
 29%|██▊       | 2/7 [00:28<01:11, 14.28s/it]
 43%|████▎     | 3/7 [00:42<00:57, 14.27s/it]
 57%|█████▋    | 4/7 [00:57<00:42, 14.28s/it]
 71%|███████▏  | 5/7 [01:11<00:28, 14.27s/it]
 86%|████████▌ | 6/7 [01:25<00:14, 14.27s/it]
100%|██████████| 7/7 [01:35<00:00, 12.96s/it]
100%|██████████| 7/7 [01:35<00:00, 13.70s/it]
Loss: 0.5387237953502264, accuracy: 74.61493682861328
Validating

  0%|          | 0/3 [00:00<?, ?it/s]
 33%|███▎      | 1/3 [00:14<00:28, 14.22s/it]
 67%|██████▋   | 2/3 [00:28<00:14, 14.23s/it]
100%|██████████| 3/3 [00:34<00:00, 10.33s/it]
100%|██████████| 3/3 [00:34<00:00, 11.38s/it]
Loss: 0.5373436119384672, accuracy: 75.25437927246094


Epoch: 32/50
Training

  0%|          | 0/7 [00:00<?, ?it/s]
 14%|█▍        | 1/7 [00:14<01:25, 14.24s/it]
 29%|██▊       | 2/7 [00:28<01:11, 14.25s/it]
 43%|████▎     | 3/7 [00:42<00:57, 14.25s/it]
 57%|█████▋    | 4/7 [00:57<00:42, 14.28s/it]
 71%|███████▏  | 5/7 [01:11<00:28, 14.28s/it]
 86%|████████▌ | 6/7 [01:25<00:14, 14.27s/it]
100%|██████████| 7/7 [01:35<00:00, 12.96s/it]
100%|██████████| 7/7 [01:35<00:00, 13.70s/it]
Loss: 0.5378093770755235, accuracy: 74.70211791992188
Validating

  0%|          | 0/3 [00:00<?, ?it/s]
 33%|███▎      | 1/3 [00:14<00:28, 14.11s/it]
 67%|██████▋   | 2/3 [00:28<00:14, 14.12s/it]
100%|██████████| 3/3 [00:33<00:00, 10.26s/it]
100%|██████████| 3/3 [00:33<00:00, 11.30s/it]
Loss: 0.5370916238780132, accuracy: 75.0915756225586


Epoch: 33/50
Training

  0%|          | 0/7 [00:00<?, ?it/s]
 14%|█▍        | 1/7 [00:14<01:25, 14.30s/it]
 29%|██▊       | 2/7 [00:28<01:11, 14.23s/it]
 43%|████▎     | 3/7 [00:42<00:56, 14.23s/it]
 57%|█████▋    | 4/7 [00:56<00:42, 14.22s/it]
 71%|███████▏  | 5/7 [01:11<00:28, 14.22s/it]
 86%|████████▌ | 6/7 [01:25<00:14, 14.24s/it]
100%|██████████| 7/7 [01:35<00:00, 12.96s/it]
100%|██████████| 7/7 [01:35<00:00, 13.67s/it]
Loss: 0.537494163549906, accuracy: 74.8764877319336
Validating

  0%|          | 0/3 [00:00<?, ?it/s]
 33%|███▎      | 1/3 [00:14<00:28, 14.21s/it]
 67%|██████▋   | 2/3 [00:28<00:14, 14.19s/it]
100%|██████████| 3/3 [00:34<00:00, 10.30s/it]
100%|██████████| 3/3 [00:34<00:00, 11.35s/it]
Loss: 0.536603379404831, accuracy: 75.0915756225586


Epoch: 34/50
Training

  0%|          | 0/7 [00:00<?, ?it/s]
 14%|█▍        | 1/7 [00:14<01:25, 14.28s/it]
 29%|██▊       | 2/7 [00:28<01:11, 14.28s/it]
 43%|████▎     | 3/7 [00:42<00:57, 14.29s/it]
 57%|█████▋    | 4/7 [00:57<00:42, 14.28s/it]
 71%|███████▏  | 5/7 [01:11<00:28, 14.28s/it]
 86%|████████▌ | 6/7 [01:25<00:14, 14.28s/it]
100%|██████████| 7/7 [01:35<00:00, 12.98s/it]
100%|██████████| 7/7 [01:35<00:00, 13.71s/it]
Loss: 0.538189574855249, accuracy: 74.58587646484375
Validating

  0%|          | 0/3 [00:00<?, ?it/s]
 33%|███▎      | 1/3 [00:14<00:28, 14.15s/it]
 67%|██████▋   | 2/3 [00:28<00:14, 14.11s/it]
100%|██████████| 3/3 [00:33<00:00, 10.26s/it]
100%|██████████| 3/3 [00:33<00:00, 11.30s/it]
Loss: 0.5358557608926204, accuracy: 75.17298126220703


Epoch: 35/50
Training

  0%|          | 0/7 [00:00<?, ?it/s]
 14%|█▍        | 1/7 [00:14<01:25, 14.30s/it]
 29%|██▊       | 2/7 [00:28<01:11, 14.29s/it]
 43%|████▎     | 3/7 [00:42<00:57, 14.29s/it]
 57%|█████▋    | 4/7 [00:57<00:42, 14.29s/it]
 71%|███████▏  | 5/7 [01:11<00:28, 14.29s/it]
 86%|████████▌ | 6/7 [01:25<00:14, 14.29s/it]
100%|██████████| 7/7 [01:36<00:00, 12.99s/it]
100%|██████████| 7/7 [01:36<00:00, 13.72s/it]
Loss: 0.5380293199469343, accuracy: 74.51322174072266
Validating

  0%|          | 0/3 [00:00<?, ?it/s]
 33%|███▎      | 1/3 [00:14<00:28, 14.16s/it]
 67%|██████▋   | 2/3 [00:28<00:14, 14.19s/it]
100%|██████████| 3/3 [00:34<00:00, 10.31s/it]
100%|██████████| 3/3 [00:34<00:00, 11.36s/it]
Loss: 0.536023176075435, accuracy: 75.13227844238281


Epoch: 36/50
Training

  0%|          | 0/7 [00:00<?, ?it/s]
 14%|█▍        | 1/7 [00:14<01:25, 14.29s/it]
 29%|██▊       | 2/7 [00:28<01:11, 14.31s/it]
 43%|████▎     | 3/7 [00:42<00:57, 14.31s/it]
 57%|█████▋    | 4/7 [00:57<00:42, 14.33s/it]
 71%|███████▏  | 5/7 [01:11<00:28, 14.34s/it]
 86%|████████▌ | 6/7 [01:25<00:14, 14.33s/it]
100%|██████████| 7/7 [01:36<00:00, 13.03s/it]
100%|██████████| 7/7 [01:36<00:00, 13.76s/it]
Loss: 0.5367595866578015, accuracy: 74.61493682861328
Validating

  0%|          | 0/3 [00:00<?, ?it/s]
 33%|███▎      | 1/3 [00:14<00:28, 14.23s/it]
 67%|██████▋   | 2/3 [00:28<00:14, 14.22s/it]
100%|██████████| 3/3 [00:34<00:00, 10.33s/it]
100%|██████████| 3/3 [00:34<00:00, 11.38s/it]
Loss: 0.5349905746808904, accuracy: 75.17298126220703


Epoch: 37/50
Training

  0%|          | 0/7 [00:00<?, ?it/s]
 14%|█▍        | 1/7 [00:14<01:25, 14.28s/it]
 29%|██▊       | 2/7 [00:28<01:11, 14.28s/it]
 43%|████▎     | 3/7 [00:42<00:57, 14.28s/it]
 57%|█████▋    | 4/7 [00:57<00:42, 14.29s/it]
 71%|███████▏  | 5/7 [01:11<00:28, 14.30s/it]
 86%|████████▌ | 6/7 [01:25<00:14, 14.29s/it]
100%|██████████| 7/7 [01:36<00:00, 12.99s/it]
100%|██████████| 7/7 [01:36<00:00, 13.72s/it]
Loss: 0.536529783452884, accuracy: 74.84742736816406
Validating

  0%|          | 0/3 [00:00<?, ?it/s]
 33%|███▎      | 1/3 [00:14<00:28, 14.15s/it]
 67%|██████▋   | 2/3 [00:28<00:14, 14.15s/it]
100%|██████████| 3/3 [00:33<00:00, 10.26s/it]
100%|██████████| 3/3 [00:33<00:00, 11.31s/it]
Loss: 0.5355335232150908, accuracy: 75.21367645263672


Epoch: 38/50
Training

  0%|          | 0/7 [00:00<?, ?it/s]
 14%|█▍        | 1/7 [00:14<01:25, 14.23s/it]
 29%|██▊       | 2/7 [00:28<01:11, 14.27s/it]
 43%|████▎     | 3/7 [00:42<00:57, 14.28s/it]
 57%|█████▋    | 4/7 [00:57<00:42, 14.28s/it]
 71%|███████▏  | 5/7 [01:11<00:28, 14.28s/it]
 86%|████████▌ | 6/7 [01:25<00:14, 14.28s/it]
100%|██████████| 7/7 [01:35<00:00, 12.98s/it]
100%|██████████| 7/7 [01:35<00:00, 13.71s/it]
Loss: 0.535359232881602, accuracy: 74.73118591308594
Validating

  0%|          | 0/3 [00:00<?, ?it/s]
 33%|███▎      | 1/3 [00:14<00:28, 14.15s/it]
 67%|██████▋   | 2/3 [00:28<00:14, 14.17s/it]
100%|██████████| 3/3 [00:34<00:00, 10.29s/it]
100%|██████████| 3/3 [00:34<00:00, 11.34s/it]
Loss: 0.534243807226941, accuracy: 75.21367645263672


Epoch: 39/50
Training

  0%|          | 0/7 [00:00<?, ?it/s]
 14%|█▍        | 1/7 [00:14<01:25, 14.28s/it]
 29%|██▊       | 2/7 [00:28<01:11, 14.28s/it]
 43%|████▎     | 3/7 [00:43<00:57, 14.37s/it]
 57%|█████▋    | 4/7 [00:57<00:43, 14.38s/it]
 71%|███████▏  | 5/7 [01:11<00:28, 14.40s/it]
 86%|████████▌ | 6/7 [01:26<00:14, 14.40s/it]
100%|██████████| 7/7 [01:36<00:00, 13.08s/it]
100%|██████████| 7/7 [01:36<00:00, 13.80s/it]
Loss: 0.5356817506004717, accuracy: 74.90554809570312
Validating

  0%|          | 0/3 [00:00<?, ?it/s]
 33%|███▎      | 1/3 [00:14<00:28, 14.27s/it]
 67%|██████▋   | 2/3 [00:28<00:14, 14.30s/it]
100%|██████████| 3/3 [00:34<00:00, 10.39s/it]
100%|██████████| 3/3 [00:34<00:00, 11.44s/it]
Loss: 0.5341422818131111, accuracy: 75.0915756225586


Epoch: 40/50
Training

  0%|          | 0/7 [00:00<?, ?it/s]
 14%|█▍        | 1/7 [00:14<01:26, 14.39s/it]
 29%|██▊       | 2/7 [00:28<01:11, 14.38s/it]
 43%|████▎     | 3/7 [00:43<00:57, 14.37s/it]
 57%|█████▋    | 4/7 [00:57<00:43, 14.37s/it]
 71%|███████▏  | 5/7 [01:11<00:28, 14.37s/it]
 86%|████████▌ | 6/7 [01:26<00:14, 14.38s/it]
100%|██████████| 7/7 [01:36<00:00, 13.06s/it]
100%|██████████| 7/7 [01:36<00:00, 13.80s/it]
Loss: 0.5356062547095602, accuracy: 74.61493682861328
Validating

  0%|          | 0/3 [00:00<?, ?it/s]
 33%|███▎      | 1/3 [00:14<00:28, 14.26s/it]
 67%|██████▋   | 2/3 [00:28<00:14, 14.28s/it]
100%|██████████| 3/3 [00:34<00:00, 10.37s/it]
100%|██████████| 3/3 [00:34<00:00, 11.43s/it]
Loss: 0.534527896815895, accuracy: 75.29508209228516


Epoch: 41/50
Training

  0%|          | 0/7 [00:00<?, ?it/s]
 14%|█▍        | 1/7 [00:14<01:26, 14.38s/it]
 29%|██▊       | 2/7 [00:28<01:11, 14.37s/it]
 43%|████▎     | 3/7 [00:43<00:57, 14.37s/it]
 57%|█████▋    | 4/7 [00:57<00:43, 14.37s/it]
 71%|███████▏  | 5/7 [01:11<00:28, 14.38s/it]
 86%|████████▌ | 6/7 [01:26<00:14, 14.38s/it]
100%|██████████| 7/7 [01:36<00:00, 13.08s/it]
100%|██████████| 7/7 [01:36<00:00, 13.81s/it]
Loss: 0.5341373454758817, accuracy: 74.8764877319336
Validating

  0%|          | 0/3 [00:00<?, ?it/s]
 33%|███▎      | 1/3 [00:14<00:28, 14.28s/it]
 67%|██████▋   | 2/3 [00:28<00:14, 14.28s/it]
100%|██████████| 3/3 [00:34<00:00, 10.37s/it]
100%|██████████| 3/3 [00:34<00:00, 11.43s/it]
Loss: 0.5333444652491388, accuracy: 75.0508804321289


Epoch: 42/50
Training

  0%|          | 0/7 [00:00<?, ?it/s]
 14%|█▍        | 1/7 [00:14<01:26, 14.34s/it]
 29%|██▊       | 2/7 [00:28<01:11, 14.35s/it]
 43%|████▎     | 3/7 [00:43<00:57, 14.35s/it]
 57%|█████▋    | 4/7 [00:57<00:43, 14.37s/it]
 71%|███████▏  | 5/7 [01:11<00:28, 14.39s/it]
 86%|████████▌ | 6/7 [01:26<00:14, 14.41s/it]
100%|██████████| 7/7 [01:36<00:00, 13.10s/it]
100%|██████████| 7/7 [01:36<00:00, 13.82s/it]
Loss: 0.5336154464960307, accuracy: 74.8038330078125
Validating

  0%|          | 0/3 [00:00<?, ?it/s]
 33%|███▎      | 1/3 [00:14<00:28, 14.31s/it]
 67%|██████▋   | 2/3 [00:28<00:14, 14.32s/it]
100%|██████████| 3/3 [00:34<00:00, 10.39s/it]
100%|██████████| 3/3 [00:34<00:00, 11.45s/it]
Loss: 0.5335947957085457, accuracy: 75.37648010253906


Epoch: 43/50
Training

  0%|          | 0/7 [00:00<?, ?it/s]
 14%|█▍        | 1/7 [00:14<01:26, 14.39s/it]
 29%|██▊       | 2/7 [00:28<01:12, 14.40s/it]
 43%|████▎     | 3/7 [00:43<00:57, 14.41s/it]
 57%|█████▋    | 4/7 [00:57<00:43, 14.41s/it]
 71%|███████▏  | 5/7 [01:12<00:28, 14.41s/it]
 86%|████████▌ | 6/7 [01:26<00:14, 14.42s/it]
100%|██████████| 7/7 [01:36<00:00, 13.09s/it]
100%|██████████| 7/7 [01:36<00:00, 13.83s/it]
Loss: 0.5337902815215153, accuracy: 74.83289337158203
Validating

  0%|          | 0/3 [00:00<?, ?it/s]
 33%|███▎      | 1/3 [00:14<00:28, 14.25s/it]
 67%|██████▋   | 2/3 [00:28<00:14, 14.28s/it]
100%|██████████| 3/3 [00:34<00:00, 10.38s/it]
100%|██████████| 3/3 [00:34<00:00, 11.43s/it]
Loss: 0.5325427865855908, accuracy: 75.17298126220703


Epoch: 44/50
Training

  0%|          | 0/7 [00:00<?, ?it/s]
 14%|█▍        | 1/7 [00:14<01:26, 14.34s/it]
 29%|██▊       | 2/7 [00:28<01:11, 14.38s/it]
 43%|████▎     | 3/7 [00:43<00:57, 14.41s/it]
 57%|█████▋    | 4/7 [00:57<00:43, 14.39s/it]
 71%|███████▏  | 5/7 [01:11<00:28, 14.39s/it]
 86%|████████▌ | 6/7 [01:26<00:14, 14.39s/it]
100%|██████████| 7/7 [01:36<00:00, 13.07s/it]
100%|██████████| 7/7 [01:36<00:00, 13.81s/it]
Loss: 0.5345914470910402, accuracy: 74.58587646484375
Validating

  0%|          | 0/3 [00:00<?, ?it/s]
 33%|███▎      | 1/3 [00:14<00:28, 14.29s/it]
 67%|██████▋   | 2/3 [00:28<00:14, 14.30s/it]
100%|██████████| 3/3 [00:34<00:00, 10.38s/it]
100%|██████████| 3/3 [00:34<00:00, 11.43s/it]
Loss: 0.5327688580273514, accuracy: 75.45787811279297


Epoch: 45/50
Training

  0%|          | 0/7 [00:00<?, ?it/s]
 14%|█▍        | 1/7 [00:14<01:26, 14.36s/it]
 29%|██▊       | 2/7 [00:28<01:11, 14.33s/it]
 43%|████▎     | 3/7 [00:42<00:57, 14.31s/it]
 57%|█████▋    | 4/7 [00:57<00:42, 14.32s/it]
 71%|███████▏  | 5/7 [01:11<00:28, 14.32s/it]
 86%|████████▌ | 6/7 [01:25<00:14, 14.33s/it]
100%|██████████| 7/7 [01:36<00:00, 13.03s/it]
100%|██████████| 7/7 [01:36<00:00, 13.76s/it]
Loss: 0.5334182112101239, accuracy: 74.92007446289062
Validating

  0%|          | 0/3 [00:00<?, ?it/s]
 33%|███▎      | 1/3 [00:14<00:28, 14.21s/it]
 67%|██████▋   | 2/3 [00:28<00:14, 14.22s/it]
100%|██████████| 3/3 [00:34<00:00, 10.33s/it]
100%|██████████| 3/3 [00:34<00:00, 11.38s/it]
Loss: 0.5320315454420541, accuracy: 75.21367645263672


Epoch: 46/50
Training

  0%|          | 0/7 [00:00<?, ?it/s]
 14%|█▍        | 1/7 [00:14<01:25, 14.22s/it]
 29%|██▊       | 2/7 [00:28<01:11, 14.29s/it]
 43%|████▎     | 3/7 [00:42<00:57, 14.31s/it]
 57%|█████▋    | 4/7 [00:57<00:42, 14.32s/it]
 71%|███████▏  | 5/7 [01:11<00:28, 14.34s/it]
 86%|████████▌ | 6/7 [01:25<00:14, 14.35s/it]
100%|██████████| 7/7 [01:36<00:00, 13.04s/it]
100%|██████████| 7/7 [01:36<00:00, 13.76s/it]
Loss: 0.5326796846138949, accuracy: 74.83289337158203
Validating

  0%|          | 0/3 [00:00<?, ?it/s]
 33%|███▎      | 1/3 [00:14<00:28, 14.25s/it]
 67%|██████▋   | 2/3 [00:28<00:14, 14.23s/it]
100%|██████████| 3/3 [00:34<00:00, 10.33s/it]
100%|██████████| 3/3 [00:34<00:00, 11.39s/it]
Loss: 0.5320186565744232, accuracy: 75.41717529296875


Epoch: 47/50
Training

  0%|          | 0/7 [00:00<?, ?it/s]
 14%|█▍        | 1/7 [00:14<01:25, 14.31s/it]
 29%|██▊       | 2/7 [00:28<01:11, 14.32s/it]
 43%|████▎     | 3/7 [00:42<00:57, 14.30s/it]
 57%|█████▋    | 4/7 [00:57<00:42, 14.32s/it]
 71%|███████▏  | 5/7 [01:11<00:28, 14.33s/it]
 86%|████████▌ | 6/7 [01:25<00:14, 14.32s/it]
100%|██████████| 7/7 [01:36<00:00, 13.01s/it]
100%|██████████| 7/7 [01:36<00:00, 13.75s/it]
Loss: 0.5323456702139515, accuracy: 74.97820281982422
Validating

  0%|          | 0/3 [00:00<?, ?it/s]
 33%|███▎      | 1/3 [00:14<00:28, 14.23s/it]
 67%|██████▋   | 2/3 [00:28<00:14, 14.23s/it]
100%|██████████| 3/3 [00:34<00:00, 10.33s/it]
100%|██████████| 3/3 [00:34<00:00, 11.38s/it]
Loss: 0.5314308557027134, accuracy: 75.25437927246094


Epoch: 48/50
Training

  0%|          | 0/7 [00:00<?, ?it/s]
 14%|█▍        | 1/7 [00:14<01:25, 14.33s/it]
 29%|██▊       | 2/7 [00:28<01:11, 14.34s/it]
 43%|████▎     | 3/7 [00:43<00:57, 14.33s/it]
 57%|█████▋    | 4/7 [00:57<00:42, 14.33s/it]
 71%|███████▏  | 5/7 [01:11<00:28, 14.33s/it]
 86%|████████▌ | 6/7 [01:25<00:14, 14.32s/it]
100%|██████████| 7/7 [01:36<00:00, 13.02s/it]
100%|██████████| 7/7 [01:36<00:00, 13.76s/it]
Loss: 0.5320725181150561, accuracy: 74.8764877319336
Validating

  0%|          | 0/3 [00:00<?, ?it/s]
 33%|███▎      | 1/3 [00:14<00:28, 14.24s/it]
 67%|██████▋   | 2/3 [00:28<00:14, 14.22s/it]
100%|██████████| 3/3 [00:34<00:00, 10.34s/it]
100%|██████████| 3/3 [00:34<00:00, 11.39s/it]
Loss: 0.5316704397624618, accuracy: 75.45787811279297


Epoch: 49/50
Training

  0%|          | 0/7 [00:00<?, ?it/s]
 14%|█▍        | 1/7 [00:14<01:26, 14.38s/it]
 29%|██▊       | 2/7 [00:28<01:11, 14.35s/it]
 43%|████▎     | 3/7 [00:43<00:57, 14.36s/it]
 57%|█████▋    | 4/7 [00:57<00:43, 14.36s/it]
 71%|███████▏  | 5/7 [01:11<00:28, 14.36s/it]
 86%|████████▌ | 6/7 [01:26<00:14, 14.34s/it]
100%|██████████| 7/7 [01:36<00:00, 13.03s/it]
100%|██████████| 7/7 [01:36<00:00, 13.78s/it]
Loss: 0.5320219391135759, accuracy: 74.70211791992188
Validating

  0%|          | 0/3 [00:00<?, ?it/s]
 33%|███▎      | 1/3 [00:14<00:28, 14.20s/it]
 67%|██████▋   | 2/3 [00:28<00:14, 14.22s/it]
100%|██████████| 3/3 [00:34<00:00, 10.33s/it]
100%|██████████| 3/3 [00:34<00:00, 11.37s/it]
Loss: 0.5309020353372765, accuracy: 75.21367645263672


Epoch: 50/50
Training

  0%|          | 0/7 [00:00<?, ?it/s]
 14%|█▍        | 1/7 [00:14<01:26, 14.37s/it]
 29%|██▊       | 2/7 [00:28<01:11, 14.36s/it]
 43%|████▎     | 3/7 [00:43<00:57, 14.36s/it]
 57%|█████▋    | 4/7 [00:57<00:43, 14.37s/it]
 71%|███████▏  | 5/7 [01:11<00:28, 14.37s/it]
 86%|████████▌ | 6/7 [01:26<00:14, 14.37s/it]
100%|██████████| 7/7 [01:36<00:00, 13.06s/it]
100%|██████████| 7/7 [01:36<00:00, 13.80s/it]
Loss: 0.5324880064867569, accuracy: 74.93460845947266
Validating

  0%|          | 0/3 [00:00<?, ?it/s]
 33%|███▎      | 1/3 [00:14<00:28, 14.19s/it]
 67%|██████▋   | 2/3 [00:28<00:14, 14.22s/it]
100%|██████████| 3/3 [00:34<00:00, 10.33s/it]
100%|██████████| 3/3 [00:34<00:00, 11.38s/it]
Loss: 0.5309966958340562, accuracy: 75.33577728271484


Training Time: 1.0h 48.0m 29.93543577194214s
Best validation accuracy: 75.45787811279297

  0%|          | 0/1 [00:00<?, ?it/s]
100%|██████████| 1/1 [00:06<00:00,  6.84s/it]
100%|██████████| 1/1 [00:06<00:00,  6.84s/it]

Evaluated on test set
accuracy: 74.542%, f1-score: 0.74409


Epoch: 1/50
Training

  0%|          | 0/7 [00:00<?, ?it/s]
 14%|█▍        | 1/7 [00:13<01:19, 13.19s/it]
 29%|██▊       | 2/7 [00:26<01:06, 13.22s/it]
 43%|████▎     | 3/7 [00:39<00:53, 13.27s/it]
 57%|█████▋    | 4/7 [00:53<00:39, 13.32s/it]
 71%|███████▏  | 5/7 [01:06<00:26, 13.41s/it]
 86%|████████▌ | 6/7 [01:20<00:13, 13.48s/it]
100%|██████████| 7/7 [01:30<00:00, 12.28s/it]
100%|██████████| 7/7 [01:30<00:00, 12.88s/it]
Loss: 0.7171191612810147, accuracy: 42.6038932800293
Validating

  0%|          | 0/3 [00:00<?, ?it/s]
 33%|███▎      | 1/3 [00:13<00:27, 13.65s/it]
 67%|██████▋   | 2/3 [00:27<00:13, 13.80s/it]
100%|██████████| 3/3 [00:33<00:00, 10.03s/it]
100%|██████████| 3/3 [00:33<00:00, 11.03s/it]
Loss: 0.711014313793881, accuracy: 50.46805191040039


Epoch: 2/50
Training

  0%|          | 0/7 [00:00<?, ?it/s]
 14%|█▍        | 1/7 [00:13<01:22, 13.80s/it]
 29%|██▊       | 2/7 [00:27<01:08, 13.79s/it]
 43%|████▎     | 3/7 [00:41<00:55, 13.80s/it]
 57%|█████▋    | 4/7 [00:55<00:41, 13.82s/it]
 71%|███████▏  | 5/7 [01:09<00:27, 13.89s/it]
 86%|████████▌ | 6/7 [01:23<00:13, 13.95s/it]
100%|██████████| 7/7 [01:33<00:00, 12.69s/it]
100%|██████████| 7/7 [01:33<00:00, 13.35s/it]
Loss: 0.6832783645718848, accuracy: 57.105491638183594
Validating

  0%|          | 0/3 [00:00<?, ?it/s]
 33%|███▎      | 1/3 [00:13<00:27, 13.82s/it]
 67%|██████▋   | 2/3 [00:27<00:13, 13.84s/it]
100%|██████████| 3/3 [00:33<00:00, 10.03s/it]
100%|██████████| 3/3 [00:33<00:00, 11.06s/it]
Loss: 0.7008685956750403, accuracy: 49.9389533996582


Epoch: 3/50
Training

  0%|          | 0/7 [00:00<?, ?it/s]
 14%|█▍        | 1/7 [00:13<01:23, 13.99s/it]
 29%|██▊       | 2/7 [00:28<01:10, 14.03s/it]
 43%|████▎     | 3/7 [00:42<00:56, 14.08s/it]
 57%|█████▋    | 4/7 [00:56<00:42, 14.12s/it]
 71%|███████▏  | 5/7 [01:10<00:28, 14.15s/it]
 86%|████████▌ | 6/7 [01:24<00:14, 14.18s/it]
100%|██████████| 7/7 [01:35<00:00, 12.91s/it]
100%|██████████| 7/7 [01:35<00:00, 13.58s/it]
Loss: 0.6548883099086199, accuracy: 66.84103393554688
Validating

  0%|          | 0/3 [00:00<?, ?it/s]
 33%|███▎      | 1/3 [00:14<00:28, 14.19s/it]
 67%|██████▋   | 2/3 [00:28<00:14, 14.24s/it]
100%|██████████| 3/3 [00:34<00:00, 10.35s/it]
100%|██████████| 3/3 [00:34<00:00, 11.39s/it]
Loss: 0.6971417399359079, accuracy: 49.20635223388672


Epoch: 4/50
Training

  0%|          | 0/7 [00:00<?, ?it/s]
 14%|█▍        | 1/7 [00:14<01:26, 14.36s/it]
 29%|██▊       | 2/7 [00:28<01:11, 14.39s/it]
 43%|████▎     | 3/7 [00:43<00:57, 14.36s/it]
 57%|█████▋    | 4/7 [00:57<00:43, 14.41s/it]
 71%|███████▏  | 5/7 [01:11<00:28, 14.38s/it]
 86%|████████▌ | 6/7 [01:26<00:14, 14.38s/it]
100%|██████████| 7/7 [01:36<00:00, 13.06s/it]
100%|██████████| 7/7 [01:36<00:00, 13.80s/it]
Loss: 0.6330453849954336, accuracy: 69.9360580444336
Validating

  0%|          | 0/3 [00:00<?, ?it/s]
 33%|███▎      | 1/3 [00:14<00:28, 14.23s/it]
 67%|██████▋   | 2/3 [00:28<00:14, 14.24s/it]
100%|██████████| 3/3 [00:34<00:00, 10.35s/it]
100%|██████████| 3/3 [00:34<00:00, 11.40s/it]
Loss: 0.6687860012685181, accuracy: 59.910465240478516


Epoch: 5/50
Training

  0%|          | 0/7 [00:00<?, ?it/s]
 14%|█▍        | 1/7 [00:14<01:26, 14.44s/it]
 29%|██▊       | 2/7 [00:28<01:12, 14.44s/it]
 43%|████▎     | 3/7 [00:43<00:57, 14.45s/it]
 57%|█████▋    | 4/7 [00:57<00:43, 14.43s/it]
 71%|███████▏  | 5/7 [01:12<00:28, 14.45s/it]
 86%|████████▌ | 6/7 [01:26<00:14, 14.44s/it]
100%|██████████| 7/7 [01:36<00:00, 13.09s/it]
100%|██████████| 7/7 [01:36<00:00, 13.85s/it]
Loss: 0.6156252341989652, accuracy: 71.62162017822266
Validating

  0%|          | 0/3 [00:00<?, ?it/s]
 33%|███▎      | 1/3 [00:14<00:28, 14.09s/it]
 67%|██████▋   | 2/3 [00:28<00:14, 14.09s/it]
100%|██████████| 3/3 [00:33<00:00, 10.21s/it]
100%|██████████| 3/3 [00:33<00:00, 11.26s/it]
Loss: 0.6345153810971144, accuracy: 69.19007110595703


Epoch: 6/50
Training

  0%|          | 0/7 [00:00<?, ?it/s]
 14%|█▍        | 1/7 [00:14<01:24, 14.11s/it]
 29%|██▊       | 2/7 [00:28<01:10, 14.10s/it]
 43%|████▎     | 3/7 [00:42<00:56, 14.11s/it]
 57%|█████▋    | 4/7 [00:56<00:42, 14.11s/it]
 71%|███████▏  | 5/7 [01:10<00:28, 14.10s/it]
 86%|████████▌ | 6/7 [01:24<00:14, 14.11s/it]
100%|██████████| 7/7 [01:34<00:00, 12.83s/it]
100%|██████████| 7/7 [01:34<00:00, 13.55s/it]
Loss: 0.6028921567260855, accuracy: 72.60970306396484
Validating

  0%|          | 0/3 [00:00<?, ?it/s]
 33%|███▎      | 1/3 [00:14<00:28, 14.05s/it]
 67%|██████▋   | 2/3 [00:28<00:14, 14.05s/it]
100%|██████████| 3/3 [00:33<00:00, 10.19s/it]
100%|██████████| 3/3 [00:33<00:00, 11.24s/it]
Loss: 0.6098184967652346, accuracy: 71.38787841796875


Epoch: 7/50
Training

  0%|          | 0/7 [00:00<?, ?it/s]
 14%|█▍        | 1/7 [00:14<01:24, 14.16s/it]
 29%|██▊       | 2/7 [00:28<01:10, 14.16s/it]
 43%|████▎     | 3/7 [00:42<00:56, 14.16s/it]
 57%|█████▋    | 4/7 [00:56<00:42, 14.16s/it]
 71%|███████▏  | 5/7 [01:10<00:28, 14.16s/it]
 86%|████████▌ | 6/7 [01:24<00:14, 14.15s/it]
100%|██████████| 7/7 [01:35<00:00, 12.86s/it]
100%|██████████| 7/7 [01:35<00:00, 13.59s/it]
Loss: 0.593317076845316, accuracy: 72.85672760009766
Validating

  0%|          | 0/3 [00:00<?, ?it/s]
 33%|███▎      | 1/3 [00:14<00:28, 14.07s/it]
 67%|██████▋   | 2/3 [00:28<00:14, 14.07s/it]
100%|██████████| 3/3 [00:33<00:00, 10.20s/it]
100%|██████████| 3/3 [00:33<00:00, 11.24s/it]
Loss: 0.5934224482178445, accuracy: 72.28327178955078


Epoch: 8/50
Training

  0%|          | 0/7 [00:00<?, ?it/s]
 14%|█▍        | 1/7 [00:14<01:24, 14.14s/it]
 29%|██▊       | 2/7 [00:28<01:10, 14.15s/it]
 43%|████▎     | 3/7 [00:42<00:56, 14.17s/it]
 57%|█████▋    | 4/7 [00:56<00:42, 14.18s/it]
 71%|███████▏  | 5/7 [01:10<00:28, 14.17s/it]
 86%|████████▌ | 6/7 [01:25<00:14, 14.18s/it]
100%|██████████| 7/7 [01:35<00:00, 12.88s/it]
100%|██████████| 7/7 [01:35<00:00, 13.61s/it]
Loss: 0.5850751074861905, accuracy: 73.27811431884766
Validating

  0%|          | 0/3 [00:00<?, ?it/s]
 33%|███▎      | 1/3 [00:14<00:28, 14.12s/it]
 67%|██████▋   | 2/3 [00:28<00:14, 14.11s/it]
100%|██████████| 3/3 [00:33<00:00, 10.22s/it]
100%|██████████| 3/3 [00:33<00:00, 11.27s/it]
Loss: 0.5840604233460355, accuracy: 72.9344711303711


Epoch: 9/50
Training

  0%|          | 0/7 [00:00<?, ?it/s]
 14%|█▍        | 1/7 [00:14<01:25, 14.23s/it]
 29%|██▊       | 2/7 [00:28<01:10, 14.20s/it]
 43%|████▎     | 3/7 [00:42<00:56, 14.24s/it]
 57%|█████▋    | 4/7 [00:56<00:42, 14.26s/it]
 71%|███████▏  | 5/7 [01:11<00:28, 14.25s/it]
 86%|████████▌ | 6/7 [01:25<00:14, 14.25s/it]
100%|██████████| 7/7 [01:35<00:00, 12.94s/it]
100%|██████████| 7/7 [01:35<00:00, 13.67s/it]
Loss: 0.5790301727299356, accuracy: 73.36530303955078
Validating

  0%|          | 0/3 [00:00<?, ?it/s]
 33%|███▎      | 1/3 [00:14<00:28, 14.15s/it]
 67%|██████▋   | 2/3 [00:28<00:14, 14.14s/it]
100%|██████████| 3/3 [00:33<00:00, 10.25s/it]
100%|██████████| 3/3 [00:33<00:00, 11.30s/it]
Loss: 0.5775462810615722, accuracy: 73.26007843017578


Epoch: 10/50
Training

  0%|          | 0/7 [00:00<?, ?it/s]
 14%|█▍        | 1/7 [00:14<01:25, 14.24s/it]
 29%|██▊       | 2/7 [00:28<01:11, 14.26s/it]
 43%|████▎     | 3/7 [00:42<00:57, 14.26s/it]
 57%|█████▋    | 4/7 [00:57<00:42, 14.25s/it]
 71%|███████▏  | 5/7 [01:11<00:28, 14.24s/it]
 86%|████████▌ | 6/7 [01:25<00:14, 14.25s/it]
100%|██████████| 7/7 [01:35<00:00, 12.94s/it]
100%|██████████| 7/7 [01:35<00:00, 13.68s/it]
Loss: 0.5746042400520578, accuracy: 73.78668975830078
Validating

  0%|          | 0/3 [00:00<?, ?it/s]
 33%|███▎      | 1/3 [00:14<00:28, 14.15s/it]
 67%|██████▋   | 2/3 [00:28<00:14, 14.14s/it]
100%|██████████| 3/3 [00:33<00:00, 10.25s/it]
100%|██████████| 3/3 [00:33<00:00, 11.30s/it]
Loss: 0.5727995168061386, accuracy: 73.62637329101562


Epoch: 11/50
Training

  0%|          | 0/7 [00:00<?, ?it/s]
 14%|█▍        | 1/7 [00:14<01:25, 14.30s/it]
 29%|██▊       | 2/7 [00:28<01:11, 14.30s/it]
 43%|████▎     | 3/7 [00:42<00:57, 14.31s/it]
 57%|█████▋    | 4/7 [00:57<00:42, 14.32s/it]
 71%|███████▏  | 5/7 [01:11<00:28, 14.32s/it]
 86%|████████▌ | 6/7 [01:25<00:14, 14.32s/it]
100%|██████████| 7/7 [01:36<00:00, 13.00s/it]
100%|██████████| 7/7 [01:36<00:00, 13.74s/it]
Loss: 0.5711801354014157, accuracy: 73.80121612548828
Validating

  0%|          | 0/3 [00:00<?, ?it/s]
 33%|███▎      | 1/3 [00:14<00:28, 14.18s/it]
 67%|██████▋   | 2/3 [00:28<00:14, 14.19s/it]
100%|██████████| 3/3 [00:34<00:00, 10.29s/it]
100%|██████████| 3/3 [00:34<00:00, 11.34s/it]
Loss: 0.5698227497150513, accuracy: 73.46357727050781


Epoch: 12/50
Training

  0%|          | 0/7 [00:00<?, ?it/s]
 14%|█▍        | 1/7 [00:14<01:25, 14.30s/it]
 29%|██▊       | 2/7 [00:28<01:11, 14.31s/it]
 43%|████▎     | 3/7 [00:42<00:57, 14.31s/it]
 57%|█████▋    | 4/7 [00:57<00:42, 14.31s/it]
 71%|███████▏  | 5/7 [01:11<00:28, 14.32s/it]
 86%|████████▌ | 6/7 [01:25<00:14, 14.31s/it]
100%|██████████| 7/7 [01:36<00:00, 12.99s/it]
100%|██████████| 7/7 [01:36<00:00, 13.73s/it]
Loss: 0.5676982323813667, accuracy: 74.0627670288086
Validating

  0%|          | 0/3 [00:00<?, ?it/s]
 33%|███▎      | 1/3 [00:14<00:28, 14.14s/it]
 67%|██████▋   | 2/3 [00:28<00:14, 14.14s/it]
100%|██████████| 3/3 [00:33<00:00, 10.25s/it]
100%|██████████| 3/3 [00:33<00:00, 11.30s/it]
Loss: 0.5668464925020363, accuracy: 73.58567810058594


Epoch: 13/50
Training

  0%|          | 0/7 [00:00<?, ?it/s]
 14%|█▍        | 1/7 [00:14<01:25, 14.23s/it]
 29%|██▊       | 2/7 [00:28<01:11, 14.23s/it]
 43%|████▎     | 3/7 [00:42<00:57, 14.32s/it]
 57%|█████▋    | 4/7 [00:57<00:43, 14.35s/it]
 71%|███████▏  | 5/7 [01:11<00:28, 14.36s/it]
 86%|████████▌ | 6/7 [01:26<00:14, 14.36s/it]
100%|██████████| 7/7 [01:36<00:00, 13.05s/it]
100%|██████████| 7/7 [01:36<00:00, 13.77s/it]
Loss: 0.5653531568163324, accuracy: 74.0482406616211
Validating

  0%|          | 0/3 [00:00<?, ?it/s]
 33%|███▎      | 1/3 [00:14<00:28, 14.28s/it]
 67%|██████▋   | 2/3 [00:28<00:14, 14.30s/it]
100%|██████████| 3/3 [00:34<00:00, 10.35s/it]
100%|██████████| 3/3 [00:34<00:00, 11.41s/it]
Loss: 0.565058217865692, accuracy: 73.58567810058594


Epoch: 14/50
Training

  0%|          | 0/7 [00:00<?, ?it/s]
 14%|█▍        | 1/7 [00:14<01:26, 14.40s/it]
 29%|██▊       | 2/7 [00:28<01:12, 14.41s/it]
 43%|████▎     | 3/7 [00:43<00:57, 14.42s/it]
 57%|█████▋    | 4/7 [00:57<00:43, 14.42s/it]
 71%|███████▏  | 5/7 [01:12<00:28, 14.41s/it]
 86%|████████▌ | 6/7 [01:26<00:14, 14.40s/it]
100%|██████████| 7/7 [01:36<00:00, 13.08s/it]
100%|██████████| 7/7 [01:36<00:00, 13.83s/it]
Loss: 0.5631220864889338, accuracy: 74.12088775634766
Validating

  0%|          | 0/3 [00:00<?, ?it/s]
 33%|███▎      | 1/3 [00:14<00:28, 14.26s/it]
 67%|██████▋   | 2/3 [00:28<00:14, 14.21s/it]
100%|██████████| 3/3 [00:34<00:00, 10.29s/it]
100%|██████████| 3/3 [00:34<00:00, 11.36s/it]
Loss: 0.5629426029866723, accuracy: 73.99267578125


Epoch: 15/50
Training

  0%|          | 0/7 [00:00<?, ?it/s]
 14%|█▍        | 1/7 [00:14<01:26, 14.33s/it]
 29%|██▊       | 2/7 [00:28<01:11, 14.35s/it]
 43%|████▎     | 3/7 [00:42<00:57, 14.33s/it]
 57%|█████▋    | 4/7 [00:57<00:42, 14.31s/it]
 71%|███████▏  | 5/7 [01:11<00:28, 14.29s/it]
 86%|████████▌ | 6/7 [01:25<00:14, 14.29s/it]
100%|██████████| 7/7 [01:36<00:00, 12.97s/it]
100%|██████████| 7/7 [01:36<00:00, 13.73s/it]
Loss: 0.5605067963760906, accuracy: 74.07730102539062
Validating

  0%|          | 0/3 [00:00<?, ?it/s]
 33%|███▎      | 1/3 [00:14<00:28, 14.16s/it]
 67%|██████▋   | 2/3 [00:28<00:14, 14.19s/it]
100%|██████████| 3/3 [00:33<00:00, 10.28s/it]
100%|██████████| 3/3 [00:33<00:00, 11.33s/it]
Loss: 0.562170159515929, accuracy: 73.78917694091797


Epoch: 16/50
Training

  0%|          | 0/7 [00:00<?, ?it/s]
 14%|█▍        | 1/7 [00:14<01:25, 14.31s/it]
 29%|██▊       | 2/7 [00:28<01:11, 14.32s/it]
 43%|████▎     | 3/7 [00:42<00:57, 14.31s/it]
 57%|█████▋    | 4/7 [00:57<00:42, 14.31s/it]
 71%|███████▏  | 5/7 [01:11<00:28, 14.32s/it]
 86%|████████▌ | 6/7 [01:25<00:14, 14.31s/it]
100%|██████████| 7/7 [01:36<00:00, 12.99s/it]
100%|██████████| 7/7 [01:36<00:00, 13.74s/it]
Loss: 0.5601818367895156, accuracy: 73.83027648925781
Validating

  0%|          | 0/3 [00:00<?, ?it/s]
 33%|███▎      | 1/3 [00:14<00:28, 14.20s/it]
 67%|██████▋   | 2/3 [00:28<00:14, 14.19s/it]
100%|██████████| 3/3 [00:34<00:00, 10.29s/it]
100%|██████████| 3/3 [00:34<00:00, 11.35s/it]
Loss: 0.5603504659297944, accuracy: 74.07408142089844


Epoch: 17/50
Training

  0%|          | 0/7 [00:00<?, ?it/s]
 14%|█▍        | 1/7 [00:14<01:25, 14.27s/it]
 29%|██▊       | 2/7 [00:28<01:11, 14.28s/it]
 43%|████▎     | 3/7 [00:42<00:57, 14.27s/it]
 57%|█████▋    | 4/7 [00:57<00:42, 14.26s/it]
 71%|███████▏  | 5/7 [01:11<00:28, 14.26s/it]
 86%|████████▌ | 6/7 [01:25<00:14, 14.27s/it]
100%|██████████| 7/7 [01:35<00:00, 12.96s/it]
100%|██████████| 7/7 [01:35<00:00, 13.70s/it]
Loss: 0.5582209358517426, accuracy: 74.03370666503906
Validating

  0%|          | 0/3 [00:00<?, ?it/s]
 33%|███▎      | 1/3 [00:14<00:28, 14.12s/it]
 67%|██████▋   | 2/3 [00:28<00:14, 14.12s/it]
100%|██████████| 3/3 [00:33<00:00, 10.24s/it]
100%|██████████| 3/3 [00:33<00:00, 11.28s/it]
Loss: 0.5588967105116746, accuracy: 73.87057495117188


Epoch: 18/50
Training

  0%|          | 0/7 [00:00<?, ?it/s]
 14%|█▍        | 1/7 [00:14<01:25, 14.29s/it]
 29%|██▊       | 2/7 [00:28<01:11, 14.28s/it]
 43%|████▎     | 3/7 [00:42<00:57, 14.28s/it]
 57%|█████▋    | 4/7 [00:57<00:42, 14.28s/it]
 71%|███████▏  | 5/7 [01:11<00:28, 14.29s/it]
 86%|████████▌ | 6/7 [01:25<00:14, 14.30s/it]
100%|██████████| 7/7 [01:35<00:00, 12.97s/it]
100%|██████████| 7/7 [01:35<00:00, 13.71s/it]
Loss: 0.5574587706700552, accuracy: 73.9029312133789
Validating

  0%|          | 0/3 [00:00<?, ?it/s]
 33%|███▎      | 1/3 [00:14<00:28, 14.18s/it]
 67%|██████▋   | 2/3 [00:28<00:14, 14.20s/it]
100%|██████████| 3/3 [00:34<00:00, 10.30s/it]
100%|██████████| 3/3 [00:34<00:00, 11.35s/it]
Loss: 0.5586537852683201, accuracy: 74.15547943115234


Epoch: 19/50
Training

  0%|          | 0/7 [00:00<?, ?it/s]
 14%|█▍        | 1/7 [00:14<01:25, 14.29s/it]
 29%|██▊       | 2/7 [00:28<01:11, 14.29s/it]
 43%|████▎     | 3/7 [00:42<00:57, 14.27s/it]
 57%|█████▋    | 4/7 [00:57<00:42, 14.27s/it]
 71%|███████▏  | 5/7 [01:11<00:28, 14.27s/it]
 86%|████████▌ | 6/7 [01:25<00:14, 14.27s/it]
100%|██████████| 7/7 [01:35<00:00, 12.95s/it]
100%|██████████| 7/7 [01:35<00:00, 13.70s/it]
Loss: 0.555462159846488, accuracy: 74.20807647705078
Validating

  0%|          | 0/3 [00:00<?, ?it/s]
 33%|███▎      | 1/3 [00:14<00:28, 14.19s/it]
 67%|██████▋   | 2/3 [00:28<00:14, 14.20s/it]
100%|██████████| 3/3 [00:34<00:00, 10.31s/it]
100%|██████████| 3/3 [00:34<00:00, 11.36s/it]
Loss: 0.5573882793429231, accuracy: 74.23687744140625


Epoch: 20/50
Training

  0%|          | 0/7 [00:00<?, ?it/s]
 14%|█▍        | 1/7 [00:14<01:26, 14.34s/it]
 29%|██▊       | 2/7 [00:28<01:11, 14.34s/it]
 43%|████▎     | 3/7 [00:43<00:57, 14.33s/it]
 57%|█████▋    | 4/7 [00:57<00:42, 14.32s/it]
 71%|███████▏  | 5/7 [01:11<00:28, 14.32s/it]
 86%|████████▌ | 6/7 [01:25<00:14, 14.32s/it]
100%|██████████| 7/7 [01:36<00:00, 13.00s/it]
100%|██████████| 7/7 [01:36<00:00, 13.75s/it]
Loss: 0.5546493400705654, accuracy: 73.99011993408203
Validating

  0%|          | 0/3 [00:00<?, ?it/s]
 33%|███▎      | 1/3 [00:14<00:28, 14.19s/it]
 67%|██████▋   | 2/3 [00:28<00:14, 14.18s/it]
100%|██████████| 3/3 [00:33<00:00, 10.28s/it]
100%|██████████| 3/3 [00:33<00:00, 11.33s/it]
Loss: 0.5564262030277012, accuracy: 74.07408142089844


Epoch: 21/50
Training

  0%|          | 0/7 [00:00<?, ?it/s]
 14%|█▍        | 1/7 [00:14<01:25, 14.30s/it]
 29%|██▊       | 2/7 [00:28<01:11, 14.33s/it]
 43%|████▎     | 3/7 [00:43<00:57, 14.36s/it]
 57%|█████▋    | 4/7 [00:57<00:43, 14.37s/it]
 71%|███████▏  | 5/7 [01:11<00:28, 14.38s/it]
 86%|████████▌ | 6/7 [01:26<00:14, 14.38s/it]
100%|██████████| 7/7 [01:36<00:00, 13.05s/it]
100%|██████████| 7/7 [01:36<00:00, 13.79s/it]
Loss: 0.5532840487223245, accuracy: 74.19354248046875
Validating

  0%|          | 0/3 [00:00<?, ?it/s]
 33%|███▎      | 1/3 [00:14<00:28, 14.21s/it]
 67%|██████▋   | 2/3 [00:28<00:14, 14.22s/it]
100%|██████████| 3/3 [00:34<00:00, 10.31s/it]
100%|██████████| 3/3 [00:34<00:00, 11.37s/it]
Loss: 0.5558375653620896, accuracy: 74.23687744140625


Epoch: 22/50
Training

  0%|          | 0/7 [00:00<?, ?it/s]
 14%|█▍        | 1/7 [00:14<01:25, 14.30s/it]
 29%|██▊       | 2/7 [00:28<01:11, 14.31s/it]
 43%|████▎     | 3/7 [00:42<00:57, 14.30s/it]
 57%|█████▋    | 4/7 [00:57<00:42, 14.30s/it]
 71%|███████▏  | 5/7 [01:11<00:28, 14.31s/it]
 86%|████████▌ | 6/7 [01:25<00:14, 14.32s/it]
100%|██████████| 7/7 [01:36<00:00, 13.00s/it]
100%|██████████| 7/7 [01:36<00:00, 13.74s/it]
Loss: 0.5521682990875677, accuracy: 74.14995574951172
Validating

  0%|          | 0/3 [00:00<?, ?it/s]
 33%|███▎      | 1/3 [00:14<00:28, 14.18s/it]
 67%|██████▋   | 2/3 [00:28<00:14, 14.18s/it]
100%|██████████| 3/3 [00:34<00:00, 10.28s/it]
100%|██████████| 3/3 [00:34<00:00, 11.33s/it]
Loss: 0.5557941912537335, accuracy: 74.11477661132812


Epoch: 23/50
Training

  0%|          | 0/7 [00:00<?, ?it/s]
 14%|█▍        | 1/7 [00:14<01:25, 14.33s/it]
 29%|██▊       | 2/7 [00:28<01:11, 14.30s/it]
 43%|████▎     | 3/7 [00:42<00:57, 14.32s/it]
 57%|█████▋    | 4/7 [00:57<00:43, 14.35s/it]
 71%|███████▏  | 5/7 [01:11<00:28, 14.34s/it]
 86%|████████▌ | 6/7 [01:26<00:14, 14.34s/it]
100%|██████████| 7/7 [01:36<00:00, 13.02s/it]
100%|██████████| 7/7 [01:36<00:00, 13.76s/it]
Loss: 0.5518106557158182, accuracy: 74.28073120117188
Validating

  0%|          | 0/3 [00:00<?, ?it/s]
 33%|███▎      | 1/3 [00:14<00:28, 14.22s/it]
 67%|██████▋   | 2/3 [00:28<00:14, 14.24s/it]
100%|██████████| 3/3 [00:34<00:00, 10.32s/it]
100%|██████████| 3/3 [00:34<00:00, 11.37s/it]
Loss: 0.554871105958545, accuracy: 74.15547943115234


Epoch: 24/50
Training

  0%|          | 0/7 [00:00<?, ?it/s]
 14%|█▍        | 1/7 [00:14<01:26, 14.36s/it]
 29%|██▊       | 2/7 [00:28<01:11, 14.35s/it]
 43%|████▎     | 3/7 [00:43<00:57, 14.36s/it]
 57%|█████▋    | 4/7 [00:57<00:43, 14.36s/it]
 71%|███████▏  | 5/7 [01:11<00:28, 14.37s/it]
 86%|████████▌ | 6/7 [01:26<00:14, 14.36s/it]
100%|██████████| 7/7 [01:36<00:00, 13.04s/it]
100%|██████████| 7/7 [01:36<00:00, 13.78s/it]
Loss: 0.5519149835911368, accuracy: 74.0482406616211
Validating

  0%|          | 0/3 [00:00<?, ?it/s]
 33%|███▎      | 1/3 [00:14<00:28, 14.17s/it]
 67%|██████▋   | 2/3 [00:28<00:14, 14.18s/it]
100%|██████████| 3/3 [00:33<00:00, 10.28s/it]
100%|██████████| 3/3 [00:33<00:00, 11.33s/it]
Loss: 0.5538839001843829, accuracy: 74.23687744140625


Epoch: 25/50
Training

  0%|          | 0/7 [00:00<?, ?it/s]
 14%|█▍        | 1/7 [00:14<01:25, 14.30s/it]
 29%|██▊       | 2/7 [00:28<01:11, 14.29s/it]
 43%|████▎     | 3/7 [00:42<00:57, 14.32s/it]
 57%|█████▋    | 4/7 [00:57<00:42, 14.31s/it]
 71%|███████▏  | 5/7 [01:11<00:28, 14.31s/it]
 86%|████████▌ | 6/7 [01:25<00:14, 14.31s/it]
100%|██████████| 7/7 [01:36<00:00, 12.99s/it]
100%|██████████| 7/7 [01:36<00:00, 13.73s/it]
Loss: 0.5511039397252988, accuracy: 74.33885192871094
Validating

  0%|          | 0/3 [00:00<?, ?it/s]
 33%|███▎      | 1/3 [00:14<00:28, 14.04s/it]
 67%|██████▋   | 2/3 [00:28<00:14, 14.06s/it]
100%|██████████| 3/3 [00:33<00:00, 10.20s/it]
100%|██████████| 3/3 [00:33<00:00, 11.24s/it]
Loss: 0.5539761348667308, accuracy: 74.11477661132812


Epoch: 26/50
Training

  0%|          | 0/7 [00:00<?, ?it/s]
 14%|█▍        | 1/7 [00:14<01:25, 14.22s/it]
 29%|██▊       | 2/7 [00:28<01:11, 14.21s/it]
 43%|████▎     | 3/7 [00:42<00:56, 14.23s/it]
 57%|█████▋    | 4/7 [00:56<00:42, 14.22s/it]
 71%|███████▏  | 5/7 [01:11<00:28, 14.22s/it]
 86%|████████▌ | 6/7 [01:25<00:14, 14.20s/it]
100%|██████████| 7/7 [01:35<00:00, 12.90s/it]
100%|██████████| 7/7 [01:35<00:00, 13.64s/it]
Loss: 0.549517225522837, accuracy: 74.20807647705078
Validating

  0%|          | 0/3 [00:00<?, ?it/s]
 33%|███▎      | 1/3 [00:14<00:28, 14.07s/it]
 67%|██████▋   | 2/3 [00:28<00:14, 14.15s/it]
100%|██████████| 3/3 [00:33<00:00, 10.27s/it]
100%|██████████| 3/3 [00:33<00:00, 11.31s/it]
Loss: 0.5531845760384274, accuracy: 74.19617462158203


Epoch: 27/50
Training

  0%|          | 0/7 [00:00<?, ?it/s]
 14%|█▍        | 1/7 [00:14<01:25, 14.24s/it]
 29%|██▊       | 2/7 [00:28<01:11, 14.23s/it]
 43%|████▎     | 3/7 [00:42<00:56, 14.21s/it]
 57%|█████▋    | 4/7 [00:56<00:42, 14.23s/it]
 71%|███████▏  | 5/7 [01:11<00:28, 14.29s/it]
 86%|████████▌ | 6/7 [01:25<00:14, 14.32s/it]
100%|██████████| 7/7 [01:35<00:00, 13.01s/it]
100%|██████████| 7/7 [01:35<00:00, 13.71s/it]
Loss: 0.5493042783070636, accuracy: 74.23713684082031
Validating

  0%|          | 0/3 [00:00<?, ?it/s]
 33%|███▎      | 1/3 [00:14<00:28, 14.31s/it]
 67%|██████▋   | 2/3 [00:28<00:14, 14.27s/it]
100%|██████████| 3/3 [00:34<00:00, 10.34s/it]
100%|██████████| 3/3 [00:34<00:00, 11.41s/it]
Loss: 0.5524963134180301, accuracy: 74.23687744140625


Epoch: 28/50
Training

  0%|          | 0/7 [00:00<?, ?it/s]
 14%|█▍        | 1/7 [00:14<01:25, 14.32s/it]
 29%|██▊       | 2/7 [00:28<01:11, 14.34s/it]
 43%|████▎     | 3/7 [00:42<00:57, 14.32s/it]
 57%|█████▋    | 4/7 [00:57<00:42, 14.32s/it]
 71%|███████▏  | 5/7 [01:11<00:28, 14.31s/it]
 86%|████████▌ | 6/7 [01:25<00:14, 14.32s/it]
100%|██████████| 7/7 [01:36<00:00, 13.00s/it]
100%|██████████| 7/7 [01:36<00:00, 13.75s/it]
Loss: 0.5487606392215761, accuracy: 74.35338592529297
Validating

  0%|          | 0/3 [00:00<?, ?it/s]
 33%|███▎      | 1/3 [00:14<00:28, 14.18s/it]
 67%|██████▋   | 2/3 [00:28<00:14, 14.17s/it]
100%|██████████| 3/3 [00:33<00:00, 10.27s/it]
100%|██████████| 3/3 [00:33<00:00, 11.33s/it]
Loss: 0.5519844109952862, accuracy: 74.19617462158203


Epoch: 29/50
Training

  0%|          | 0/7 [00:00<?, ?it/s]
 14%|█▍        | 1/7 [00:14<01:26, 14.34s/it]
 29%|██▊       | 2/7 [00:28<01:11, 14.34s/it]
 43%|████▎     | 3/7 [00:43<00:57, 14.34s/it]
 57%|█████▋    | 4/7 [00:57<00:43, 14.34s/it]
 71%|███████▏  | 5/7 [01:11<00:28, 14.33s/it]
 86%|████████▌ | 6/7 [01:26<00:14, 14.33s/it]
100%|██████████| 7/7 [01:36<00:00, 13.02s/it]
100%|██████████| 7/7 [01:36<00:00, 13.76s/it]
Loss: 0.5476846239900076, accuracy: 74.33885192871094
Validating

  0%|          | 0/3 [00:00<?, ?it/s]
 33%|███▎      | 1/3 [00:14<00:28, 14.22s/it]
 67%|██████▋   | 2/3 [00:28<00:14, 14.19s/it]
100%|██████████| 3/3 [00:34<00:00, 10.30s/it]
100%|██████████| 3/3 [00:34<00:00, 11.35s/it]
Loss: 0.5520855563658255, accuracy: 74.19617462158203


Epoch: 30/50
Training

  0%|          | 0/7 [00:00<?, ?it/s]
 14%|█▍        | 1/7 [00:14<01:26, 14.34s/it]
 29%|██▊       | 2/7 [00:28<01:11, 14.33s/it]
 43%|████▎     | 3/7 [00:42<00:57, 14.33s/it]
 57%|█████▋    | 4/7 [00:57<00:42, 14.32s/it]
 71%|███████▏  | 5/7 [01:11<00:28, 14.32s/it]
 86%|████████▌ | 6/7 [01:26<00:14, 14.34s/it]
100%|██████████| 7/7 [01:36<00:00, 13.03s/it]
100%|██████████| 7/7 [01:36<00:00, 13.76s/it]
Loss: 0.5471477435619739, accuracy: 74.41150665283203
Validating

  0%|          | 0/3 [00:00<?, ?it/s]
 33%|███▎      | 1/3 [00:14<00:28, 14.24s/it]
 67%|██████▋   | 2/3 [00:28<00:14, 14.25s/it]
100%|██████████| 3/3 [00:34<00:00, 10.34s/it]
100%|██████████| 3/3 [00:34<00:00, 11.39s/it]
Loss: 0.5511777396118636, accuracy: 74.19617462158203


Epoch: 31/50
Training

  0%|          | 0/7 [00:00<?, ?it/s]
 14%|█▍        | 1/7 [00:14<01:26, 14.36s/it]
 29%|██▊       | 2/7 [00:28<01:11, 14.33s/it]
 43%|████▎     | 3/7 [00:43<00:57, 14.33s/it]
 57%|█████▋    | 4/7 [00:57<00:43, 14.34s/it]
 71%|███████▏  | 5/7 [01:11<00:28, 14.34s/it]
 86%|████████▌ | 6/7 [01:26<00:14, 14.33s/it]
100%|██████████| 7/7 [01:36<00:00, 13.02s/it]
100%|██████████| 7/7 [01:36<00:00, 13.76s/it]
Loss: 0.5467543367278053, accuracy: 74.44056701660156
Validating

  0%|          | 0/3 [00:00<?, ?it/s]
 33%|███▎      | 1/3 [00:14<00:28, 14.25s/it]
 67%|██████▋   | 2/3 [00:28<00:14, 14.25s/it]
100%|██████████| 3/3 [00:34<00:00, 10.33s/it]
100%|██████████| 3/3 [00:34<00:00, 11.39s/it]
Loss: 0.5509778578493912, accuracy: 74.15547943115234


Epoch: 32/50
Training

  0%|          | 0/7 [00:00<?, ?it/s]
 14%|█▍        | 1/7 [00:14<01:26, 14.37s/it]
 29%|██▊       | 2/7 [00:28<01:11, 14.38s/it]
 43%|████▎     | 3/7 [00:43<00:57, 14.38s/it]
 57%|█████▋    | 4/7 [00:57<00:43, 14.37s/it]
 71%|███████▏  | 5/7 [01:11<00:28, 14.37s/it]
 86%|████████▌ | 6/7 [01:26<00:14, 14.38s/it]
100%|██████████| 7/7 [01:36<00:00, 13.06s/it]
100%|██████████| 7/7 [01:36<00:00, 13.80s/it]
Loss: 0.5465466432604669, accuracy: 74.4551010131836
Validating

  0%|          | 0/3 [00:00<?, ?it/s]
 33%|███▎      | 1/3 [00:14<00:28, 14.24s/it]
 67%|██████▋   | 2/3 [00:28<00:14, 14.26s/it]
100%|██████████| 3/3 [00:34<00:00, 10.33s/it]
100%|██████████| 3/3 [00:34<00:00, 11.39s/it]
Loss: 0.5509598753924868, accuracy: 74.15547943115234


Epoch: 33/50
Training

  0%|          | 0/7 [00:00<?, ?it/s]
 14%|█▍        | 1/7 [00:14<01:25, 14.32s/it]
 29%|██▊       | 2/7 [00:28<01:11, 14.32s/it]
 43%|████▎     | 3/7 [00:42<00:57, 14.32s/it]
 57%|█████▋    | 4/7 [00:57<00:42, 14.32s/it]
 71%|███████▏  | 5/7 [01:11<00:28, 14.32s/it]
 86%|████████▌ | 6/7 [01:25<00:14, 14.32s/it]
100%|██████████| 7/7 [01:36<00:00, 13.00s/it]
100%|██████████| 7/7 [01:36<00:00, 13.74s/it]
Loss: 0.545684872862559, accuracy: 74.39697265625
Validating

  0%|          | 0/3 [00:00<?, ?it/s]
 33%|███▎      | 1/3 [00:14<00:28, 14.26s/it]
 67%|██████▋   | 2/3 [00:28<00:14, 14.23s/it]
100%|██████████| 3/3 [00:34<00:00, 10.32s/it]
100%|██████████| 3/3 [00:34<00:00, 11.38s/it]
Loss: 0.5501117020736247, accuracy: 74.19617462158203


Epoch: 34/50
Training

  0%|          | 0/7 [00:00<?, ?it/s]
 14%|█▍        | 1/7 [00:14<01:26, 14.37s/it]
 29%|██▊       | 2/7 [00:28<01:11, 14.37s/it]
 43%|████▎     | 3/7 [00:43<00:57, 14.37s/it]
 57%|█████▋    | 4/7 [00:57<00:43, 14.37s/it]
 71%|███████▏  | 5/7 [01:11<00:28, 14.37s/it]
 86%|████████▌ | 6/7 [01:26<00:14, 14.37s/it]
100%|██████████| 7/7 [01:36<00:00, 13.05s/it]
100%|██████████| 7/7 [01:36<00:00, 13.79s/it]
Loss: 0.5453559830243488, accuracy: 74.42604064941406
Validating

  0%|          | 0/3 [00:00<?, ?it/s]
 33%|███▎      | 1/3 [00:14<00:28, 14.19s/it]
 67%|██████▋   | 2/3 [00:28<00:14, 14.22s/it]
100%|██████████| 3/3 [00:34<00:00, 10.30s/it]
100%|██████████| 3/3 [00:34<00:00, 11.36s/it]
Loss: 0.549798177372502, accuracy: 74.15547943115234


Epoch: 35/50
Training

  0%|          | 0/7 [00:00<?, ?it/s]
 14%|█▍        | 1/7 [00:14<01:26, 14.37s/it]
 29%|██▊       | 2/7 [00:28<01:11, 14.35s/it]
 43%|████▎     | 3/7 [00:43<00:57, 14.34s/it]
 57%|█████▋    | 4/7 [00:57<00:43, 14.35s/it]
 71%|███████▏  | 5/7 [01:11<00:28, 14.35s/it]
 86%|████████▌ | 6/7 [01:26<00:14, 14.35s/it]
100%|██████████| 7/7 [01:36<00:00, 13.03s/it]
100%|██████████| 7/7 [01:36<00:00, 13.77s/it]
Loss: 0.5447027426720774, accuracy: 74.28073120117188
Validating

  0%|          | 0/3 [00:00<?, ?it/s]
 33%|███▎      | 1/3 [00:14<00:28, 14.25s/it]
 67%|██████▋   | 2/3 [00:28<00:14, 14.26s/it]
100%|██████████| 3/3 [00:34<00:00, 10.34s/it]
100%|██████████| 3/3 [00:34<00:00, 11.40s/it]
Loss: 0.5494914435738706, accuracy: 74.15547943115234


Epoch: 36/50
Training

  0%|          | 0/7 [00:00<?, ?it/s]
 14%|█▍        | 1/7 [00:14<01:26, 14.35s/it]
 29%|██▊       | 2/7 [00:28<01:11, 14.35s/it]
 43%|████▎     | 3/7 [00:43<00:57, 14.36s/it]
 57%|█████▋    | 4/7 [00:57<00:43, 14.37s/it]
 71%|███████▏  | 5/7 [01:11<00:28, 14.37s/it]
 86%|████████▌ | 6/7 [01:26<00:14, 14.37s/it]
100%|██████████| 7/7 [01:36<00:00, 13.05s/it]
100%|██████████| 7/7 [01:36<00:00, 13.79s/it]
Loss: 0.5441853819770613, accuracy: 74.4696273803711
Validating

  0%|          | 0/3 [00:00<?, ?it/s]
 33%|███▎      | 1/3 [00:14<00:28, 14.21s/it]
 67%|██████▋   | 2/3 [00:28<00:14, 14.23s/it]
100%|██████████| 3/3 [00:34<00:00, 10.32s/it]
100%|██████████| 3/3 [00:34<00:00, 11.38s/it]
Loss: 0.5495585648568122, accuracy: 74.23687744140625


Epoch: 37/50
Training

  0%|          | 0/7 [00:00<?, ?it/s]
 14%|█▍        | 1/7 [00:14<01:25, 14.31s/it]
 29%|██▊       | 2/7 [00:28<01:11, 14.38s/it]
 43%|████▎     | 3/7 [00:43<00:57, 14.38s/it]
 57%|█████▋    | 4/7 [00:57<00:43, 14.38s/it]
 71%|███████▏  | 5/7 [01:11<00:28, 14.37s/it]
 86%|████████▌ | 6/7 [01:26<00:14, 14.37s/it]
100%|██████████| 7/7 [01:36<00:00, 13.04s/it]
100%|██████████| 7/7 [01:36<00:00, 13.79s/it]
Loss: 0.5442778362295233, accuracy: 74.4551010131836
Validating

  0%|          | 0/3 [00:00<?, ?it/s]
 33%|███▎      | 1/3 [00:14<00:28, 14.28s/it]
 67%|██████▋   | 2/3 [00:28<00:14, 14.29s/it]
100%|██████████| 3/3 [00:34<00:00, 10.36s/it]
100%|██████████| 3/3 [00:34<00:00, 11.42s/it]
Loss: 0.5487471889517974, accuracy: 74.27758026123047


Epoch: 38/50
Training

  0%|          | 0/7 [00:00<?, ?it/s]
 14%|█▍        | 1/7 [00:14<01:26, 14.39s/it]
 29%|██▊       | 2/7 [00:28<01:11, 14.38s/it]
 43%|████▎     | 3/7 [00:43<00:57, 14.39s/it]
 57%|█████▋    | 4/7 [00:57<00:43, 14.38s/it]
 71%|███████▏  | 5/7 [01:11<00:28, 14.38s/it]
 86%|████████▌ | 6/7 [01:26<00:14, 14.39s/it]
100%|██████████| 7/7 [01:36<00:00, 13.06s/it]
100%|██████████| 7/7 [01:36<00:00, 13.81s/it]
Loss: 0.5438812598001469, accuracy: 74.4696273803711
Validating

  0%|          | 0/3 [00:00<?, ?it/s]
 33%|███▎      | 1/3 [00:14<00:28, 14.24s/it]
 67%|██████▋   | 2/3 [00:28<00:14, 14.25s/it]
100%|██████████| 3/3 [00:34<00:00, 10.33s/it]
100%|██████████| 3/3 [00:34<00:00, 11.39s/it]
Loss: 0.5483082199805046, accuracy: 74.23687744140625


Epoch: 39/50
Training

  0%|          | 0/7 [00:00<?, ?it/s]
 14%|█▍        | 1/7 [00:14<01:26, 14.36s/it]
 29%|██▊       | 2/7 [00:28<01:11, 14.38s/it]
 43%|████▎     | 3/7 [00:43<00:57, 14.38s/it]
 57%|█████▋    | 4/7 [00:57<00:43, 14.42s/it]
 71%|███████▏  | 5/7 [01:11<00:28, 14.41s/it]
 86%|████████▌ | 6/7 [01:26<00:14, 14.39s/it]
100%|██████████| 7/7 [01:36<00:00, 13.07s/it]
100%|██████████| 7/7 [01:36<00:00, 13.82s/it]
Loss: 0.5432926018339921, accuracy: 74.48416137695312
Validating

  0%|          | 0/3 [00:00<?, ?it/s]
 33%|███▎      | 1/3 [00:14<00:28, 14.26s/it]
 67%|██████▋   | 2/3 [00:28<00:14, 14.26s/it]
100%|██████████| 3/3 [00:34<00:00, 10.34s/it]
100%|██████████| 3/3 [00:34<00:00, 11.40s/it]
Loss: 0.5485696255263148, accuracy: 74.23687744140625


Epoch: 40/50
Training

  0%|          | 0/7 [00:00<?, ?it/s]
 14%|█▍        | 1/7 [00:14<01:26, 14.36s/it]
 29%|██▊       | 2/7 [00:28<01:11, 14.38s/it]
 43%|████▎     | 3/7 [00:43<00:57, 14.39s/it]
 57%|█████▋    | 4/7 [00:57<00:43, 14.37s/it]
 71%|███████▏  | 5/7 [01:11<00:28, 14.36s/it]
 86%|████████▌ | 6/7 [01:26<00:14, 14.36s/it]
100%|██████████| 7/7 [01:36<00:00, 13.04s/it]
100%|██████████| 7/7 [01:36<00:00, 13.79s/it]
Loss: 0.5431757042554186, accuracy: 74.52775573730469
Validating

  0%|          | 0/3 [00:00<?, ?it/s]
 33%|███▎      | 1/3 [00:14<00:28, 14.25s/it]
 67%|██████▋   | 2/3 [00:28<00:14, 14.23s/it]
100%|██████████| 3/3 [00:34<00:00, 10.30s/it]
100%|██████████| 3/3 [00:34<00:00, 11.36s/it]
Loss: 0.5477584883552477, accuracy: 74.35897827148438


Epoch: 41/50
Training

  0%|          | 0/7 [00:00<?, ?it/s]
 14%|█▍        | 1/7 [00:14<01:24, 14.17s/it]
 29%|██▊       | 2/7 [00:28<01:10, 14.19s/it]
 43%|████▎     | 3/7 [00:42<00:56, 14.18s/it]
 57%|█████▋    | 4/7 [00:56<00:42, 14.19s/it]
 71%|███████▏  | 5/7 [01:10<00:28, 14.20s/it]
 86%|████████▌ | 6/7 [01:25<00:14, 14.20s/it]
100%|██████████| 7/7 [01:35<00:00, 12.90s/it]
100%|██████████| 7/7 [01:35<00:00, 13.62s/it]
Loss: 0.5426618919335143, accuracy: 74.38243865966797
Validating

  0%|          | 0/3 [00:00<?, ?it/s]
 33%|███▎      | 1/3 [00:14<00:28, 14.07s/it]
 67%|██████▋   | 2/3 [00:28<00:14, 14.12s/it]
100%|██████████| 3/3 [00:33<00:00, 10.25s/it]
100%|██████████| 3/3 [00:33<00:00, 11.29s/it]
Loss: 0.5480770809552414, accuracy: 74.19617462158203


Epoch: 42/50
Training

  0%|          | 0/7 [00:00<?, ?it/s]
 14%|█▍        | 1/7 [00:14<01:25, 14.32s/it]
 29%|██▊       | 2/7 [00:28<01:11, 14.31s/it]
 43%|████▎     | 3/7 [00:42<00:57, 14.33s/it]
 57%|█████▋    | 4/7 [00:57<00:42, 14.33s/it]
 71%|███████▏  | 5/7 [01:11<00:28, 14.35s/it]
 86%|████████▌ | 6/7 [01:26<00:14, 14.35s/it]
100%|██████████| 7/7 [01:36<00:00, 13.04s/it]
100%|██████████| 7/7 [01:36<00:00, 13.77s/it]
Loss: 0.5419503791288593, accuracy: 74.49868774414062
Validating

  0%|          | 0/3 [00:00<?, ?it/s]
 33%|███▎      | 1/3 [00:14<00:28, 14.27s/it]
 67%|██████▋   | 2/3 [00:28<00:14, 14.24s/it]
100%|██████████| 3/3 [00:34<00:00, 10.31s/it]
100%|██████████| 3/3 [00:34<00:00, 11.37s/it]
Loss: 0.5472168105134743, accuracy: 74.23687744140625


Epoch: 43/50
Training

  0%|          | 0/7 [00:00<?, ?it/s]
 14%|█▍        | 1/7 [00:14<01:25, 14.19s/it]
 29%|██▊       | 2/7 [00:28<01:10, 14.19s/it]
 43%|████▎     | 3/7 [00:42<00:56, 14.23s/it]
 57%|█████▋    | 4/7 [00:56<00:42, 14.26s/it]
 71%|███████▏  | 5/7 [01:11<00:28, 14.28s/it]
 86%|████████▌ | 6/7 [01:25<00:14, 14.28s/it]
100%|██████████| 7/7 [01:35<00:00, 12.98s/it]
100%|██████████| 7/7 [01:35<00:00, 13.69s/it]
Loss: 0.5422594886261237, accuracy: 74.76023864746094
Validating

  0%|          | 0/3 [00:00<?, ?it/s]
 33%|███▎      | 1/3 [00:14<00:28, 14.25s/it]
 67%|██████▋   | 2/3 [00:28<00:14, 14.22s/it]
100%|██████████| 3/3 [00:34<00:00, 10.32s/it]
100%|██████████| 3/3 [00:34<00:00, 11.38s/it]
Loss: 0.5471953061425594, accuracy: 74.11477661132812


Epoch: 44/50
Training

  0%|          | 0/7 [00:00<?, ?it/s]
 14%|█▍        | 1/7 [00:14<01:25, 14.26s/it]
 29%|██▊       | 2/7 [00:28<01:11, 14.29s/it]
 43%|████▎     | 3/7 [00:42<00:57, 14.30s/it]
 57%|█████▋    | 4/7 [00:57<00:42, 14.29s/it]
 71%|███████▏  | 5/7 [01:11<00:28, 14.29s/it]
 86%|████████▌ | 6/7 [01:25<00:14, 14.29s/it]
100%|██████████| 7/7 [01:36<00:00, 12.99s/it]
100%|██████████| 7/7 [01:36<00:00, 13.72s/it]
Loss: 0.5421791751521232, accuracy: 74.41150665283203
Validating

  0%|          | 0/3 [00:00<?, ?it/s]
 33%|███▎      | 1/3 [00:14<00:28, 14.19s/it]
 67%|██████▋   | 2/3 [00:28<00:14, 14.15s/it]
100%|██████████| 3/3 [00:33<00:00, 10.29s/it]
100%|██████████| 3/3 [00:33<00:00, 11.33s/it]
Loss: 0.5472168248991293, accuracy: 74.35897827148438


Epoch: 45/50
Training

  0%|          | 0/7 [00:00<?, ?it/s]
 14%|█▍        | 1/7 [00:14<01:25, 14.25s/it]
 29%|██▊       | 2/7 [00:28<01:11, 14.27s/it]
 43%|████▎     | 3/7 [00:43<00:57, 14.36s/it]
 57%|█████▋    | 4/7 [00:57<00:42, 14.33s/it]
 71%|███████▏  | 5/7 [01:11<00:28, 14.32s/it]
 86%|████████▌ | 6/7 [01:25<00:14, 14.29s/it]
100%|██████████| 7/7 [01:36<00:00, 13.00s/it]
100%|██████████| 7/7 [01:36<00:00, 13.74s/it]
Loss: 0.5411682553812364, accuracy: 74.61493682861328
Validating

  0%|          | 0/3 [00:00<?, ?it/s]
 33%|███▎      | 1/3 [00:14<00:28, 14.26s/it]
 67%|██████▋   | 2/3 [00:28<00:14, 14.30s/it]
100%|██████████| 3/3 [00:34<00:00, 10.36s/it]
100%|██████████| 3/3 [00:34<00:00, 11.42s/it]
Loss: 0.5465619098766576, accuracy: 74.23687744140625


Epoch: 46/50
Training

  0%|          | 0/7 [00:00<?, ?it/s]
 14%|█▍        | 1/7 [00:14<01:26, 14.41s/it]
 29%|██▊       | 2/7 [00:28<01:11, 14.36s/it]
 43%|████▎     | 3/7 [00:43<00:57, 14.37s/it]
 57%|█████▋    | 4/7 [00:57<00:43, 14.41s/it]
 71%|███████▏  | 5/7 [01:12<00:28, 14.44s/it]
 86%|████████▌ | 6/7 [01:26<00:14, 14.46s/it]
100%|██████████| 7/7 [01:37<00:00, 13.15s/it]
100%|██████████| 7/7 [01:37<00:00, 13.86s/it]
Loss: 0.5418355603683691, accuracy: 74.52775573730469
Validating

  0%|          | 0/3 [00:00<?, ?it/s]
 33%|███▎      | 1/3 [00:14<00:28, 14.38s/it]
 67%|██████▋   | 2/3 [00:28<00:14, 14.34s/it]
100%|██████████| 3/3 [00:34<00:00, 10.42s/it]
100%|██████████| 3/3 [00:34<00:00, 11.48s/it]
Loss: 0.5462992656361926, accuracy: 74.07408142089844


Epoch: 47/50
Training

  0%|          | 0/7 [00:00<?, ?it/s]
 14%|█▍        | 1/7 [00:14<01:26, 14.48s/it]
 29%|██▊       | 2/7 [00:28<01:12, 14.49s/it]
 43%|████▎     | 3/7 [00:43<00:57, 14.49s/it]
 57%|█████▋    | 4/7 [00:57<00:43, 14.49s/it]
 71%|███████▏  | 5/7 [01:12<00:28, 14.48s/it]
 86%|████████▌ | 6/7 [01:26<00:14, 14.49s/it]
100%|██████████| 7/7 [01:37<00:00, 13.16s/it]
100%|██████████| 7/7 [01:37<00:00, 13.91s/it]
Loss: 0.5406951408370987, accuracy: 74.57134246826172
Validating

  0%|          | 0/3 [00:00<?, ?it/s]
 33%|███▎      | 1/3 [00:14<00:28, 14.35s/it]
 67%|██████▋   | 2/3 [00:28<00:14, 14.35s/it]
100%|██████████| 3/3 [00:34<00:00, 10.43s/it]
100%|██████████| 3/3 [00:34<00:00, 11.49s/it]
Loss: 0.5467500593490507, accuracy: 74.31827545166016


Epoch: 48/50
Training

  0%|          | 0/7 [00:00<?, ?it/s]
 14%|█▍        | 1/7 [00:14<01:26, 14.48s/it]
 29%|██▊       | 2/7 [00:28<01:12, 14.48s/it]
 43%|████▎     | 3/7 [00:43<00:57, 14.48s/it]
 57%|█████▋    | 4/7 [00:57<00:43, 14.47s/it]
 71%|███████▏  | 5/7 [01:12<00:28, 14.47s/it]
 86%|████████▌ | 6/7 [01:26<00:14, 14.47s/it]
100%|██████████| 7/7 [01:37<00:00, 13.15s/it]
100%|██████████| 7/7 [01:37<00:00, 13.90s/it]
Loss: 0.5399535405570011, accuracy: 74.58587646484375
Validating

  0%|          | 0/3 [00:00<?, ?it/s]
 33%|███▎      | 1/3 [00:14<00:28, 14.35s/it]
 67%|██████▋   | 2/3 [00:28<00:14, 14.37s/it]
100%|██████████| 3/3 [00:34<00:00, 10.44s/it]
100%|██████████| 3/3 [00:34<00:00, 11.50s/it]
Loss: 0.545765252219112, accuracy: 74.19617462158203


Epoch: 49/50
Training

  0%|          | 0/7 [00:00<?, ?it/s]
 14%|█▍        | 1/7 [00:14<01:26, 14.48s/it]
 29%|██▊       | 2/7 [00:28<01:12, 14.49s/it]
 43%|████▎     | 3/7 [00:43<00:57, 14.48s/it]
 57%|█████▋    | 4/7 [00:57<00:43, 14.48s/it]
 71%|███████▏  | 5/7 [01:12<00:28, 14.49s/it]
 86%|████████▌ | 6/7 [01:26<00:14, 14.49s/it]
100%|██████████| 7/7 [01:37<00:00, 13.16s/it]
100%|██████████| 7/7 [01:37<00:00, 13.90s/it]
Loss: 0.5391216610136922, accuracy: 74.61493682861328
Validating

  0%|          | 0/3 [00:00<?, ?it/s]
 33%|███▎      | 1/3 [00:14<00:28, 14.33s/it]
 67%|██████▋   | 2/3 [00:28<00:14, 14.32s/it]
100%|██████████| 3/3 [00:34<00:00, 10.41s/it]
100%|██████████| 3/3 [00:34<00:00, 11.47s/it]
Loss: 0.5459854924489581, accuracy: 74.3996810913086


Epoch: 50/50
Training

  0%|          | 0/7 [00:00<?, ?it/s]
 14%|█▍        | 1/7 [00:14<01:26, 14.37s/it]
 29%|██▊       | 2/7 [00:28<01:12, 14.41s/it]
 43%|████▎     | 3/7 [00:43<00:57, 14.40s/it]
 57%|█████▋    | 4/7 [00:57<00:43, 14.40s/it]
 71%|███████▏  | 5/7 [01:12<00:28, 14.41s/it]
 86%|████████▌ | 6/7 [01:26<00:14, 14.40s/it]
100%|██████████| 7/7 [01:36<00:00, 13.08s/it]
100%|██████████| 7/7 [01:36<00:00, 13.82s/it]
Loss: 0.5399916031027353, accuracy: 74.55680847167969
Validating

  0%|          | 0/3 [00:00<?, ?it/s]
 33%|███▎      | 1/3 [00:14<00:28, 14.35s/it]
 67%|██████▋   | 2/3 [00:28<00:14, 14.36s/it]
100%|██████████| 3/3 [00:34<00:00, 10.42s/it]
100%|██████████| 3/3 [00:34<00:00, 11.49s/it]
Loss: 0.5454879193030385, accuracy: 74.27758026123047


Training Time: 1.0h 48.0m 27.540317058563232s
Best validation accuracy: 74.3996810913086

  0%|          | 0/1 [00:00<?, ?it/s]
100%|██████████| 1/1 [00:06<00:00,  6.90s/it]
100%|██████████| 1/1 [00:06<00:00,  6.90s/it]

Evaluated on test set
accuracy: 78.615%, f1-score: 0.78543

Epoch: 1/50
Training

  0%|          | 0/7 [00:00<?, ?it/s]
 14%|█▍        | 1/7 [00:13<01:19, 13.20s/it]
 29%|██▊       | 2/7 [00:26<01:05, 13.17s/it]
 43%|████▎     | 3/7 [00:39<00:52, 13.23s/it]
 57%|█████▋    | 4/7 [00:53<00:39, 13.29s/it]
 71%|███████▏  | 5/7 [01:06<00:26, 13.40s/it]
 86%|████████▌ | 6/7 [01:20<00:13, 13.49s/it]
100%|██████████| 7/7 [01:30<00:00, 12.31s/it]
100%|██████████| 7/7 [01:30<00:00, 12.88s/it]
Loss: 0.7282415169056541, accuracy: 49.68032455444336
Validating

  0%|          | 0/3 [00:00<?, ?it/s]
 33%|███▎      | 1/3 [00:13<00:27, 13.67s/it]
 67%|██████▋   | 2/3 [00:27<00:13, 13.84s/it]
100%|██████████| 3/3 [00:33<00:00, 10.06s/it]
100%|██████████| 3/3 [00:33<00:00, 11.07s/it]
Loss: 0.6717066228219927, accuracy: 63.24786376953125


Epoch: 2/50
Training

  0%|          | 0/7 [00:00<?, ?it/s]
 14%|█▍        | 1/7 [00:13<01:23, 13.87s/it]
 29%|██▊       | 2/7 [00:27<01:09, 13.85s/it]
 43%|████▎     | 3/7 [00:41<00:55, 13.86s/it]
 57%|█████▋    | 4/7 [00:55<00:41, 13.87s/it]
 71%|███████▏  | 5/7 [01:09<00:27, 13.90s/it]
 86%|████████▌ | 6/7 [01:23<00:13, 13.95s/it]
100%|██████████| 7/7 [01:33<00:00, 12.72s/it]
100%|██████████| 7/7 [01:33<00:00, 13.38s/it]
Loss: 0.7167394601720185, accuracy: 48.96832275390625
Validating

  0%|          | 0/3 [00:00<?, ?it/s]
 33%|███▎      | 1/3 [00:13<00:27, 13.97s/it]
 67%|██████▋   | 2/3 [00:27<00:13, 13.88s/it]
100%|██████████| 3/3 [00:33<00:00, 10.07s/it]
100%|██████████| 3/3 [00:33<00:00, 11.10s/it]
Loss: 0.6643997824526823, accuracy: 62.63736343383789


Epoch: 3/50
Training

  0%|          | 0/7 [00:00<?, ?it/s]
 14%|█▍        | 1/7 [00:13<01:23, 13.98s/it]
 29%|██▊       | 2/7 [00:28<01:10, 14.01s/it]
 43%|████▎     | 3/7 [00:42<00:56, 14.05s/it]
 57%|█████▋    | 4/7 [00:56<00:42, 14.13s/it]
 71%|███████▏  | 5/7 [01:10<00:28, 14.15s/it]
 86%|████████▌ | 6/7 [01:24<00:14, 14.17s/it]
100%|██████████| 7/7 [01:35<00:00, 12.89s/it]
100%|██████████| 7/7 [01:35<00:00, 13.57s/it]
Loss: 0.7079658742319599, accuracy: 49.694854736328125
Validating

  0%|          | 0/3 [00:00<?, ?it/s]
 33%|███▎      | 1/3 [00:14<00:28, 14.15s/it]
 67%|██████▋   | 2/3 [00:28<00:14, 14.21s/it]
100%|██████████| 3/3 [00:34<00:00, 10.29s/it]
100%|██████████| 3/3 [00:34<00:00, 11.34s/it]
Loss: 0.6676194708814066, accuracy: 62.067562103271484


Epoch: 4/50
Training

  0%|          | 0/7 [00:00<?, ?it/s]
 14%|█▍        | 1/7 [00:14<01:26, 14.39s/it]
 29%|██▊       | 2/7 [00:28<01:12, 14.43s/it]
 43%|████▎     | 3/7 [00:43<00:57, 14.45s/it]
 57%|█████▋    | 4/7 [00:57<00:43, 14.47s/it]
 71%|███████▏  | 5/7 [01:12<00:28, 14.46s/it]
 86%|████████▌ | 6/7 [01:26<00:14, 14.42s/it]
100%|██████████| 7/7 [01:36<00:00, 13.09s/it]
100%|██████████| 7/7 [01:36<00:00, 13.85s/it]
Loss: 0.7008711319785934, accuracy: 50.85730743408203
Validating

  0%|          | 0/3 [00:00<?, ?it/s]
 33%|███▎      | 1/3 [00:14<00:28, 14.24s/it]
 67%|██████▋   | 2/3 [00:28<00:14, 14.27s/it]
100%|██████████| 3/3 [00:34<00:00, 10.37s/it]
100%|██████████| 3/3 [00:34<00:00, 11.42s/it]
Loss: 0.6758580441682572, accuracy: 59.54416275024414


Epoch: 5/50
Training

  0%|          | 0/7 [00:00<?, ?it/s]
 14%|█▍        | 1/7 [00:14<01:26, 14.44s/it]
 29%|██▊       | 2/7 [00:28<01:12, 14.46s/it]
 43%|████▎     | 3/7 [00:43<00:57, 14.49s/it]
 57%|█████▋    | 4/7 [00:57<00:43, 14.50s/it]
 71%|███████▏  | 5/7 [01:12<00:29, 14.50s/it]
 86%|████████▌ | 6/7 [01:26<00:14, 14.51s/it]
100%|██████████| 7/7 [01:37<00:00, 13.17s/it]
100%|██████████| 7/7 [01:37<00:00, 13.91s/it]
Loss: 0.6941647806405952, accuracy: 52.571922302246094
Validating

  0%|          | 0/3 [00:00<?, ?it/s]
 33%|███▎      | 1/3 [00:14<00:28, 14.38s/it]
 67%|██████▋   | 2/3 [00:28<00:14, 14.38s/it]
100%|██████████| 3/3 [00:34<00:00, 10.43s/it]
100%|██████████| 3/3 [00:34<00:00, 11.50s/it]
Loss: 0.6840876784080114, accuracy: 56.898658752441406


Epoch: 6/50
Training

  0%|          | 0/7 [00:00<?, ?it/s]
 14%|█▍        | 1/7 [00:14<01:25, 14.31s/it]
 29%|██▊       | 2/7 [00:28<01:11, 14.27s/it]
 43%|████▎     | 3/7 [00:42<00:56, 14.23s/it]
 57%|█████▋    | 4/7 [00:56<00:42, 14.23s/it]
 71%|███████▏  | 5/7 [01:11<00:28, 14.23s/it]
 86%|████████▌ | 6/7 [01:25<00:14, 14.23s/it]
100%|██████████| 7/7 [01:35<00:00, 12.94s/it]
100%|██████████| 7/7 [01:35<00:00, 13.67s/it]
Loss: 0.6887092638313683, accuracy: 54.736995697021484
Validating

  0%|          | 0/3 [00:00<?, ?it/s]
 33%|███▎      | 1/3 [00:14<00:28, 14.13s/it]
 67%|██████▋   | 2/3 [00:28<00:14, 14.13s/it]
100%|██████████| 3/3 [00:33<00:00, 10.26s/it]
100%|██████████| 3/3 [00:33<00:00, 11.30s/it]
Loss: 0.6846213028059289, accuracy: 57.30565643310547


Epoch: 7/50
Training

  0%|          | 0/7 [00:00<?, ?it/s]
 14%|█▍        | 1/7 [00:14<01:25, 14.23s/it]
 29%|██▊       | 2/7 [00:28<01:11, 14.23s/it]
 43%|████▎     | 3/7 [00:42<00:56, 14.25s/it]
 57%|█████▋    | 4/7 [00:56<00:42, 14.25s/it]
 71%|███████▏  | 5/7 [01:11<00:28, 14.25s/it]
 86%|████████▌ | 6/7 [01:25<00:14, 14.24s/it]
100%|██████████| 7/7 [01:35<00:00, 12.94s/it]
100%|██████████| 7/7 [01:35<00:00, 13.67s/it]
Loss: 0.6831178999993386, accuracy: 57.047367095947266
Validating

  0%|          | 0/3 [00:00<?, ?it/s]
 33%|███▎      | 1/3 [00:14<00:28, 14.11s/it]
 67%|██████▋   | 2/3 [00:28<00:14, 14.12s/it]
100%|██████████| 3/3 [00:33<00:00, 10.25s/it]
100%|██████████| 3/3 [00:33<00:00, 11.30s/it]
Loss: 0.6816549699724715, accuracy: 58.32316207885742


Epoch: 8/50
Training

  0%|          | 0/7 [00:00<?, ?it/s]
 14%|█▍        | 1/7 [00:14<01:25, 14.24s/it]
 29%|██▊       | 2/7 [00:28<01:11, 14.25s/it]
 43%|████▎     | 3/7 [00:42<00:57, 14.25s/it]
 57%|█████▋    | 4/7 [00:57<00:42, 14.26s/it]
 71%|███████▏  | 5/7 [01:11<00:28, 14.24s/it]
 86%|████████▌ | 6/7 [01:25<00:14, 14.24s/it]
100%|██████████| 7/7 [01:35<00:00, 12.94s/it]
100%|██████████| 7/7 [01:35<00:00, 13.68s/it]
Loss: 0.6776241086416901, accuracy: 59.48851776123047
Validating

  0%|          | 0/3 [00:00<?, ?it/s]
 33%|███▎      | 1/3 [00:14<00:28, 14.15s/it]
 67%|██████▋   | 2/3 [00:28<00:14, 14.17s/it]
100%|██████████| 3/3 [00:33<00:00, 10.28s/it]
100%|██████████| 3/3 [00:33<00:00, 11.33s/it]
Loss: 0.6776277733179045, accuracy: 60.68376159667969


Epoch: 9/50
Training

  0%|          | 0/7 [00:00<?, ?it/s]
 14%|█▍        | 1/7 [00:14<01:25, 14.28s/it]
 29%|██▊       | 2/7 [00:28<01:11, 14.27s/it]
 43%|████▎     | 3/7 [00:42<00:57, 14.27s/it]
 57%|█████▋    | 4/7 [00:57<00:42, 14.28s/it]
 71%|███████▏  | 5/7 [01:11<00:28, 14.29s/it]
 86%|████████▌ | 6/7 [01:25<00:14, 14.29s/it]
100%|██████████| 7/7 [01:35<00:00, 12.97s/it]
100%|██████████| 7/7 [01:35<00:00, 13.71s/it]
Loss: 0.6725508615015136, accuracy: 61.1886100769043
Validating

  0%|          | 0/3 [00:00<?, ?it/s]
 33%|███▎      | 1/3 [00:14<00:28, 14.19s/it]
 67%|██████▋   | 2/3 [00:28<00:14, 14.20s/it]
100%|██████████| 3/3 [00:34<00:00, 10.30s/it]
100%|██████████| 3/3 [00:34<00:00, 11.35s/it]
Loss: 0.6732147522073574, accuracy: 61.823360443115234


Epoch: 10/50
Training

  0%|          | 0/7 [00:00<?, ?it/s]
 14%|█▍        | 1/7 [00:14<01:25, 14.29s/it]
 29%|██▊       | 2/7 [00:28<01:11, 14.30s/it]
 43%|████▎     | 3/7 [00:42<00:57, 14.30s/it]
 57%|█████▋    | 4/7 [00:57<00:42, 14.31s/it]
 71%|███████▏  | 5/7 [01:11<00:28, 14.31s/it]
 86%|████████▌ | 6/7 [01:25<00:14, 14.31s/it]
100%|██████████| 7/7 [01:36<00:00, 12.99s/it]
100%|██████████| 7/7 [01:36<00:00, 13.73s/it]
Loss: 0.6675204081578298, accuracy: 62.8596305847168
Validating

  0%|          | 0/3 [00:00<?, ?it/s]
 33%|███▎      | 1/3 [00:14<00:28, 14.13s/it]
 67%|██████▋   | 2/3 [00:28<00:14, 14.15s/it]
100%|██████████| 3/3 [00:33<00:00, 10.29s/it]
100%|██████████| 3/3 [00:33<00:00, 11.33s/it]
Loss: 0.6689303067335036, accuracy: 62.63736343383789


Epoch: 11/50
Training

  0%|          | 0/7 [00:00<?, ?it/s]
 14%|█▍        | 1/7 [00:14<01:25, 14.33s/it]
 29%|██▊       | 2/7 [00:28<01:11, 14.35s/it]
 43%|████▎     | 3/7 [00:42<00:57, 14.33s/it]
 57%|█████▋    | 4/7 [00:57<00:42, 14.33s/it]
 71%|███████▏  | 5/7 [01:11<00:28, 14.32s/it]
 86%|████████▌ | 6/7 [01:25<00:14, 14.33s/it]
100%|██████████| 7/7 [01:36<00:00, 13.02s/it]
100%|██████████| 7/7 [01:36<00:00, 13.76s/it]
Loss: 0.6631760317307162, accuracy: 64.29816436767578
Validating

  0%|          | 0/3 [00:00<?, ?it/s]
 33%|███▎      | 1/3 [00:14<00:28, 14.24s/it]
 67%|██████▋   | 2/3 [00:28<00:14, 14.23s/it]
100%|██████████| 3/3 [00:34<00:00, 10.33s/it]
100%|██████████| 3/3 [00:34<00:00, 11.38s/it]
Loss: 0.664275109161436, accuracy: 64.18396759033203


Epoch: 12/50
Training

  0%|          | 0/7 [00:00<?, ?it/s]
 14%|█▍        | 1/7 [00:14<01:25, 14.31s/it]
 29%|██▊       | 2/7 [00:28<01:11, 14.30s/it]
 43%|████▎     | 3/7 [00:42<00:57, 14.31s/it]
 57%|█████▋    | 4/7 [00:57<00:42, 14.33s/it]
 71%|███████▏  | 5/7 [01:11<00:28, 14.32s/it]
 86%|████████▌ | 6/7 [01:25<00:14, 14.33s/it]
100%|██████████| 7/7 [01:36<00:00, 13.01s/it]
100%|██████████| 7/7 [01:36<00:00, 13.75s/it]
Loss: 0.6583832707629582, accuracy: 65.67858123779297
Validating

  0%|          | 0/3 [00:00<?, ?it/s]
 33%|███▎      | 1/3 [00:14<00:28, 14.18s/it]
 67%|██████▋   | 2/3 [00:28<00:14, 14.20s/it]
100%|██████████| 3/3 [00:34<00:00, 10.31s/it]
100%|██████████| 3/3 [00:34<00:00, 11.36s/it]
Loss: 0.6602070958186419, accuracy: 65.12006378173828


Epoch: 13/50
Training

  0%|          | 0/7 [00:00<?, ?it/s]
 14%|█▍        | 1/7 [00:14<01:26, 14.34s/it]
 29%|██▊       | 2/7 [00:28<01:11, 14.34s/it]
 43%|████▎     | 3/7 [00:42<00:57, 14.33s/it]
 57%|█████▋    | 4/7 [00:57<00:42, 14.31s/it]
 71%|███████▏  | 5/7 [01:11<00:28, 14.31s/it]
 86%|████████▌ | 6/7 [01:25<00:14, 14.29s/it]
100%|██████████| 7/7 [01:36<00:00, 12.99s/it]
100%|██████████| 7/7 [01:36<00:00, 13.73s/it]
Loss: 0.654379689374728, accuracy: 66.4777603149414
Validating

  0%|          | 0/3 [00:00<?, ?it/s]
 33%|███▎      | 1/3 [00:14<00:28, 14.19s/it]
 67%|██████▋   | 2/3 [00:28<00:14, 14.21s/it]
100%|██████████| 3/3 [00:34<00:00, 10.32s/it]
100%|██████████| 3/3 [00:34<00:00, 11.37s/it]
Loss: 0.6565554243158799, accuracy: 66.54457092285156


Epoch: 14/50
Training

  0%|          | 0/7 [00:00<?, ?it/s]
 14%|█▍        | 1/7 [00:14<01:26, 14.35s/it]
 29%|██▊       | 2/7 [00:28<01:11, 14.35s/it]
 43%|████▎     | 3/7 [00:43<00:57, 14.34s/it]
 57%|█████▋    | 4/7 [00:57<00:42, 14.31s/it]
 71%|███████▏  | 5/7 [01:11<00:28, 14.33s/it]
 86%|████████▌ | 6/7 [01:26<00:14, 14.35s/it]
100%|██████████| 7/7 [01:36<00:00, 13.04s/it]
100%|██████████| 7/7 [01:36<00:00, 13.77s/it]
Loss: 0.6506582476724826, accuracy: 67.71287536621094
Validating

  0%|          | 0/3 [00:00<?, ?it/s]
 33%|███▎      | 1/3 [00:14<00:28, 14.22s/it]
 67%|██████▋   | 2/3 [00:28<00:14, 14.23s/it]
100%|██████████| 3/3 [00:34<00:00, 10.33s/it]
100%|██████████| 3/3 [00:34<00:00, 11.38s/it]
Loss: 0.6526558916404764, accuracy: 67.3992691040039


Epoch: 15/50
Training

  0%|          | 0/7 [00:00<?, ?it/s]
 14%|█▍        | 1/7 [00:14<01:26, 14.34s/it]
 29%|██▊       | 2/7 [00:28<01:11, 14.31s/it]
 43%|████▎     | 3/7 [00:42<00:57, 14.33s/it]
 57%|█████▋    | 4/7 [00:57<00:43, 14.34s/it]
 71%|███████▏  | 5/7 [01:11<00:28, 14.34s/it]
 86%|████████▌ | 6/7 [01:26<00:14, 14.35s/it]
100%|██████████| 7/7 [01:36<00:00, 13.04s/it]
100%|██████████| 7/7 [01:36<00:00, 13.77s/it]
Loss: 0.6459313925183536, accuracy: 68.81720733642578
Validating

  0%|          | 0/3 [00:00<?, ?it/s]
 33%|███▎      | 1/3 [00:14<00:28, 14.28s/it]
 67%|██████▋   | 2/3 [00:28<00:14, 14.27s/it]
100%|██████████| 3/3 [00:34<00:00, 10.36s/it]
100%|██████████| 3/3 [00:34<00:00, 11.42s/it]
Loss: 0.6488995261196203, accuracy: 68.33537292480469


Epoch: 16/50
Training

  0%|          | 0/7 [00:00<?, ?it/s]
 14%|█▍        | 1/7 [00:14<01:26, 14.38s/it]
 29%|██▊       | 2/7 [00:28<01:12, 14.42s/it]
 43%|████▎     | 3/7 [00:43<00:57, 14.41s/it]
 57%|█████▋    | 4/7 [00:57<00:43, 14.41s/it]
 71%|███████▏  | 5/7 [01:12<00:28, 14.41s/it]
 86%|████████▌ | 6/7 [01:26<00:14, 14.40s/it]
100%|██████████| 7/7 [01:36<00:00, 13.08s/it]
100%|██████████| 7/7 [01:36<00:00, 13.82s/it]
Loss: 0.6427860739306633, accuracy: 69.44202423095703
Validating

  0%|          | 0/3 [00:00<?, ?it/s]
 33%|███▎      | 1/3 [00:14<00:28, 14.21s/it]
 67%|██████▋   | 2/3 [00:28<00:14, 14.25s/it]
100%|██████████| 3/3 [00:34<00:00, 10.34s/it]
100%|██████████| 3/3 [00:34<00:00, 11.39s/it]
Loss: 0.6452645250438043, accuracy: 68.90516662597656


Epoch: 17/50
Training

  0%|          | 0/7 [00:00<?, ?it/s]
 14%|█▍        | 1/7 [00:14<01:26, 14.36s/it]
 29%|██▊       | 2/7 [00:28<01:11, 14.38s/it]
 43%|████▎     | 3/7 [00:43<00:57, 14.36s/it]
 57%|█████▋    | 4/7 [00:57<00:43, 14.36s/it]
 71%|███████▏  | 5/7 [01:11<00:28, 14.36s/it]
 86%|████████▌ | 6/7 [01:26<00:14, 14.35s/it]
100%|██████████| 7/7 [01:36<00:00, 13.03s/it]
100%|██████████| 7/7 [01:36<00:00, 13.78s/it]
Loss: 0.6390448124801582, accuracy: 69.99418640136719
Validating

  0%|          | 0/3 [00:00<?, ?it/s]
 33%|███▎      | 1/3 [00:14<00:28, 14.21s/it]
 67%|██████▋   | 2/3 [00:28<00:14, 14.21s/it]
100%|██████████| 3/3 [00:34<00:00, 10.33s/it]
100%|██████████| 3/3 [00:34<00:00, 11.37s/it]
Loss: 0.6415330631295306, accuracy: 69.19007110595703


Epoch: 18/50
Training

  0%|          | 0/7 [00:00<?, ?it/s]
 14%|█▍        | 1/7 [00:14<01:26, 14.40s/it]
 29%|██▊       | 2/7 [00:28<01:12, 14.41s/it]
 43%|████▎     | 3/7 [00:43<00:57, 14.41s/it]
 57%|█████▋    | 4/7 [00:57<00:43, 14.39s/it]
 71%|███████▏  | 5/7 [01:11<00:28, 14.39s/it]
 86%|████████▌ | 6/7 [01:26<00:14, 14.38s/it]
100%|██████████| 7/7 [01:36<00:00, 13.06s/it]
100%|██████████| 7/7 [01:36<00:00, 13.81s/it]
Loss: 0.6355658309191543, accuracy: 70.2557373046875
Validating

  0%|          | 0/3 [00:00<?, ?it/s]
 33%|███▎      | 1/3 [00:14<00:28, 14.24s/it]
 67%|██████▋   | 2/3 [00:28<00:14, 14.24s/it]
100%|██████████| 3/3 [00:34<00:00, 10.34s/it]
100%|██████████| 3/3 [00:34<00:00, 11.39s/it]
Loss: 0.6384576293186875, accuracy: 69.31217193603516


Epoch: 19/50
Training

  0%|          | 0/7 [00:00<?, ?it/s]
 14%|█▍        | 1/7 [00:14<01:25, 14.30s/it]
 29%|██▊       | 2/7 [00:28<01:11, 14.31s/it]
 43%|████▎     | 3/7 [00:43<00:57, 14.34s/it]
 57%|█████▋    | 4/7 [00:57<00:43, 14.34s/it]
 71%|███████▏  | 5/7 [01:11<00:28, 14.34s/it]
 86%|████████▌ | 6/7 [01:26<00:14, 14.34s/it]
100%|██████████| 7/7 [01:36<00:00, 13.02s/it]
100%|██████████| 7/7 [01:36<00:00, 13.76s/it]
Loss: 0.6320877384564378, accuracy: 70.72071838378906
Validating

  0%|          | 0/3 [00:00<?, ?it/s]
 33%|███▎      | 1/3 [00:14<00:28, 14.24s/it]
 67%|██████▋   | 2/3 [00:28<00:14, 14.25s/it]
100%|██████████| 3/3 [00:34<00:00, 10.36s/it]
100%|██████████| 3/3 [00:34<00:00, 11.41s/it]
Loss: 0.6352646949575546, accuracy: 69.43427276611328


Epoch: 20/50
Training

  0%|          | 0/7 [00:00<?, ?it/s]
 14%|█▍        | 1/7 [00:14<01:26, 14.38s/it]
 29%|██▊       | 2/7 [00:28<01:11, 14.37s/it]
 43%|████▎     | 3/7 [00:43<00:57, 14.35s/it]
 57%|█████▋    | 4/7 [00:57<00:43, 14.34s/it]
 71%|███████▏  | 5/7 [01:11<00:28, 14.34s/it]
 86%|████████▌ | 6/7 [01:26<00:14, 14.36s/it]
100%|██████████| 7/7 [01:36<00:00, 13.06s/it]
100%|██████████| 7/7 [01:36<00:00, 13.79s/it]
Loss: 0.6291029229998346, accuracy: 70.92414855957031
Validating

  0%|          | 0/3 [00:00<?, ?it/s]
 33%|███▎      | 1/3 [00:14<00:28, 14.27s/it]
 67%|██████▋   | 2/3 [00:28<00:14, 14.27s/it]
100%|██████████| 3/3 [00:34<00:00, 10.37s/it]
100%|██████████| 3/3 [00:34<00:00, 11.42s/it]
Loss: 0.632279264087545, accuracy: 70.0447769165039


Epoch: 21/50
Training

  0%|          | 0/7 [00:00<?, ?it/s]
 14%|█▍        | 1/7 [00:14<01:26, 14.35s/it]
 29%|██▊       | 2/7 [00:28<01:11, 14.36s/it]
 43%|████▎     | 3/7 [00:43<00:57, 14.36s/it]
 57%|█████▋    | 4/7 [00:57<00:43, 14.37s/it]
 71%|███████▏  | 5/7 [01:11<00:28, 14.37s/it]
 86%|████████▌ | 6/7 [01:26<00:14, 14.36s/it]
100%|██████████| 7/7 [01:36<00:00, 13.05s/it]
100%|██████████| 7/7 [01:36<00:00, 13.79s/it]
Loss: 0.625933972478294, accuracy: 71.36006927490234
Validating

  0%|          | 0/3 [00:00<?, ?it/s]
 33%|███▎      | 1/3 [00:14<00:28, 14.23s/it]
 67%|██████▋   | 2/3 [00:28<00:14, 14.26s/it]
100%|██████████| 3/3 [00:34<00:00, 10.36s/it]
100%|██████████| 3/3 [00:34<00:00, 11.41s/it]
Loss: 0.629521273892247, accuracy: 70.49246978759766


Epoch: 22/50
Training

  0%|          | 0/7 [00:00<?, ?it/s]
 14%|█▍        | 1/7 [00:14<01:26, 14.38s/it]
 29%|██▊       | 2/7 [00:28<01:11, 14.38s/it]
 43%|████▎     | 3/7 [00:43<00:57, 14.38s/it]
 57%|█████▋    | 4/7 [00:57<00:43, 14.38s/it]
 71%|███████▏  | 5/7 [01:11<00:28, 14.38s/it]
 86%|████████▌ | 6/7 [01:26<00:14, 14.38s/it]
100%|██████████| 7/7 [01:36<00:00, 13.07s/it]
100%|██████████| 7/7 [01:36<00:00, 13.81s/it]
Loss: 0.6239950879130797, accuracy: 71.53443908691406
Validating

  0%|          | 0/3 [00:00<?, ?it/s]
 33%|███▎      | 1/3 [00:14<00:28, 14.26s/it]
 67%|██████▋   | 2/3 [00:28<00:14, 14.27s/it]
100%|██████████| 3/3 [00:34<00:00, 10.37s/it]
100%|██████████| 3/3 [00:34<00:00, 11.42s/it]
Loss: 0.6270218326592281, accuracy: 70.89947509765625


Epoch: 23/50
Training

  0%|          | 0/7 [00:00<?, ?it/s]
 14%|█▍        | 1/7 [00:14<01:26, 14.40s/it]
 29%|██▊       | 2/7 [00:28<01:11, 14.39s/it]
 43%|████▎     | 3/7 [00:43<00:57, 14.38s/it]
 57%|█████▋    | 4/7 [00:57<00:43, 14.40s/it]
 71%|███████▏  | 5/7 [01:11<00:28, 14.39s/it]
 86%|████████▌ | 6/7 [01:26<00:14, 14.39s/it]
100%|██████████| 7/7 [01:36<00:00, 13.07s/it]
100%|██████████| 7/7 [01:36<00:00, 13.81s/it]
Loss: 0.6207648036231207, accuracy: 71.56349182128906
Validating

  0%|          | 0/3 [00:00<?, ?it/s]
 33%|███▎      | 1/3 [00:14<00:28, 14.21s/it]
 67%|██████▋   | 2/3 [00:28<00:14, 14.18s/it]
100%|██████████| 3/3 [00:34<00:00, 10.31s/it]
100%|██████████| 3/3 [00:34<00:00, 11.36s/it]
Loss: 0.6247237732510379, accuracy: 70.98087310791016


Epoch: 24/50
Training

  0%|          | 0/7 [00:00<?, ?it/s]
 14%|█▍        | 1/7 [00:14<01:26, 14.34s/it]
 29%|██▊       | 2/7 [00:28<01:11, 14.31s/it]
 43%|████▎     | 3/7 [00:42<00:57, 14.31s/it]
 57%|█████▋    | 4/7 [00:57<00:42, 14.31s/it]
 71%|███████▏  | 5/7 [01:11<00:28, 14.31s/it]
 86%|████████▌ | 6/7 [01:25<00:14, 14.31s/it]
100%|██████████| 7/7 [01:36<00:00, 13.01s/it]
100%|██████████| 7/7 [01:36<00:00, 13.75s/it]
Loss: 0.6187648780641775, accuracy: 72.01394653320312
Validating

  0%|          | 0/3 [00:00<?, ?it/s]
 33%|███▎      | 1/3 [00:14<00:28, 14.23s/it]
 67%|██████▋   | 2/3 [00:28<00:14, 14.23s/it]
100%|██████████| 3/3 [00:34<00:00, 10.32s/it]
100%|██████████| 3/3 [00:34<00:00, 11.38s/it]
Loss: 0.6220542820527586, accuracy: 71.18437194824219


Epoch: 25/50
Training

  0%|          | 0/7 [00:00<?, ?it/s]
 14%|█▍        | 1/7 [00:14<01:26, 14.39s/it]
 29%|██▊       | 2/7 [00:28<01:11, 14.39s/it]
 43%|████▎     | 3/7 [00:43<00:57, 14.37s/it]
 57%|█████▋    | 4/7 [00:57<00:43, 14.37s/it]
 71%|███████▏  | 5/7 [01:11<00:28, 14.37s/it]
 86%|████████▌ | 6/7 [01:26<00:14, 14.37s/it]
100%|██████████| 7/7 [01:36<00:00, 13.06s/it]
100%|██████████| 7/7 [01:36<00:00, 13.80s/it]
Loss: 0.6158143057791309, accuracy: 72.14472198486328
Validating

  0%|          | 0/3 [00:00<?, ?it/s]
 33%|███▎      | 1/3 [00:14<00:28, 14.20s/it]
 67%|██████▋   | 2/3 [00:28<00:14, 14.21s/it]
100%|██████████| 3/3 [00:34<00:00, 10.31s/it]
100%|██████████| 3/3 [00:34<00:00, 11.36s/it]
Loss: 0.6195064209610842, accuracy: 71.46926879882812


Epoch: 26/50
Training

  0%|          | 0/7 [00:00<?, ?it/s]
 14%|█▍        | 1/7 [00:14<01:25, 14.32s/it]
 29%|██▊       | 2/7 [00:28<01:11, 14.34s/it]
 43%|████▎     | 3/7 [00:43<00:57, 14.33s/it]
 57%|█████▋    | 4/7 [00:57<00:42, 14.32s/it]
 71%|███████▏  | 5/7 [01:11<00:28, 14.32s/it]
 86%|████████▌ | 6/7 [01:25<00:14, 14.33s/it]
100%|██████████| 7/7 [01:36<00:00, 13.03s/it]
100%|██████████| 7/7 [01:36<00:00, 13.76s/it]
Loss: 0.6137616810532581, accuracy: 72.05754089355469
Validating

  0%|          | 0/3 [00:00<?, ?it/s]
 33%|███▎      | 1/3 [00:14<00:28, 14.24s/it]
 67%|██████▋   | 2/3 [00:28<00:14, 14.24s/it]
100%|██████████| 3/3 [00:34<00:00, 10.34s/it]
100%|██████████| 3/3 [00:34<00:00, 11.39s/it]
Loss: 0.6169518817232836, accuracy: 71.42857360839844


Epoch: 27/50
Training

  0%|          | 0/7 [00:00<?, ?it/s]
 14%|█▍        | 1/7 [00:14<01:25, 14.32s/it]
 29%|██▊       | 2/7 [00:28<01:11, 14.31s/it]
 43%|████▎     | 3/7 [00:42<00:57, 14.32s/it]
 57%|█████▋    | 4/7 [00:57<00:42, 14.29s/it]
 71%|███████▏  | 5/7 [01:11<00:28, 14.30s/it]
 86%|████████▌ | 6/7 [01:25<00:14, 14.33s/it]
100%|██████████| 7/7 [01:36<00:00, 13.03s/it]
100%|██████████| 7/7 [01:36<00:00, 13.75s/it]
Loss: 0.6112385307484953, accuracy: 72.26097106933594
Validating

  0%|          | 0/3 [00:00<?, ?it/s]
 33%|███▎      | 1/3 [00:14<00:28, 14.28s/it]
 67%|██████▋   | 2/3 [00:28<00:14, 14.24s/it]
100%|██████████| 3/3 [00:34<00:00, 10.36s/it]
100%|██████████| 3/3 [00:34<00:00, 11.41s/it]
Loss: 0.6146200074138416, accuracy: 71.55067443847656


Epoch: 28/50
Training

  0%|          | 0/7 [00:00<?, ?it/s]
 14%|█▍        | 1/7 [00:14<01:26, 14.42s/it]
 29%|██▊       | 2/7 [00:28<01:11, 14.39s/it]
 43%|████▎     | 3/7 [00:43<00:57, 14.37s/it]
 57%|█████▋    | 4/7 [00:57<00:43, 14.38s/it]
 71%|███████▏  | 5/7 [01:11<00:28, 14.38s/it]
 86%|████████▌ | 6/7 [01:26<00:14, 14.38s/it]
100%|██████████| 7/7 [01:36<00:00, 13.07s/it]
100%|██████████| 7/7 [01:36<00:00, 13.81s/it]
Loss: 0.60908145533506, accuracy: 72.50798797607422
Validating

  0%|          | 0/3 [00:00<?, ?it/s]
 33%|███▎      | 1/3 [00:14<00:28, 14.22s/it]
 67%|██████▋   | 2/3 [00:28<00:14, 14.20s/it]
100%|██████████| 3/3 [00:34<00:00, 10.33s/it]
100%|██████████| 3/3 [00:34<00:00, 11.38s/it]
Loss: 0.6128170521316559, accuracy: 71.59136962890625


Epoch: 29/50
Training

  0%|          | 0/7 [00:00<?, ?it/s]
 14%|█▍        | 1/7 [00:14<01:26, 14.37s/it]
 29%|██▊       | 2/7 [00:28<01:12, 14.40s/it]
 43%|████▎     | 3/7 [00:43<00:57, 14.39s/it]
 57%|█████▋    | 4/7 [00:57<00:43, 14.38s/it]
 71%|███████▏  | 5/7 [01:11<00:28, 14.38s/it]
 86%|████████▌ | 6/7 [01:26<00:14, 14.47s/it]
100%|██████████| 7/7 [01:37<00:00, 13.15s/it]
100%|██████████| 7/7 [01:37<00:00, 13.86s/it]
Loss: 0.6073932974049602, accuracy: 72.52252197265625
Validating

  0%|          | 0/3 [00:00<?, ?it/s]
 33%|███▎      | 1/3 [00:14<00:28, 14.19s/it]
 67%|██████▋   | 2/3 [00:28<00:14, 14.21s/it]
100%|██████████| 3/3 [00:34<00:00, 10.32s/it]
100%|██████████| 3/3 [00:34<00:00, 11.37s/it]
Loss: 0.6108280062966586, accuracy: 71.71347045898438


Epoch: 30/50
Training

  0%|          | 0/7 [00:00<?, ?it/s]
 14%|█▍        | 1/7 [00:14<01:25, 14.29s/it]
 29%|██▊       | 2/7 [00:28<01:11, 14.31s/it]
 43%|████▎     | 3/7 [00:42<00:57, 14.33s/it]
 57%|█████▋    | 4/7 [00:57<00:42, 14.33s/it]
 71%|███████▏  | 5/7 [01:11<00:28, 14.34s/it]
 86%|████████▌ | 6/7 [01:25<00:14, 14.32s/it]
100%|██████████| 7/7 [01:36<00:00, 13.00s/it]
100%|██████████| 7/7 [01:36<00:00, 13.75s/it]
Loss: 0.6049768540340258, accuracy: 72.58064270019531
Validating

  0%|          | 0/3 [00:00<?, ?it/s]
 33%|███▎      | 1/3 [00:14<00:28, 14.11s/it]
 67%|██████▋   | 2/3 [00:28<00:14, 14.13s/it]
100%|██████████| 3/3 [00:33<00:00, 10.27s/it]
100%|██████████| 3/3 [00:33<00:00, 11.31s/it]
Loss: 0.6089728890903412, accuracy: 71.79487609863281


Epoch: 31/50
Training

  0%|          | 0/7 [00:00<?, ?it/s]
 14%|█▍        | 1/7 [00:14<01:25, 14.28s/it]
 29%|██▊       | 2/7 [00:28<01:11, 14.33s/it]
 43%|████▎     | 3/7 [00:42<00:57, 14.34s/it]
 57%|█████▋    | 4/7 [00:57<00:42, 14.33s/it]
 71%|███████▏  | 5/7 [01:11<00:28, 14.33s/it]
 86%|████████▌ | 6/7 [01:25<00:14, 14.32s/it]
100%|██████████| 7/7 [01:36<00:00, 13.01s/it]
100%|██████████| 7/7 [01:36<00:00, 13.75s/it]
Loss: 0.6031222592014035, accuracy: 72.740478515625
Validating

  0%|          | 0/3 [00:00<?, ?it/s]
 33%|███▎      | 1/3 [00:14<00:28, 14.22s/it]
 67%|██████▋   | 2/3 [00:28<00:14, 14.25s/it]
100%|██████████| 3/3 [00:34<00:00, 10.34s/it]
100%|██████████| 3/3 [00:34<00:00, 11.39s/it]
Loss: 0.6073326686071971, accuracy: 71.8355712890625


Epoch: 32/50
Training

  0%|          | 0/7 [00:00<?, ?it/s]
 14%|█▍        | 1/7 [00:14<01:25, 14.31s/it]
 29%|██▊       | 2/7 [00:28<01:11, 14.35s/it]
 43%|████▎     | 3/7 [00:42<00:57, 14.33s/it]
 57%|█████▋    | 4/7 [00:57<00:42, 14.31s/it]
 71%|███████▏  | 5/7 [01:11<00:28, 14.31s/it]
 86%|████████▌ | 6/7 [01:25<00:14, 14.29s/it]
100%|██████████| 7/7 [01:36<00:00, 12.99s/it]
100%|██████████| 7/7 [01:36<00:00, 13.73s/it]
Loss: 0.6013446933341144, accuracy: 72.740478515625
Validating

  0%|          | 0/3 [00:00<?, ?it/s]
 33%|███▎      | 1/3 [00:14<00:28, 14.21s/it]
 67%|██████▋   | 2/3 [00:28<00:14, 14.22s/it]
100%|██████████| 3/3 [00:34<00:00, 10.33s/it]
100%|██████████| 3/3 [00:34<00:00, 11.38s/it]
Loss: 0.6055330240391695, accuracy: 71.99837493896484


Epoch: 33/50
Training

  0%|          | 0/7 [00:00<?, ?it/s]
 14%|█▍        | 1/7 [00:14<01:26, 14.34s/it]
 29%|██▊       | 2/7 [00:28<01:11, 14.31s/it]
 43%|████▎     | 3/7 [00:42<00:57, 14.33s/it]
 57%|█████▋    | 4/7 [00:57<00:42, 14.32s/it]
 71%|███████▏  | 5/7 [01:11<00:28, 14.28s/it]
 86%|████████▌ | 6/7 [01:25<00:14, 14.28s/it]
100%|██████████| 7/7 [01:36<00:00, 12.98s/it]
100%|██████████| 7/7 [01:36<00:00, 13.73s/it]
Loss: 0.5994570439238078, accuracy: 72.87125396728516
Validating

  0%|          | 0/3 [00:00<?, ?it/s]
 33%|███▎      | 1/3 [00:14<00:28, 14.16s/it]
 67%|██████▋   | 2/3 [00:28<00:14, 14.16s/it]
100%|██████████| 3/3 [00:33<00:00, 10.28s/it]
100%|██████████| 3/3 [00:33<00:00, 11.32s/it]
Loss: 0.6037587828640051, accuracy: 72.20187377929688


Epoch: 34/50
Training

  0%|          | 0/7 [00:00<?, ?it/s]
 14%|█▍        | 1/7 [00:14<01:25, 14.30s/it]
 29%|██▊       | 2/7 [00:28<01:11, 14.32s/it]
 43%|████▎     | 3/7 [00:42<00:57, 14.32s/it]
 57%|█████▋    | 4/7 [00:57<00:42, 14.32s/it]
 71%|███████▏  | 5/7 [01:11<00:28, 14.32s/it]
 86%|████████▌ | 6/7 [01:25<00:14, 14.34s/it]
100%|██████████| 7/7 [01:36<00:00, 13.03s/it]
100%|██████████| 7/7 [01:36<00:00, 13.76s/it]
Loss: 0.5982498519990861, accuracy: 72.97296905517578
Validating

  0%|          | 0/3 [00:00<?, ?it/s]
 33%|███▎      | 1/3 [00:14<00:28, 14.19s/it]
 67%|██████▋   | 2/3 [00:28<00:14, 14.24s/it]
100%|██████████| 3/3 [00:34<00:00, 10.34s/it]
100%|██████████| 3/3 [00:34<00:00, 11.39s/it]
Loss: 0.6017526925022543, accuracy: 72.16117095947266


Epoch: 35/50
Training

  0%|          | 0/7 [00:00<?, ?it/s]
 14%|█▍        | 1/7 [00:14<01:25, 14.33s/it]
 29%|██▊       | 2/7 [00:28<01:11, 14.33s/it]
 43%|████▎     | 3/7 [00:43<00:57, 14.34s/it]
 57%|█████▋    | 4/7 [00:57<00:42, 14.31s/it]
 71%|███████▏  | 5/7 [01:11<00:28, 14.33s/it]
 86%|████████▌ | 6/7 [01:26<00:14, 14.37s/it]
100%|██████████| 7/7 [01:36<00:00, 13.08s/it]
100%|██████████| 7/7 [01:36<00:00, 13.79s/it]
Loss: 0.5960323106095875, accuracy: 73.03108978271484
Validating

  0%|          | 0/3 [00:00<?, ?it/s]
 33%|███▎      | 1/3 [00:14<00:28, 14.33s/it]
 67%|██████▋   | 2/3 [00:28<00:14, 14.33s/it]
100%|██████████| 3/3 [00:34<00:00, 10.41s/it]
100%|██████████| 3/3 [00:34<00:00, 11.47s/it]
Loss: 0.5999964192285254, accuracy: 72.323974609375


Epoch: 36/50
Training

  0%|          | 0/7 [00:00<?, ?it/s]
 14%|█▍        | 1/7 [00:14<01:26, 14.37s/it]
 29%|██▊       | 2/7 [00:28<01:12, 14.42s/it]
 43%|████▎     | 3/7 [00:43<00:57, 14.44s/it]
 57%|█████▋    | 4/7 [00:57<00:43, 14.44s/it]
 71%|███████▏  | 5/7 [01:12<00:28, 14.45s/it]
 86%|████████▌ | 6/7 [01:26<00:14, 14.44s/it]
100%|██████████| 7/7 [01:36<00:00, 13.11s/it]
100%|██████████| 7/7 [01:36<00:00, 13.86s/it]
Loss: 0.5949837921040587, accuracy: 72.90032196044922
Validating

  0%|          | 0/3 [00:00<?, ?it/s]
 33%|███▎      | 1/3 [00:14<00:28, 14.25s/it]
 67%|██████▋   | 2/3 [00:28<00:14, 14.26s/it]
100%|██████████| 3/3 [00:34<00:00, 10.34s/it]
100%|██████████| 3/3 [00:34<00:00, 11.40s/it]
Loss: 0.5986876354549394, accuracy: 72.44607543945312


Epoch: 37/50
Training

  0%|          | 0/7 [00:00<?, ?it/s]
 14%|█▍        | 1/7 [00:14<01:26, 14.41s/it]
 29%|██▊       | 2/7 [00:28<01:12, 14.41s/it]
 43%|████▎     | 3/7 [00:43<00:57, 14.36s/it]
 57%|█████▋    | 4/7 [00:57<00:42, 14.33s/it]
 71%|███████▏  | 5/7 [01:11<00:28, 14.30s/it]
 86%|████████▌ | 6/7 [01:25<00:14, 14.29s/it]
100%|██████████| 7/7 [01:36<00:00, 13.00s/it]
100%|██████████| 7/7 [01:36<00:00, 13.75s/it]
Loss: 0.5933262598407161, accuracy: 73.11827850341797
Validating

  0%|          | 0/3 [00:00<?, ?it/s]
 33%|███▎      | 1/3 [00:14<00:28, 14.24s/it]
 67%|██████▋   | 2/3 [00:28<00:14, 14.21s/it]
100%|██████████| 3/3 [00:34<00:00, 10.31s/it]
100%|██████████| 3/3 [00:34<00:00, 11.37s/it]
Loss: 0.597166115086788, accuracy: 72.60887908935547


Epoch: 38/50
Training

  0%|          | 0/7 [00:00<?, ?it/s]
 14%|█▍        | 1/7 [00:14<01:26, 14.42s/it]
 29%|██▊       | 2/7 [00:28<01:12, 14.40s/it]
 43%|████▎     | 3/7 [00:43<00:57, 14.41s/it]
 57%|█████▋    | 4/7 [00:57<00:43, 14.37s/it]
 71%|███████▏  | 5/7 [01:11<00:28, 14.36s/it]
 86%|████████▌ | 6/7 [01:26<00:14, 14.36s/it]
100%|██████████| 7/7 [01:36<00:00, 13.06s/it]
100%|██████████| 7/7 [01:36<00:00, 13.81s/it]
Loss: 0.5919700379948116, accuracy: 73.2345199584961
Validating

  0%|          | 0/3 [00:00<?, ?it/s]
 33%|███▎      | 1/3 [00:14<00:28, 14.23s/it]
 67%|██████▋   | 2/3 [00:28<00:14, 14.31s/it]
100%|██████████| 3/3 [00:34<00:00, 10.40s/it]
100%|██████████| 3/3 [00:34<00:00, 11.45s/it]
Loss: 0.5959176161107756, accuracy: 72.4053726196289


Epoch: 39/50
Training

  0%|          | 0/7 [00:00<?, ?it/s]
 14%|█▍        | 1/7 [00:14<01:26, 14.39s/it]
 29%|██▊       | 2/7 [00:28<01:11, 14.34s/it]
 43%|████▎     | 3/7 [00:43<00:57, 14.35s/it]
 57%|█████▋    | 4/7 [00:57<00:43, 14.35s/it]
 71%|███████▏  | 5/7 [01:11<00:28, 14.34s/it]
 86%|████████▌ | 6/7 [01:26<00:14, 14.35s/it]
100%|██████████| 7/7 [01:36<00:00, 13.03s/it]
100%|██████████| 7/7 [01:36<00:00, 13.77s/it]
Loss: 0.5902604854442948, accuracy: 73.27811431884766
Validating

  0%|          | 0/3 [00:00<?, ?it/s]
 33%|███▎      | 1/3 [00:14<00:28, 14.17s/it]
 67%|██████▋   | 2/3 [00:28<00:14, 14.13s/it]
100%|██████████| 3/3 [00:33<00:00, 10.28s/it]
100%|██████████| 3/3 [00:33<00:00, 11.32s/it]
Loss: 0.5946176142337413, accuracy: 72.69026947021484


Epoch: 40/50
Training

  0%|          | 0/7 [00:00<?, ?it/s]
 14%|█▍        | 1/7 [00:14<01:25, 14.28s/it]
 29%|██▊       | 2/7 [00:28<01:11, 14.28s/it]
 43%|████▎     | 3/7 [00:42<00:57, 14.28s/it]
 57%|█████▋    | 4/7 [00:57<00:42, 14.29s/it]
 71%|███████▏  | 5/7 [01:11<00:28, 14.30s/it]
 86%|████████▌ | 6/7 [01:25<00:14, 14.30s/it]
100%|██████████| 7/7 [01:36<00:00, 13.00s/it]
100%|██████████| 7/7 [01:36<00:00, 13.73s/it]
Loss: 0.5895609116180107, accuracy: 73.36530303955078
Validating

  0%|          | 0/3 [00:00<?, ?it/s]
 33%|███▎      | 1/3 [00:14<00:28, 14.19s/it]
 67%|██████▋   | 2/3 [00:28<00:14, 14.18s/it]
100%|██████████| 3/3 [00:34<00:00, 10.30s/it]
100%|██████████| 3/3 [00:34<00:00, 11.35s/it]
Loss: 0.5933460456644756, accuracy: 72.69026947021484


Epoch: 41/50
Training

  0%|          | 0/7 [00:00<?, ?it/s]
 14%|█▍        | 1/7 [00:14<01:25, 14.28s/it]
 29%|██▊       | 2/7 [00:28<01:11, 14.36s/it]
 43%|████▎     | 3/7 [00:43<00:57, 14.35s/it]
 57%|█████▋    | 4/7 [00:57<00:43, 14.33s/it]
 71%|███████▏  | 5/7 [01:11<00:28, 14.32s/it]
 86%|████████▌ | 6/7 [01:25<00:14, 14.30s/it]
100%|██████████| 7/7 [01:36<00:00, 12.99s/it]
100%|██████████| 7/7 [01:36<00:00, 13.74s/it]
Loss: 0.5877162225715507, accuracy: 73.30717468261719
Validating

  0%|          | 0/3 [00:00<?, ?it/s]
 33%|███▎      | 1/3 [00:14<00:28, 14.15s/it]
 67%|██████▋   | 2/3 [00:28<00:14, 14.16s/it]
100%|██████████| 3/3 [00:34<00:00, 10.30s/it]
100%|██████████| 3/3 [00:34<00:00, 11.34s/it]
Loss: 0.5919698778089586, accuracy: 72.69026947021484


Epoch: 42/50
Training

  0%|          | 0/7 [00:00<?, ?it/s]
 14%|█▍        | 1/7 [00:14<01:25, 14.27s/it]
 29%|██▊       | 2/7 [00:28<01:11, 14.27s/it]
 43%|████▎     | 3/7 [00:42<00:57, 14.27s/it]
 57%|█████▋    | 4/7 [00:57<00:42, 14.27s/it]
 71%|███████▏  | 5/7 [01:11<00:28, 14.27s/it]
 86%|████████▌ | 6/7 [01:25<00:14, 14.27s/it]
100%|██████████| 7/7 [01:35<00:00, 12.97s/it]
100%|██████████| 7/7 [01:35<00:00, 13.70s/it]
Loss: 0.5861983653314929, accuracy: 73.36530303955078
Validating

  0%|          | 0/3 [00:00<?, ?it/s]
 33%|███▎      | 1/3 [00:14<00:28, 14.16s/it]
 67%|██████▋   | 2/3 [00:28<00:14, 14.17s/it]
100%|██████████| 3/3 [00:34<00:00, 10.30s/it]
100%|██████████| 3/3 [00:34<00:00, 11.34s/it]
Loss: 0.5906474553912842, accuracy: 72.7309799194336


Epoch: 43/50
Training

  0%|          | 0/7 [00:00<?, ?it/s]
 14%|█▍        | 1/7 [00:14<01:25, 14.23s/it]
 29%|██▊       | 2/7 [00:28<01:11, 14.23s/it]
 43%|████▎     | 3/7 [00:42<00:56, 14.25s/it]
 57%|█████▋    | 4/7 [00:57<00:42, 14.27s/it]
 71%|███████▏  | 5/7 [01:11<00:28, 14.26s/it]
 86%|████████▌ | 6/7 [01:25<00:14, 14.28s/it]
100%|██████████| 7/7 [01:35<00:00, 12.97s/it]
100%|██████████| 7/7 [01:35<00:00, 13.69s/it]
Loss: 0.5853592289010303, accuracy: 73.39435577392578
Validating

  0%|          | 0/3 [00:00<?, ?it/s]
 33%|███▎      | 1/3 [00:14<00:28, 14.23s/it]
 67%|██████▋   | 2/3 [00:28<00:14, 14.23s/it]
100%|██████████| 3/3 [00:34<00:00, 10.35s/it]
100%|██████████| 3/3 [00:34<00:00, 11.39s/it]
Loss: 0.5893586314350403, accuracy: 72.8937759399414


Epoch: 44/50
Training

  0%|          | 0/7 [00:00<?, ?it/s]
 14%|█▍        | 1/7 [00:14<01:25, 14.24s/it]
 29%|██▊       | 2/7 [00:28<01:11, 14.26s/it]
 43%|████▎     | 3/7 [00:42<00:57, 14.27s/it]
 57%|█████▋    | 4/7 [00:57<00:42, 14.31s/it]
 71%|███████▏  | 5/7 [01:11<00:28, 14.30s/it]
 86%|████████▌ | 6/7 [01:25<00:14, 14.32s/it]
100%|██████████| 7/7 [01:36<00:00, 13.02s/it]
100%|██████████| 7/7 [01:36<00:00, 13.74s/it]
Loss: 0.5838686796822752, accuracy: 73.53966522216797
Validating

  0%|          | 0/3 [00:00<?, ?it/s]
 33%|███▎      | 1/3 [00:14<00:28, 14.20s/it]
 67%|██████▋   | 2/3 [00:28<00:14, 14.20s/it]
100%|██████████| 3/3 [00:34<00:00, 10.32s/it]
100%|██████████| 3/3 [00:34<00:00, 11.37s/it]
Loss: 0.5882063875316749, accuracy: 72.8937759399414


Epoch: 45/50
Training

  0%|          | 0/7 [00:00<?, ?it/s]
 14%|█▍        | 1/7 [00:14<01:25, 14.31s/it]
 29%|██▊       | 2/7 [00:28<01:11, 14.34s/it]
 43%|████▎     | 3/7 [00:43<00:57, 14.37s/it]
 57%|█████▋    | 4/7 [00:57<00:43, 14.36s/it]
 71%|███████▏  | 5/7 [01:11<00:28, 14.35s/it]
 86%|████████▌ | 6/7 [01:26<00:14, 14.36s/it]
100%|██████████| 7/7 [01:36<00:00, 13.05s/it]
100%|██████████| 7/7 [01:36<00:00, 13.78s/it]
Loss: 0.5828170171659791, accuracy: 73.45248413085938
Validating

  0%|          | 0/3 [00:00<?, ?it/s]
 33%|███▎      | 1/3 [00:14<00:28, 14.21s/it]
 67%|██████▋   | 2/3 [00:28<00:14, 14.20s/it]
100%|██████████| 3/3 [00:34<00:00, 10.32s/it]
100%|██████████| 3/3 [00:34<00:00, 11.37s/it]
Loss: 0.5872565682311829, accuracy: 72.9344711303711


Epoch: 46/50
Training

  0%|          | 0/7 [00:00<?, ?it/s]
 14%|█▍        | 1/7 [00:14<01:25, 14.29s/it]
 29%|██▊       | 2/7 [00:28<01:11, 14.36s/it]
 43%|████▎     | 3/7 [00:42<00:57, 14.33s/it]
 57%|█████▋    | 4/7 [00:57<00:42, 14.33s/it]
 71%|███████▏  | 5/7 [01:11<00:28, 14.35s/it]
 86%|████████▌ | 6/7 [01:26<00:14, 14.34s/it]
100%|██████████| 7/7 [01:36<00:00, 13.05s/it]
100%|██████████| 7/7 [01:36<00:00, 13.77s/it]
Loss: 0.5820696298655504, accuracy: 73.45248413085938
Validating

  0%|          | 0/3 [00:00<?, ?it/s]
 33%|███▎      | 1/3 [00:14<00:28, 14.26s/it]
 67%|██████▋   | 2/3 [00:28<00:14, 14.28s/it]
100%|██████████| 3/3 [00:34<00:00, 10.37s/it]
100%|██████████| 3/3 [00:34<00:00, 11.42s/it]
Loss: 0.5868377421365116, accuracy: 72.97517395019531


Epoch: 47/50
Training

  0%|          | 0/7 [00:00<?, ?it/s]
 14%|█▍        | 1/7 [00:14<01:26, 14.34s/it]
 29%|██▊       | 2/7 [00:28<01:11, 14.37s/it]
 43%|████▎     | 3/7 [00:43<00:57, 14.37s/it]
 57%|█████▋    | 4/7 [00:57<00:43, 14.37s/it]
 71%|███████▏  | 5/7 [01:11<00:28, 14.37s/it]
 86%|████████▌ | 6/7 [01:26<00:14, 14.36s/it]
100%|██████████| 7/7 [01:36<00:00, 13.05s/it]
100%|██████████| 7/7 [01:36<00:00, 13.79s/it]
Loss: 0.5818833474744305, accuracy: 73.4815444946289
Validating

  0%|          | 0/3 [00:00<?, ?it/s]
 33%|███▎      | 1/3 [00:14<00:28, 14.24s/it]
 67%|██████▋   | 2/3 [00:28<00:14, 14.26s/it]
100%|██████████| 3/3 [00:34<00:00, 10.35s/it]
100%|██████████| 3/3 [00:34<00:00, 11.41s/it]
Loss: 0.5853483531113122, accuracy: 73.09727478027344


Epoch: 48/50
Training

  0%|          | 0/7 [00:00<?, ?it/s]
 14%|█▍        | 1/7 [00:14<01:25, 14.25s/it]
 29%|██▊       | 2/7 [00:28<01:11, 14.25s/it]
 43%|████▎     | 3/7 [00:42<00:56, 14.24s/it]
 57%|█████▋    | 4/7 [00:56<00:42, 14.23s/it]
 71%|███████▏  | 5/7 [01:11<00:28, 14.23s/it]
 86%|████████▌ | 6/7 [01:25<00:14, 14.24s/it]
100%|██████████| 7/7 [01:35<00:00, 12.93s/it]
100%|██████████| 7/7 [01:35<00:00, 13.67s/it]
Loss: 0.5799898406302849, accuracy: 73.74309539794922
Validating

  0%|          | 0/3 [00:00<?, ?it/s]
 33%|███▎      | 1/3 [00:14<00:28, 14.11s/it]
 67%|██████▋   | 2/3 [00:28<00:14, 14.12s/it]
100%|██████████| 3/3 [00:33<00:00, 10.24s/it]
100%|██████████| 3/3 [00:33<00:00, 11.29s/it]
Loss: 0.5840466673848684, accuracy: 73.05657958984375


Epoch: 49/50
Training

  0%|          | 0/7 [00:00<?, ?it/s]
 14%|█▍        | 1/7 [00:14<01:25, 14.22s/it]
 29%|██▊       | 2/7 [00:28<01:11, 14.24s/it]
 43%|████▎     | 3/7 [00:42<00:56, 14.25s/it]
 57%|█████▋    | 4/7 [00:56<00:42, 14.25s/it]
 71%|███████▏  | 5/7 [01:11<00:28, 14.25s/it]
 86%|████████▌ | 6/7 [01:25<00:14, 14.25s/it]
100%|██████████| 7/7 [01:35<00:00, 12.93s/it]
100%|██████████| 7/7 [01:35<00:00, 13.67s/it]
Loss: 0.5792362285505648, accuracy: 73.53966522216797
Validating

  0%|          | 0/3 [00:00<?, ?it/s]
 33%|███▎      | 1/3 [00:14<00:28, 14.13s/it]
 67%|██████▋   | 2/3 [00:28<00:14, 14.14s/it]
100%|██████████| 3/3 [00:33<00:00, 10.26s/it]
100%|██████████| 3/3 [00:33<00:00, 11.30s/it]
Loss: 0.5829653929150294, accuracy: 73.05657958984375


Epoch: 50/50
Training

  0%|          | 0/7 [00:00<?, ?it/s]
 14%|█▍        | 1/7 [00:14<01:25, 14.28s/it]
 29%|██▊       | 2/7 [00:28<01:11, 14.23s/it]
 43%|████▎     | 3/7 [00:42<00:56, 14.22s/it]
 57%|█████▋    | 4/7 [00:56<00:42, 14.22s/it]
 71%|███████▏  | 5/7 [01:11<00:28, 14.21s/it]
 86%|████████▌ | 6/7 [01:25<00:14, 14.22s/it]
100%|██████████| 7/7 [01:35<00:00, 12.91s/it]
100%|██████████| 7/7 [01:35<00:00, 13.65s/it]
Loss: 0.5777782561196314, accuracy: 73.77215576171875
Validating

  0%|          | 0/3 [00:00<?, ?it/s]
 33%|███▎      | 1/3 [00:14<00:28, 14.09s/it]
 67%|██████▋   | 2/3 [00:28<00:14, 14.12s/it]
100%|██████████| 3/3 [00:33<00:00, 10.24s/it]
100%|██████████| 3/3 [00:33<00:00, 11.28s/it]
Loss: 0.5819690777220083, accuracy: 73.21937561035156


Training Time: 1.0h 48.0m 32.734309911727905s
Best validation accuracy: 73.21937561035156

  0%|          | 0/1 [00:00<?, ?it/s]
100%|██████████| 1/1 [00:06<00:00,  6.86s/it]
100%|██████████| 1/1 [00:06<00:00,  6.86s/it]

Evaluated on test set
accuracy: 73.931%, f1-score: 0.73554

Epoch: 1/50
Training

  0%|          | 0/7 [00:00<?, ?it/s]
 14%|█▍        | 1/7 [00:13<01:19, 13.30s/it]
 29%|██▊       | 2/7 [00:26<01:06, 13.30s/it]
 43%|████▎     | 3/7 [00:39<00:53, 13.33s/it]
 57%|█████▋    | 4/7 [00:53<00:40, 13.42s/it]
 71%|███████▏  | 5/7 [01:07<00:26, 13.49s/it]
 86%|████████▌ | 6/7 [01:20<00:13, 13.58s/it]
100%|██████████| 7/7 [01:30<00:00, 12.43s/it]
100%|██████████| 7/7 [01:30<00:00, 12.99s/it]
Loss: 0.7114017630551867, accuracy: 50.65388107299805
Validating

  0%|          | 0/3 [00:00<?, ?it/s]
 33%|███▎      | 1/3 [00:13<00:27, 13.84s/it]
 67%|██████▋   | 2/3 [00:27<00:13, 13.89s/it]
100%|██████████| 3/3 [00:33<00:00, 10.08s/it]
100%|██████████| 3/3 [00:33<00:00, 11.11s/it]
Loss: 0.7027666270368993, accuracy: 45.42124557495117


Epoch: 2/50
Training

  0%|          | 0/7 [00:00<?, ?it/s]
 14%|█▍        | 1/7 [00:13<01:23, 13.98s/it]
 29%|██▊       | 2/7 [00:28<01:10, 14.08s/it]
 43%|████▎     | 3/7 [00:42<00:56, 14.06s/it]
 57%|█████▋    | 4/7 [00:56<00:42, 14.04s/it]
 71%|███████▏  | 5/7 [01:10<00:28, 14.07s/it]
 86%|████████▌ | 6/7 [01:24<00:14, 14.10s/it]
100%|██████████| 7/7 [01:34<00:00, 12.83s/it]
100%|██████████| 7/7 [01:34<00:00, 13.53s/it]
Loss: 0.678690163904205, accuracy: 59.77913284301758
Validating

  0%|          | 0/3 [00:00<?, ?it/s]
 33%|███▎      | 1/3 [00:14<00:28, 14.08s/it]
 67%|██████▋   | 2/3 [00:28<00:14, 14.09s/it]
100%|██████████| 3/3 [00:33<00:00, 10.24s/it]
100%|██████████| 3/3 [00:33<00:00, 11.28s/it]
Loss: 0.6960563637592174, accuracy: 51.200653076171875


Epoch: 3/50
Training

  0%|          | 0/7 [00:00<?, ?it/s]
 14%|█▍        | 1/7 [00:14<01:25, 14.26s/it]
 29%|██▊       | 2/7 [00:28<01:11, 14.33s/it]
 43%|████▎     | 3/7 [00:43<00:57, 14.38s/it]
 57%|█████▋    | 4/7 [00:57<00:43, 14.38s/it]
 71%|███████▏  | 5/7 [01:11<00:28, 14.38s/it]
 86%|████████▌ | 6/7 [01:26<00:14, 14.36s/it]
100%|██████████| 7/7 [01:36<00:00, 13.04s/it]
100%|██████████| 7/7 [01:36<00:00, 13.79s/it]
Loss: 0.6548902532867968, accuracy: 67.55303955078125
Validating

  0%|          | 0/3 [00:00<?, ?it/s]
 33%|███▎      | 1/3 [00:14<00:28, 14.22s/it]
 67%|██████▋   | 2/3 [00:28<00:14, 14.25s/it]
100%|██████████| 3/3 [00:34<00:00, 10.35s/it]
100%|██████████| 3/3 [00:34<00:00, 11.40s/it]
Loss: 0.6738621429500417, accuracy: 62.51526641845703


Epoch: 4/50
Training

  0%|          | 0/7 [00:00<?, ?it/s]
 14%|█▍        | 1/7 [00:14<01:26, 14.37s/it]
 29%|██▊       | 2/7 [00:28<01:11, 14.39s/it]
 43%|████▎     | 3/7 [00:43<00:57, 14.41s/it]
 57%|█████▋    | 4/7 [00:57<00:43, 14.42s/it]
 71%|███████▏  | 5/7 [01:12<00:28, 14.43s/it]
 86%|████████▌ | 6/7 [01:26<00:14, 14.44s/it]
100%|██████████| 7/7 [01:36<00:00, 13.13s/it]
100%|██████████| 7/7 [01:36<00:00, 13.85s/it]
Loss: 0.6340494865388657, accuracy: 71.47631072998047
Validating

  0%|          | 0/3 [00:00<?, ?it/s]
 33%|███▎      | 1/3 [00:14<00:28, 14.34s/it]
 67%|██████▋   | 2/3 [00:28<00:14, 14.35s/it]
100%|██████████| 3/3 [00:34<00:00, 10.42s/it]
100%|██████████| 3/3 [00:34<00:00, 11.48s/it]
Loss: 0.6473226257829973, accuracy: 66.7480697631836


Epoch: 5/50
Training

  0%|          | 0/7 [00:00<?, ?it/s]
 14%|█▍        | 1/7 [00:14<01:25, 14.26s/it]
 29%|██▊       | 2/7 [00:28<01:11, 14.23s/it]
 43%|████▎     | 3/7 [00:42<00:56, 14.21s/it]
 57%|█████▋    | 4/7 [00:56<00:42, 14.20s/it]
 71%|███████▏  | 5/7 [01:11<00:28, 14.19s/it]
 86%|████████▌ | 6/7 [01:25<00:14, 14.19s/it]
100%|██████████| 7/7 [01:35<00:00, 12.89s/it]
100%|██████████| 7/7 [01:35<00:00, 13.63s/it]
Loss: 0.6177353780133126, accuracy: 72.11566162109375
Validating

  0%|          | 0/3 [00:00<?, ?it/s]
 33%|███▎      | 1/3 [00:14<00:28, 14.08s/it]
 67%|██████▋   | 2/3 [00:28<00:14, 14.08s/it]
100%|██████████| 3/3 [00:33<00:00, 10.22s/it]
100%|██████████| 3/3 [00:33<00:00, 11.26s/it]
Loss: 0.6263373845905418, accuracy: 70.94017028808594


Epoch: 6/50
Training

  0%|          | 0/7 [00:00<?, ?it/s]
 14%|█▍        | 1/7 [00:14<01:24, 14.15s/it]
 29%|██▊       | 2/7 [00:28<01:10, 14.17s/it]
 43%|████▎     | 3/7 [00:42<00:56, 14.17s/it]
 57%|█████▋    | 4/7 [00:56<00:42, 14.17s/it]
 71%|███████▏  | 5/7 [01:10<00:28, 14.19s/it]
 86%|████████▌ | 6/7 [01:25<00:14, 14.20s/it]
100%|██████████| 7/7 [01:35<00:00, 12.90s/it]
100%|██████████| 7/7 [01:35<00:00, 13.62s/it]
Loss: 0.6050551105155324, accuracy: 72.84219360351562
Validating

  0%|          | 0/3 [00:00<?, ?it/s]
 33%|███▎      | 1/3 [00:14<00:28, 14.10s/it]
 67%|██████▋   | 2/3 [00:28<00:14, 14.11s/it]
100%|██████████| 3/3 [00:33<00:00, 10.25s/it]
100%|██████████| 3/3 [00:33<00:00, 11.29s/it]
Loss: 0.6110529462933104, accuracy: 71.95767211914062


Epoch: 7/50
Training

  0%|          | 0/7 [00:00<?, ?it/s]
 14%|█▍        | 1/7 [00:14<01:25, 14.21s/it]
 29%|██▊       | 2/7 [00:28<01:11, 14.20s/it]
 43%|████▎     | 3/7 [00:42<00:56, 14.20s/it]
 57%|█████▋    | 4/7 [00:56<00:42, 14.21s/it]
 71%|███████▏  | 5/7 [01:10<00:28, 14.18s/it]
 86%|████████▌ | 6/7 [01:25<00:14, 14.17s/it]
100%|██████████| 7/7 [01:35<00:00, 12.85s/it]
100%|██████████| 7/7 [01:35<00:00, 13.61s/it]
Loss: 0.5949616694616668, accuracy: 72.94390869140625
Validating

  0%|          | 0/3 [00:00<?, ?it/s]
 33%|███▎      | 1/3 [00:14<00:28, 14.03s/it]
 67%|██████▋   | 2/3 [00:28<00:14, 14.05s/it]
100%|██████████| 3/3 [00:33<00:00, 10.19s/it]
100%|██████████| 3/3 [00:33<00:00, 11.23s/it]
Loss: 0.5987516491938084, accuracy: 71.8355712890625


Epoch: 8/50
Training

  0%|          | 0/7 [00:00<?, ?it/s]
 14%|█▍        | 1/7 [00:14<01:24, 14.13s/it]
 29%|██▊       | 2/7 [00:28<01:10, 14.14s/it]
 43%|████▎     | 3/7 [00:42<00:56, 14.18s/it]
 57%|█████▋    | 4/7 [00:56<00:42, 14.20s/it]
 71%|███████▏  | 5/7 [01:10<00:28, 14.21s/it]
 86%|████████▌ | 6/7 [01:25<00:14, 14.22s/it]
100%|██████████| 7/7 [01:35<00:00, 12.92s/it]
100%|██████████| 7/7 [01:35<00:00, 13.64s/it]
Loss: 0.586543208324296, accuracy: 73.17639923095703
Validating

  0%|          | 0/3 [00:00<?, ?it/s]
 33%|███▎      | 1/3 [00:14<00:28, 14.12s/it]
 67%|██████▋   | 2/3 [00:28<00:14, 14.16s/it]
100%|██████████| 3/3 [00:33<00:00, 10.28s/it]
100%|██████████| 3/3 [00:33<00:00, 11.33s/it]
Loss: 0.590308019359955, accuracy: 71.99837493896484


Epoch: 9/50
Training

  0%|          | 0/7 [00:00<?, ?it/s]
 14%|█▍        | 1/7 [00:14<01:25, 14.20s/it]
 29%|██▊       | 2/7 [00:28<01:10, 14.18s/it]
 43%|████▎     | 3/7 [00:42<00:56, 14.19s/it]
 57%|█████▋    | 4/7 [00:56<00:42, 14.20s/it]
 71%|███████▏  | 5/7 [01:10<00:28, 14.20s/it]
 86%|████████▌ | 6/7 [01:25<00:14, 14.21s/it]
100%|██████████| 7/7 [01:35<00:00, 12.91s/it]
100%|██████████| 7/7 [01:35<00:00, 13.64s/it]
Loss: 0.5800562162830261, accuracy: 73.36530303955078
Validating

  0%|          | 0/3 [00:00<?, ?it/s]
 33%|███▎      | 1/3 [00:14<00:28, 14.05s/it]
 67%|██████▋   | 2/3 [00:28<00:14, 14.08s/it]
100%|██████████| 3/3 [00:33<00:00, 10.20s/it]
100%|██████████| 3/3 [00:33<00:00, 11.25s/it]
Loss: 0.584642453799172, accuracy: 72.323974609375


Epoch: 10/50
Training

  0%|          | 0/7 [00:00<?, ?it/s]
 14%|█▍        | 1/7 [00:14<01:25, 14.17s/it]
 29%|██▊       | 2/7 [00:28<01:10, 14.16s/it]
 43%|████▎     | 3/7 [00:42<00:56, 14.17s/it]
 57%|█████▋    | 4/7 [00:56<00:42, 14.17s/it]
 71%|███████▏  | 5/7 [01:10<00:28, 14.18s/it]
 86%|████████▌ | 6/7 [01:25<00:14, 14.19s/it]
100%|██████████| 7/7 [01:35<00:00, 12.90s/it]
100%|██████████| 7/7 [01:35<00:00, 13.62s/it]
Loss: 0.5747380557707388, accuracy: 73.4960708618164
Validating

  0%|          | 0/3 [00:00<?, ?it/s]
 33%|███▎      | 1/3 [00:14<00:28, 14.14s/it]
 67%|██████▋   | 2/3 [00:28<00:14, 14.13s/it]
100%|██████████| 3/3 [00:33<00:00, 10.24s/it]
100%|██████████| 3/3 [00:33<00:00, 11.29s/it]
Loss: 0.5798024788686886, accuracy: 72.323974609375


Epoch: 11/50
Training

  0%|          | 0/7 [00:00<?, ?it/s]
 14%|█▍        | 1/7 [00:14<01:25, 14.31s/it]
 29%|██▊       | 2/7 [00:28<01:11, 14.31s/it]
 43%|████▎     | 3/7 [00:42<00:57, 14.31s/it]
 57%|█████▋    | 4/7 [00:57<00:42, 14.32s/it]
 71%|███████▏  | 5/7 [01:11<00:28, 14.32s/it]
 86%|████████▌ | 6/7 [01:25<00:14, 14.32s/it]
100%|██████████| 7/7 [01:36<00:00, 13.01s/it]
100%|██████████| 7/7 [01:36<00:00, 13.75s/it]
Loss: 0.5705078595497344, accuracy: 73.4960708618164
Validating

  0%|          | 0/3 [00:00<?, ?it/s]
 33%|███▎      | 1/3 [00:14<00:28, 14.17s/it]
 67%|██████▋   | 2/3 [00:28<00:14, 14.18s/it]
100%|██████████| 3/3 [00:34<00:00, 10.30s/it]
100%|██████████| 3/3 [00:34<00:00, 11.35s/it]
Loss: 0.575833636495608, accuracy: 72.48677825927734


Epoch: 12/50
Training

  0%|          | 0/7 [00:00<?, ?it/s]
 14%|█▍        | 1/7 [00:14<01:25, 14.31s/it]
 29%|██▊       | 2/7 [00:28<01:11, 14.29s/it]
 43%|████▎     | 3/7 [00:42<00:57, 14.27s/it]
 57%|█████▋    | 4/7 [00:57<00:42, 14.25s/it]
 71%|███████▏  | 5/7 [01:11<00:28, 14.24s/it]
 86%|████████▌ | 6/7 [01:25<00:14, 14.23s/it]
100%|██████████| 7/7 [01:35<00:00, 12.92s/it]
100%|██████████| 7/7 [01:35<00:00, 13.68s/it]
Loss: 0.5669741462878244, accuracy: 73.71403503417969
Validating

  0%|          | 0/3 [00:00<?, ?it/s]
 33%|███▎      | 1/3 [00:14<00:28, 14.12s/it]
 67%|██████▋   | 2/3 [00:28<00:14, 14.12s/it]
100%|██████████| 3/3 [00:33<00:00, 10.23s/it]
100%|██████████| 3/3 [00:33<00:00, 11.28s/it]
Loss: 0.5729277800582122, accuracy: 72.77167510986328


Epoch: 13/50
Training

  0%|          | 0/7 [00:00<?, ?it/s]
 14%|█▍        | 1/7 [00:14<01:25, 14.23s/it]
 29%|██▊       | 2/7 [00:28<01:11, 14.23s/it]
 43%|████▎     | 3/7 [00:42<00:56, 14.22s/it]
 57%|█████▋    | 4/7 [00:56<00:42, 14.23s/it]
 71%|███████▏  | 5/7 [01:11<00:28, 14.23s/it]
 86%|████████▌ | 6/7 [01:25<00:14, 14.24s/it]
100%|██████████| 7/7 [01:35<00:00, 12.93s/it]
100%|██████████| 7/7 [01:35<00:00, 13.66s/it]
Loss: 0.5638437608895139, accuracy: 74.0482406616211
Validating

  0%|          | 0/3 [00:00<?, ?it/s]
 33%|███▎      | 1/3 [00:14<00:28, 14.10s/it]
 67%|██████▋   | 2/3 [00:28<00:14, 14.13s/it]
100%|██████████| 3/3 [00:33<00:00, 10.24s/it]
100%|██████████| 3/3 [00:33<00:00, 11.29s/it]
Loss: 0.5702578883176904, accuracy: 73.30078125


Epoch: 14/50
Training

  0%|          | 0/7 [00:00<?, ?it/s]
 14%|█▍        | 1/7 [00:14<01:25, 14.27s/it]
 29%|██▊       | 2/7 [00:28<01:11, 14.30s/it]
 43%|████▎     | 3/7 [00:42<00:57, 14.30s/it]
 57%|█████▋    | 4/7 [00:57<00:42, 14.30s/it]
 71%|███████▏  | 5/7 [01:11<00:28, 14.33s/it]
 86%|████████▌ | 6/7 [01:25<00:14, 14.35s/it]
100%|██████████| 7/7 [01:36<00:00, 13.03s/it]
100%|██████████| 7/7 [01:36<00:00, 13.75s/it]
Loss: 0.5621741053947907, accuracy: 74.20807647705078
Validating

  0%|          | 0/3 [00:00<?, ?it/s]
 33%|███▎      | 1/3 [00:14<00:28, 14.19s/it]
 67%|██████▋   | 2/3 [00:28<00:14, 14.18s/it]
100%|██████████| 3/3 [00:34<00:00, 10.29s/it]
100%|██████████| 3/3 [00:34<00:00, 11.34s/it]
Loss: 0.5673466655700538, accuracy: 73.42288208007812


Epoch: 15/50
Training

  0%|          | 0/7 [00:00<?, ?it/s]
 14%|█▍        | 1/7 [00:14<01:25, 14.33s/it]
 29%|██▊       | 2/7 [00:28<01:11, 14.32s/it]
 43%|████▎     | 3/7 [00:42<00:57, 14.31s/it]
 57%|█████▋    | 4/7 [00:57<00:42, 14.31s/it]
 71%|███████▏  | 5/7 [01:11<00:28, 14.32s/it]
 86%|████████▌ | 6/7 [01:25<00:14, 14.33s/it]
100%|██████████| 7/7 [01:36<00:00, 13.03s/it]
100%|██████████| 7/7 [01:36<00:00, 13.76s/it]
Loss: 0.5589601893093793, accuracy: 74.51322174072266
Validating

  0%|          | 0/3 [00:00<?, ?it/s]
 33%|███▎      | 1/3 [00:14<00:28, 14.22s/it]
 67%|██████▋   | 2/3 [00:28<00:14, 14.22s/it]
100%|██████████| 3/3 [00:34<00:00, 10.32s/it]
100%|██████████| 3/3 [00:34<00:00, 11.37s/it]
Loss: 0.566815566812825, accuracy: 73.30078125


Epoch: 16/50
Training

  0%|          | 0/7 [00:00<?, ?it/s]
 14%|█▍        | 1/7 [00:14<01:25, 14.29s/it]
 29%|██▊       | 2/7 [00:28<01:11, 14.32s/it]
 43%|████▎     | 3/7 [00:42<00:57, 14.34s/it]
 57%|█████▋    | 4/7 [00:57<00:43, 14.35s/it]
 71%|███████▏  | 5/7 [01:11<00:28, 14.35s/it]
 86%|████████▌ | 6/7 [01:25<00:14, 14.31s/it]
100%|██████████| 7/7 [01:36<00:00, 13.00s/it]
100%|██████████| 7/7 [01:36<00:00, 13.75s/it]
Loss: 0.5579729063744394, accuracy: 74.48416137695312
Validating

  0%|          | 0/3 [00:00<?, ?it/s]
 33%|███▎      | 1/3 [00:14<00:28, 14.12s/it]
 67%|██████▋   | 2/3 [00:28<00:14, 14.16s/it]
100%|██████████| 3/3 [00:34<00:00, 10.29s/it]
100%|██████████| 3/3 [00:34<00:00, 11.33s/it]
Loss: 0.5639145144806871, accuracy: 73.42288208007812


Epoch: 17/50
Training

  0%|          | 0/7 [00:00<?, ?it/s]
 14%|█▍        | 1/7 [00:14<01:25, 14.27s/it]
 29%|██▊       | 2/7 [00:28<01:11, 14.29s/it]
 43%|████▎     | 3/7 [00:42<00:57, 14.29s/it]
 57%|█████▋    | 4/7 [00:57<00:42, 14.28s/it]
 71%|███████▏  | 5/7 [01:11<00:28, 14.28s/it]
 86%|████████▌ | 6/7 [01:25<00:14, 14.28s/it]
100%|██████████| 7/7 [01:35<00:00, 12.97s/it]
100%|██████████| 7/7 [01:35<00:00, 13.71s/it]
Loss: 0.5555862423743803, accuracy: 74.55680847167969
Validating

  0%|          | 0/3 [00:00<?, ?it/s]
 33%|███▎      | 1/3 [00:14<00:28, 14.21s/it]
 67%|██████▋   | 2/3 [00:28<00:14, 14.22s/it]
100%|██████████| 3/3 [00:34<00:00, 10.32s/it]
100%|██████████| 3/3 [00:34<00:00, 11.38s/it]
Loss: 0.5631296372433042, accuracy: 73.38217163085938


Epoch: 18/50
Training

  0%|          | 0/7 [00:00<?, ?it/s]
 14%|█▍        | 1/7 [00:14<01:25, 14.32s/it]
 29%|██▊       | 2/7 [00:28<01:11, 14.33s/it]
 43%|████▎     | 3/7 [00:42<00:57, 14.33s/it]
 57%|█████▋    | 4/7 [00:57<00:42, 14.29s/it]
 71%|███████▏  | 5/7 [01:11<00:28, 14.27s/it]
 86%|████████▌ | 6/7 [01:25<00:14, 14.29s/it]
100%|██████████| 7/7 [01:36<00:00, 13.00s/it]
100%|██████████| 7/7 [01:36<00:00, 13.73s/it]
Loss: 0.5541670008025797, accuracy: 74.4696273803711
Validating

  0%|          | 0/3 [00:00<?, ?it/s]
 33%|███▎      | 1/3 [00:14<00:28, 14.18s/it]
 67%|██████▋   | 2/3 [00:28<00:14, 14.17s/it]
100%|██████████| 3/3 [00:34<00:00, 10.30s/it]
100%|██████████| 3/3 [00:34<00:00, 11.35s/it]
Loss: 0.5619721673444175, accuracy: 73.38217163085938


Epoch: 19/50
Training

  0%|          | 0/7 [00:00<?, ?it/s]
 14%|█▍        | 1/7 [00:14<01:25, 14.30s/it]
 29%|██▊       | 2/7 [00:28<01:11, 14.30s/it]
 43%|████▎     | 3/7 [00:42<00:56, 14.25s/it]
 57%|█████▋    | 4/7 [00:57<00:42, 14.24s/it]
 71%|███████▏  | 5/7 [01:11<00:28, 14.24s/it]
 86%|████████▌ | 6/7 [01:25<00:14, 14.23s/it]
100%|██████████| 7/7 [01:35<00:00, 12.92s/it]
100%|██████████| 7/7 [01:35<00:00, 13.67s/it]
Loss: 0.5527952389985938, accuracy: 74.57134246826172
Validating

  0%|          | 0/3 [00:00<?, ?it/s]
 33%|███▎      | 1/3 [00:14<00:28, 14.12s/it]
 67%|██████▋   | 2/3 [00:28<00:14, 14.12s/it]
100%|██████████| 3/3 [00:33<00:00, 10.23s/it]
100%|██████████| 3/3 [00:33<00:00, 11.28s/it]
Loss: 0.5606325644276517, accuracy: 73.5042724609375


Epoch: 20/50
Training

  0%|          | 0/7 [00:00<?, ?it/s]
 14%|█▍        | 1/7 [00:14<01:25, 14.22s/it]
 29%|██▊       | 2/7 [00:28<01:11, 14.23s/it]
 43%|████▎     | 3/7 [00:42<00:56, 14.24s/it]
 57%|█████▋    | 4/7 [00:57<00:42, 14.28s/it]
 71%|███████▏  | 5/7 [01:11<00:28, 14.29s/it]
 86%|████████▌ | 6/7 [01:25<00:14, 14.27s/it]
100%|██████████| 7/7 [01:35<00:00, 12.98s/it]
100%|██████████| 7/7 [01:35<00:00, 13.70s/it]
Loss: 0.5516648881312756, accuracy: 74.55680847167969
Validating

  0%|          | 0/3 [00:00<?, ?it/s]
 33%|███▎      | 1/3 [00:14<00:28, 14.17s/it]
 67%|██████▋   | 2/3 [00:28<00:14, 14.17s/it]
100%|██████████| 3/3 [00:34<00:00, 10.29s/it]
100%|██████████| 3/3 [00:34<00:00, 11.33s/it]
Loss: 0.5595868774725744, accuracy: 73.62637329101562


Epoch: 21/50
Training

  0%|          | 0/7 [00:00<?, ?it/s]
 14%|█▍        | 1/7 [00:14<01:25, 14.32s/it]
 29%|██▊       | 2/7 [00:28<01:11, 14.34s/it]
 43%|████▎     | 3/7 [00:43<00:57, 14.33s/it]
 57%|█████▋    | 4/7 [00:57<00:42, 14.33s/it]
 71%|███████▏  | 5/7 [01:11<00:28, 14.34s/it]
 86%|████████▌ | 6/7 [01:26<00:14, 14.34s/it]
100%|██████████| 7/7 [01:36<00:00, 13.03s/it]
100%|██████████| 7/7 [01:36<00:00, 13.77s/it]
Loss: 0.5510984912960726, accuracy: 74.52775573730469
Validating

  0%|          | 0/3 [00:00<?, ?it/s]
 33%|███▎      | 1/3 [00:14<00:28, 14.23s/it]
 67%|██████▋   | 2/3 [00:28<00:14, 14.26s/it]
100%|██████████| 3/3 [00:34<00:00, 10.35s/it]
100%|██████████| 3/3 [00:34<00:00, 11.40s/it]
Loss: 0.5594180957495706, accuracy: 73.34147644042969


Epoch: 22/50
Training

  0%|          | 0/7 [00:00<?, ?it/s]
 14%|█▍        | 1/7 [00:14<01:25, 14.33s/it]
 29%|██▊       | 2/7 [00:28<01:11, 14.33s/it]
 43%|████▎     | 3/7 [00:42<00:57, 14.33s/it]
 57%|█████▋    | 4/7 [00:57<00:42, 14.33s/it]
 71%|███████▏  | 5/7 [01:11<00:28, 14.33s/it]
 86%|████████▌ | 6/7 [01:25<00:14, 14.34s/it]
100%|██████████| 7/7 [01:36<00:00, 13.03s/it]
100%|██████████| 7/7 [01:36<00:00, 13.76s/it]
Loss: 0.5497609595509678, accuracy: 74.38243865966797
Validating

  0%|          | 0/3 [00:00<?, ?it/s]
 33%|███▎      | 1/3 [00:14<00:28, 14.20s/it]
 67%|██████▋   | 2/3 [00:28<00:14, 14.20s/it]
100%|██████████| 3/3 [00:34<00:00, 10.32s/it]
100%|██████████| 3/3 [00:34<00:00, 11.37s/it]
Loss: 0.5577388695453696, accuracy: 73.66707611083984


Epoch: 23/50
Training

  0%|          | 0/7 [00:00<?, ?it/s]
 14%|█▍        | 1/7 [00:14<01:25, 14.27s/it]
 29%|██▊       | 2/7 [00:28<01:11, 14.29s/it]
 43%|████▎     | 3/7 [00:42<00:57, 14.30s/it]
 57%|█████▋    | 4/7 [00:57<00:42, 14.32s/it]
 71%|███████▏  | 5/7 [01:11<00:28, 14.31s/it]
 86%|████████▌ | 6/7 [01:25<00:14, 14.31s/it]
100%|██████████| 7/7 [01:36<00:00, 13.01s/it]
100%|██████████| 7/7 [01:36<00:00, 13.74s/it]
Loss: 0.5492212421427768, accuracy: 74.57134246826172
Validating

  0%|          | 0/3 [00:00<?, ?it/s]
 33%|███▎      | 1/3 [00:14<00:28, 14.14s/it]
 67%|██████▋   | 2/3 [00:28<00:14, 14.18s/it]
100%|██████████| 3/3 [00:34<00:00, 10.30s/it]
100%|██████████| 3/3 [00:34<00:00, 11.34s/it]
Loss: 0.5571987802146846, accuracy: 73.62637329101562


Epoch: 24/50
Training

  0%|          | 0/7 [00:00<?, ?it/s]
 14%|█▍        | 1/7 [00:14<01:25, 14.27s/it]
 29%|██▊       | 2/7 [00:28<01:11, 14.26s/it]
 43%|████▎     | 3/7 [00:42<00:57, 14.27s/it]
 57%|█████▋    | 4/7 [00:57<00:42, 14.29s/it]
 71%|███████▏  | 5/7 [01:11<00:28, 14.28s/it]
 86%|████████▌ | 6/7 [01:25<00:14, 14.29s/it]
100%|██████████| 7/7 [01:35<00:00, 12.98s/it]
100%|██████████| 7/7 [01:35<00:00, 13.71s/it]
Loss: 0.5483623056070849, accuracy: 74.65852355957031
Validating

  0%|          | 0/3 [00:00<?, ?it/s]
 33%|███▎      | 1/3 [00:14<00:28, 14.20s/it]
 67%|██████▋   | 2/3 [00:28<00:14, 14.22s/it]
100%|██████████| 3/3 [00:34<00:00, 10.32s/it]
100%|██████████| 3/3 [00:34<00:00, 11.37s/it]
Loss: 0.5569992116131237, accuracy: 73.5042724609375


Epoch: 25/50
Training

  0%|          | 0/7 [00:00<?, ?it/s]
 14%|█▍        | 1/7 [00:14<01:25, 14.30s/it]
 29%|██▊       | 2/7 [00:28<01:11, 14.30s/it]
 43%|████▎     | 3/7 [00:42<00:57, 14.32s/it]
 57%|█████▋    | 4/7 [00:57<00:42, 14.32s/it]
 71%|███████▏  | 5/7 [01:11<00:28, 14.30s/it]
 86%|████████▌ | 6/7 [01:25<00:14, 14.30s/it]
100%|██████████| 7/7 [01:36<00:00, 12.99s/it]
100%|██████████| 7/7 [01:36<00:00, 13.73s/it]
Loss: 0.5480758883134809, accuracy: 74.51322174072266
Validating

  0%|          | 0/3 [00:00<?, ?it/s]
 33%|███▎      | 1/3 [00:14<00:28, 14.17s/it]
 67%|██████▋   | 2/3 [00:28<00:14, 14.20s/it]
100%|██████████| 3/3 [00:34<00:00, 10.31s/it]
100%|██████████| 3/3 [00:34<00:00, 11.36s/it]
Loss: 0.5563592209193005, accuracy: 73.58567810058594


Epoch: 26/50
Training

  0%|          | 0/7 [00:00<?, ?it/s]
 14%|█▍        | 1/7 [00:14<01:25, 14.29s/it]
 29%|██▊       | 2/7 [00:28<01:11, 14.28s/it]
 43%|████▎     | 3/7 [00:42<00:57, 14.27s/it]
 57%|█████▋    | 4/7 [00:57<00:42, 14.29s/it]
 71%|███████▏  | 5/7 [01:11<00:28, 14.31s/it]
 86%|████████▌ | 6/7 [01:25<00:14, 14.32s/it]
100%|██████████| 7/7 [01:36<00:00, 13.02s/it]
100%|██████████| 7/7 [01:36<00:00, 13.74s/it]
Loss: 0.547127338368267, accuracy: 74.51322174072266
Validating

  0%|          | 0/3 [00:00<?, ?it/s]
 33%|███▎      | 1/3 [00:14<00:28, 14.18s/it]
 67%|██████▋   | 2/3 [00:28<00:14, 14.17s/it]
100%|██████████| 3/3 [00:34<00:00, 10.29s/it]
100%|██████████| 3/3 [00:34<00:00, 11.34s/it]
Loss: 0.555619364838606, accuracy: 73.54498291015625


Epoch: 27/50
Training

  0%|          | 0/7 [00:00<?, ?it/s]
 14%|█▍        | 1/7 [00:14<01:25, 14.31s/it]
 29%|██▊       | 2/7 [00:28<01:11, 14.31s/it]
 43%|████▎     | 3/7 [00:42<00:57, 14.30s/it]
 57%|█████▋    | 4/7 [00:57<00:42, 14.30s/it]
 71%|███████▏  | 5/7 [01:11<00:28, 14.31s/it]
 86%|████████▌ | 6/7 [01:25<00:14, 14.28s/it]
100%|██████████| 7/7 [01:36<00:00, 12.97s/it]
100%|██████████| 7/7 [01:36<00:00, 13.72s/it]
Loss: 0.5461875677663065, accuracy: 74.367919921875
Validating

  0%|          | 0/3 [00:00<?, ?it/s]
 33%|███▎      | 1/3 [00:14<00:28, 14.12s/it]
 67%|██████▋   | 2/3 [00:28<00:14, 14.14s/it]
100%|██████████| 3/3 [00:33<00:00, 10.28s/it]
100%|██████████| 3/3 [00:33<00:00, 11.32s/it]
Loss: 0.5541524547942538, accuracy: 73.66707611083984


Epoch: 28/50
Training

  0%|          | 0/7 [00:00<?, ?it/s]
 14%|█▍        | 1/7 [00:14<01:25, 14.31s/it]
 29%|██▊       | 2/7 [00:28<01:11, 14.33s/it]
 43%|████▎     | 3/7 [00:42<00:57, 14.33s/it]
 57%|█████▋    | 4/7 [00:57<00:42, 14.33s/it]
 71%|███████▏  | 5/7 [01:11<00:28, 14.33s/it]
 86%|████████▌ | 6/7 [01:25<00:14, 14.32s/it]
100%|██████████| 7/7 [01:36<00:00, 13.01s/it]
100%|██████████| 7/7 [01:36<00:00, 13.75s/it]
Loss: 0.5452386659094498, accuracy: 74.58587646484375
Validating

  0%|          | 0/3 [00:00<?, ?it/s]
 33%|███▎      | 1/3 [00:14<00:28, 14.21s/it]
 67%|██████▋   | 2/3 [00:28<00:14, 14.20s/it]
100%|██████████| 3/3 [00:34<00:00, 10.32s/it]
100%|██████████| 3/3 [00:34<00:00, 11.37s/it]
Loss: 0.5551423036717379, accuracy: 73.58567810058594


Epoch: 29/50
Training

  0%|          | 0/7 [00:00<?, ?it/s]
 14%|█▍        | 1/7 [00:14<01:25, 14.33s/it]
 29%|██▊       | 2/7 [00:28<01:11, 14.30s/it]
 43%|████▎     | 3/7 [00:42<00:57, 14.31s/it]
 57%|█████▋    | 4/7 [00:57<00:42, 14.32s/it]
 71%|███████▏  | 5/7 [01:11<00:28, 14.32s/it]
 86%|████████▌ | 6/7 [01:25<00:14, 14.32s/it]
100%|██████████| 7/7 [01:36<00:00, 13.01s/it]
100%|██████████| 7/7 [01:36<00:00, 13.75s/it]
Loss: 0.5445544676044867, accuracy: 74.84742736816406
Validating

  0%|          | 0/3 [00:00<?, ?it/s]
 33%|███▎      | 1/3 [00:14<00:28, 14.18s/it]
 67%|██████▋   | 2/3 [00:28<00:14, 14.18s/it]
100%|██████████| 3/3 [00:34<00:00, 10.30s/it]
100%|██████████| 3/3 [00:34<00:00, 11.34s/it]
Loss: 0.5538081279555908, accuracy: 73.70777893066406


Epoch: 30/50
Training

  0%|          | 0/7 [00:00<?, ?it/s]
 14%|█▍        | 1/7 [00:14<01:25, 14.29s/it]
 29%|██▊       | 2/7 [00:28<01:11, 14.26s/it]
 43%|████▎     | 3/7 [00:42<00:56, 14.22s/it]
 57%|█████▋    | 4/7 [00:56<00:42, 14.24s/it]
 71%|███████▏  | 5/7 [01:11<00:28, 14.27s/it]
 86%|████████▌ | 6/7 [01:25<00:14, 14.29s/it]
100%|██████████| 7/7 [01:35<00:00, 12.98s/it]
100%|██████████| 7/7 [01:35<00:00, 13.70s/it]
Loss: 0.5441221578008246, accuracy: 74.49868774414062
Validating

  0%|          | 0/3 [00:00<?, ?it/s]
 33%|███▎      | 1/3 [00:14<00:28, 14.18s/it]
 67%|██████▋   | 2/3 [00:28<00:14, 14.19s/it]
100%|██████████| 3/3 [00:34<00:00, 10.31s/it]
100%|██████████| 3/3 [00:34<00:00, 11.36s/it]
Loss: 0.55319787287159, accuracy: 73.78917694091797


Epoch: 31/50
Training

  0%|          | 0/7 [00:00<?, ?it/s]
 14%|█▍        | 1/7 [00:14<01:25, 14.28s/it]
 29%|██▊       | 2/7 [00:28<01:11, 14.26s/it]
 43%|████▎     | 3/7 [00:42<00:57, 14.26s/it]
 57%|█████▋    | 4/7 [00:57<00:42, 14.26s/it]
 71%|███████▏  | 5/7 [01:11<00:28, 14.26s/it]
 86%|████████▌ | 6/7 [01:25<00:14, 14.27s/it]
100%|██████████| 7/7 [01:35<00:00, 12.96s/it]
100%|██████████| 7/7 [01:35<00:00, 13.69s/it]
Loss: 0.5439202064381405, accuracy: 74.54228210449219
Validating

  0%|          | 0/3 [00:00<?, ?it/s]
 33%|███▎      | 1/3 [00:14<00:28, 14.16s/it]
 67%|██████▋   | 2/3 [00:28<00:14, 14.17s/it]
100%|██████████| 3/3 [00:33<00:00, 10.28s/it]
100%|██████████| 3/3 [00:33<00:00, 11.33s/it]
Loss: 0.5526206161755588, accuracy: 73.78917694091797


Epoch: 32/50
Training

  0%|          | 0/7 [00:00<?, ?it/s]
 14%|█▍        | 1/7 [00:14<01:26, 14.33s/it]
 29%|██▊       | 2/7 [00:28<01:11, 14.34s/it]
 43%|████▎     | 3/7 [00:43<00:57, 14.33s/it]
 57%|█████▋    | 4/7 [00:57<00:42, 14.33s/it]
 71%|███████▏  | 5/7 [01:11<00:28, 14.32s/it]
 86%|████████▌ | 6/7 [01:25<00:14, 14.33s/it]
100%|██████████| 7/7 [01:36<00:00, 13.02s/it]
100%|██████████| 7/7 [01:36<00:00, 13.76s/it]
Loss: 0.5431740736760431, accuracy: 74.73118591308594
Validating

  0%|          | 0/3 [00:00<?, ?it/s]
 33%|███▎      | 1/3 [00:14<00:28, 14.20s/it]
 67%|██████▋   | 2/3 [00:28<00:14, 14.24s/it]
100%|██████████| 3/3 [00:34<00:00, 10.34s/it]
100%|██████████| 3/3 [00:34<00:00, 11.39s/it]
Loss: 0.5535261772927784, accuracy: 73.66707611083984


Epoch: 33/50
Training

  0%|          | 0/7 [00:00<?, ?it/s]
 14%|█▍        | 1/7 [00:14<01:25, 14.33s/it]
 29%|██▊       | 2/7 [00:28<01:11, 14.34s/it]
 43%|████▎     | 3/7 [00:43<00:57, 14.35s/it]
 57%|█████▋    | 4/7 [00:57<00:43, 14.35s/it]
 71%|███████▏  | 5/7 [01:11<00:28, 14.33s/it]
 86%|████████▌ | 6/7 [01:26<00:14, 14.33s/it]
100%|██████████| 7/7 [01:36<00:00, 13.02s/it]
100%|██████████| 7/7 [01:36<00:00, 13.76s/it]
Loss: 0.5422876903533381, accuracy: 74.89102172851562
Validating

  0%|          | 0/3 [00:00<?, ?it/s]
 33%|███▎      | 1/3 [00:14<00:28, 14.21s/it]
 67%|██████▋   | 2/3 [00:28<00:14, 14.21s/it]
100%|██████████| 3/3 [00:34<00:00, 10.31s/it]
100%|██████████| 3/3 [00:34<00:00, 11.36s/it]
Loss: 0.5524980328070423, accuracy: 73.66707611083984


Epoch: 34/50
Training

  0%|          | 0/7 [00:00<?, ?it/s]
 14%|█▍        | 1/7 [00:14<01:25, 14.33s/it]
 29%|██▊       | 2/7 [00:28<01:11, 14.36s/it]
 43%|████▎     | 3/7 [00:43<00:57, 14.36s/it]
 57%|█████▋    | 4/7 [00:57<00:43, 14.34s/it]
 71%|███████▏  | 5/7 [01:11<00:28, 14.34s/it]
 86%|████████▌ | 6/7 [01:26<00:14, 14.33s/it]
100%|██████████| 7/7 [01:36<00:00, 13.03s/it]
100%|██████████| 7/7 [01:36<00:00, 13.77s/it]
Loss: 0.5424608133518914, accuracy: 74.7166519165039
Validating

  0%|          | 0/3 [00:00<?, ?it/s]
 33%|███▎      | 1/3 [00:14<00:28, 14.17s/it]
 67%|██████▋   | 2/3 [00:28<00:14, 14.19s/it]
100%|██████████| 3/3 [00:34<00:00, 10.30s/it]
100%|██████████| 3/3 [00:34<00:00, 11.35s/it]
Loss: 0.551140339698644, accuracy: 73.66707611083984


Epoch: 35/50
Training

  0%|          | 0/7 [00:00<?, ?it/s]
 14%|█▍        | 1/7 [00:14<01:26, 14.36s/it]
 29%|██▊       | 2/7 [00:28<01:11, 14.36s/it]
 43%|████▎     | 3/7 [00:43<00:57, 14.36s/it]
 57%|█████▋    | 4/7 [00:57<00:43, 14.35s/it]
 71%|███████▏  | 5/7 [01:11<00:28, 14.34s/it]
 86%|████████▌ | 6/7 [01:26<00:14, 14.33s/it]
100%|██████████| 7/7 [01:36<00:00, 13.01s/it]
100%|██████████| 7/7 [01:36<00:00, 13.76s/it]
Loss: 0.5418245115795651, accuracy: 74.62947082519531
Validating

  0%|          | 0/3 [00:00<?, ?it/s]
 33%|███▎      | 1/3 [00:14<00:28, 14.18s/it]
 67%|██████▋   | 2/3 [00:28<00:14, 14.19s/it]
100%|██████████| 3/3 [00:34<00:00, 10.30s/it]
100%|██████████| 3/3 [00:34<00:00, 11.35s/it]
Loss: 0.5511746492432442, accuracy: 73.82987976074219


Epoch: 36/50
Training

  0%|          | 0/7 [00:00<?, ?it/s]
 14%|█▍        | 1/7 [00:14<01:25, 14.28s/it]
 29%|██▊       | 2/7 [00:28<01:11, 14.23s/it]
 43%|████▎     | 3/7 [00:42<00:56, 14.22s/it]
 57%|█████▋    | 4/7 [00:56<00:42, 14.24s/it]
 71%|███████▏  | 5/7 [01:11<00:28, 14.25s/it]
 86%|████████▌ | 6/7 [01:25<00:14, 14.26s/it]
100%|██████████| 7/7 [01:35<00:00, 12.93s/it]
100%|██████████| 7/7 [01:35<00:00, 13.67s/it]
Loss: 0.5414171283655962, accuracy: 74.58587646484375
Validating

  0%|          | 0/3 [00:00<?, ?it/s]
 33%|███▎      | 1/3 [00:14<00:28, 14.05s/it]
 67%|██████▋   | 2/3 [00:28<00:14, 14.09s/it]
100%|██████████| 3/3 [00:33<00:00, 10.22s/it]
100%|██████████| 3/3 [00:33<00:00, 11.26s/it]
Loss: 0.5517560780703367, accuracy: 73.66707611083984


Epoch: 37/50
Training

  0%|          | 0/7 [00:00<?, ?it/s]
 14%|█▍        | 1/7 [00:14<01:25, 14.24s/it]
 29%|██▊       | 2/7 [00:28<01:11, 14.22s/it]
 43%|████▎     | 3/7 [00:42<00:56, 14.23s/it]
 57%|█████▋    | 4/7 [00:56<00:42, 14.23s/it]
 71%|███████▏  | 5/7 [01:11<00:28, 14.23s/it]
 86%|████████▌ | 6/7 [01:25<00:14, 14.25s/it]
100%|██████████| 7/7 [01:35<00:00, 12.94s/it]
100%|██████████| 7/7 [01:35<00:00, 13.67s/it]
Loss: 0.5407409476388578, accuracy: 74.83289337158203
Validating

  0%|          | 0/3 [00:00<?, ?it/s]
 33%|███▎      | 1/3 [00:14<00:28, 14.11s/it]
 67%|██████▋   | 2/3 [00:28<00:14, 14.12s/it]
100%|██████████| 3/3 [00:33<00:00, 10.24s/it]
100%|██████████| 3/3 [00:33<00:00, 11.29s/it]
Loss: 0.5508124984809912, accuracy: 73.9112777709961


Epoch: 38/50
Training

  0%|          | 0/7 [00:00<?, ?it/s]
 14%|█▍        | 1/7 [00:14<01:25, 14.28s/it]
 29%|██▊       | 2/7 [00:28<01:11, 14.26s/it]
 43%|████▎     | 3/7 [00:42<00:57, 14.26s/it]
 57%|█████▋    | 4/7 [00:57<00:42, 14.26s/it]
 71%|███████▏  | 5/7 [01:11<00:28, 14.25s/it]
 86%|████████▌ | 6/7 [01:25<00:14, 14.24s/it]
100%|██████████| 7/7 [01:35<00:00, 12.93s/it]
100%|██████████| 7/7 [01:35<00:00, 13.68s/it]
Loss: 0.5410745990238228, accuracy: 74.70211791992188
Validating

  0%|          | 0/3 [00:00<?, ?it/s]
 33%|███▎      | 1/3 [00:14<00:28, 14.12s/it]
 67%|██████▋   | 2/3 [00:28<00:14, 14.13s/it]
100%|██████████| 3/3 [00:33<00:00, 10.24s/it]
100%|██████████| 3/3 [00:33<00:00, 11.29s/it]
Loss: 0.5502150400799855, accuracy: 73.78917694091797


Epoch: 39/50
Training

  0%|          | 0/7 [00:00<?, ?it/s]
 14%|█▍        | 1/7 [00:14<01:25, 14.22s/it]
 29%|██▊       | 2/7 [00:28<01:11, 14.22s/it]
 43%|████▎     | 3/7 [00:42<00:56, 14.22s/it]
 57%|█████▋    | 4/7 [00:56<00:42, 14.21s/it]
 71%|███████▏  | 5/7 [01:11<00:28, 14.22s/it]
 86%|████████▌ | 6/7 [01:25<00:14, 14.22s/it]
100%|██████████| 7/7 [01:35<00:00, 12.91s/it]
100%|██████████| 7/7 [01:35<00:00, 13.65s/it]
Loss: 0.5403699016751192, accuracy: 74.68759155273438
Validating

  0%|          | 0/3 [00:00<?, ?it/s]
 33%|███▎      | 1/3 [00:14<00:28, 14.11s/it]
 67%|██████▋   | 2/3 [00:28<00:14, 14.11s/it]
100%|██████████| 3/3 [00:33<00:00, 10.26s/it]
100%|██████████| 3/3 [00:33<00:00, 11.30s/it]
Loss: 0.5501063292619413, accuracy: 73.82987976074219


Epoch: 40/50
Training

  0%|          | 0/7 [00:00<?, ?it/s]
 14%|█▍        | 1/7 [00:14<01:25, 14.24s/it]
 29%|██▊       | 2/7 [00:28<01:11, 14.25s/it]
 43%|████▎     | 3/7 [00:42<00:57, 14.27s/it]
 57%|█████▋    | 4/7 [00:57<00:42, 14.28s/it]
 71%|███████▏  | 5/7 [01:11<00:28, 14.28s/it]
 86%|████████▌ | 6/7 [01:25<00:14, 14.28s/it]
100%|██████████| 7/7 [01:35<00:00, 12.98s/it]
100%|██████████| 7/7 [01:35<00:00, 13.71s/it]
Loss: 0.5400036729826757, accuracy: 74.65852355957031
Validating

  0%|          | 0/3 [00:00<?, ?it/s]
 33%|███▎      | 1/3 [00:14<00:28, 14.21s/it]
 67%|██████▋   | 2/3 [00:28<00:14, 14.21s/it]
100%|██████████| 3/3 [00:34<00:00, 10.30s/it]
100%|██████████| 3/3 [00:34<00:00, 11.36s/it]
Loss: 0.549907343145983, accuracy: 73.70777893066406


Epoch: 41/50
Training

  0%|          | 0/7 [00:00<?, ?it/s]
 14%|█▍        | 1/7 [00:14<01:26, 14.39s/it]
 29%|██▊       | 2/7 [00:28<01:11, 14.39s/it]
 43%|████▎     | 3/7 [00:43<00:57, 14.40s/it]
 57%|█████▋    | 4/7 [00:57<00:43, 14.40s/it]
 71%|███████▏  | 5/7 [01:11<00:28, 14.39s/it]
 86%|████████▌ | 6/7 [01:26<00:14, 14.39s/it]
100%|██████████| 7/7 [01:36<00:00, 13.07s/it]
100%|██████████| 7/7 [01:36<00:00, 13.82s/it]
Loss: 0.5393164966799984, accuracy: 74.76023864746094
Validating

  0%|          | 0/3 [00:00<?, ?it/s]
 33%|███▎      | 1/3 [00:14<00:28, 14.25s/it]
 67%|██████▋   | 2/3 [00:28<00:14, 14.21s/it]
100%|██████████| 3/3 [00:34<00:00, 10.30s/it]
100%|██████████| 3/3 [00:34<00:00, 11.36s/it]
Loss: 0.5489605914590608, accuracy: 73.87057495117188


Epoch: 42/50
Training

  0%|          | 0/7 [00:00<?, ?it/s]
 14%|█▍        | 1/7 [00:14<01:25, 14.31s/it]
 29%|██▊       | 2/7 [00:28<01:11, 14.30s/it]
 43%|████▎     | 3/7 [00:42<00:57, 14.33s/it]
 57%|█████▋    | 4/7 [00:57<00:42, 14.33s/it]
 71%|███████▏  | 5/7 [01:11<00:28, 14.34s/it]
 86%|████████▌ | 6/7 [01:25<00:14, 14.31s/it]
100%|██████████| 7/7 [01:36<00:00, 12.99s/it]
100%|██████████| 7/7 [01:36<00:00, 13.74s/it]
Loss: 0.539523555715567, accuracy: 74.76023864746094
Validating

  0%|          | 0/3 [00:00<?, ?it/s]
 33%|███▎      | 1/3 [00:14<00:28, 14.12s/it]
 67%|██████▋   | 2/3 [00:28<00:14, 14.15s/it]
100%|██████████| 3/3 [00:33<00:00, 10.28s/it]
100%|██████████| 3/3 [00:33<00:00, 11.32s/it]
Loss: 0.5497047298071973, accuracy: 73.66707611083984


Epoch: 43/50
Training

  0%|          | 0/7 [00:00<?, ?it/s]
 14%|█▍        | 1/7 [00:14<01:25, 14.30s/it]
 29%|██▊       | 2/7 [00:28<01:11, 14.29s/it]
 43%|████▎     | 3/7 [00:42<00:57, 14.28s/it]
 57%|█████▋    | 4/7 [00:57<00:42, 14.28s/it]
 71%|███████▏  | 5/7 [01:11<00:28, 14.28s/it]
 86%|████████▌ | 6/7 [01:25<00:14, 14.28s/it]
100%|██████████| 7/7 [01:35<00:00, 12.97s/it]
100%|██████████| 7/7 [01:35<00:00, 13.71s/it]
Loss: 0.5382664646218246, accuracy: 74.73118591308594
Validating

  0%|          | 0/3 [00:00<?, ?it/s]
 33%|███▎      | 1/3 [00:14<00:28, 14.16s/it]
 67%|██████▋   | 2/3 [00:28<00:14, 14.18s/it]
100%|██████████| 3/3 [00:34<00:00, 10.30s/it]
100%|██████████| 3/3 [00:34<00:00, 11.34s/it]
Loss: 0.5483613036539577, accuracy: 73.82987976074219


Epoch: 44/50
Training

  0%|          | 0/7 [00:00<?, ?it/s]
 14%|█▍        | 1/7 [00:14<01:25, 14.30s/it]
 29%|██▊       | 2/7 [00:28<01:11, 14.32s/it]
 43%|████▎     | 3/7 [00:42<00:57, 14.32s/it]
 57%|█████▋    | 4/7 [00:57<00:42, 14.32s/it]
 71%|███████▏  | 5/7 [01:11<00:28, 14.31s/it]
 86%|████████▌ | 6/7 [01:25<00:14, 14.31s/it]
100%|██████████| 7/7 [01:36<00:00, 12.98s/it]
100%|██████████| 7/7 [01:36<00:00, 13.73s/it]
Loss: 0.5379816197406688, accuracy: 74.73118591308594
Validating

  0%|          | 0/3 [00:00<?, ?it/s]
 33%|███▎      | 1/3 [00:14<00:28, 14.18s/it]
 67%|██████▋   | 2/3 [00:28<00:14, 14.18s/it]
100%|██████████| 3/3 [00:33<00:00, 10.27s/it]
100%|██████████| 3/3 [00:33<00:00, 11.33s/it]
Loss: 0.5488822136800562, accuracy: 73.70777893066406


Epoch: 45/50
Training

  0%|          | 0/7 [00:00<?, ?it/s]
 14%|█▍        | 1/7 [00:14<01:25, 14.23s/it]
 29%|██▊       | 2/7 [00:28<01:11, 14.22s/it]
 43%|████▎     | 3/7 [00:42<00:57, 14.26s/it]
 57%|█████▋    | 4/7 [00:56<00:42, 14.25s/it]
 71%|███████▏  | 5/7 [01:11<00:28, 14.27s/it]
 86%|████████▌ | 6/7 [01:25<00:14, 14.28s/it]
100%|██████████| 7/7 [01:35<00:00, 12.97s/it]
100%|██████████| 7/7 [01:35<00:00, 13.70s/it]
Loss: 0.5380567492041883, accuracy: 74.86195373535156
Validating

  0%|          | 0/3 [00:00<?, ?it/s]
 33%|███▎      | 1/3 [00:14<00:28, 14.16s/it]
 67%|██████▋   | 2/3 [00:28<00:14, 14.19s/it]
100%|██████████| 3/3 [00:34<00:00, 10.30s/it]
100%|██████████| 3/3 [00:34<00:00, 11.35s/it]
Loss: 0.5484635190697865, accuracy: 73.74847412109375


Epoch: 46/50
Training

  0%|          | 0/7 [00:00<?, ?it/s]
 14%|█▍        | 1/7 [00:14<01:25, 14.32s/it]
 29%|██▊       | 2/7 [00:28<01:11, 14.30s/it]
 43%|████▎     | 3/7 [00:42<00:57, 14.29s/it]
 57%|█████▋    | 4/7 [00:57<00:42, 14.30s/it]
 71%|███████▏  | 5/7 [01:11<00:28, 14.30s/it]
 86%|████████▌ | 6/7 [01:25<00:14, 14.28s/it]
100%|██████████| 7/7 [01:35<00:00, 12.96s/it]
100%|██████████| 7/7 [01:35<00:00, 13.71s/it]
Loss: 0.5375049104700252, accuracy: 74.70211791992188
Validating

  0%|          | 0/3 [00:00<?, ?it/s]
 33%|███▎      | 1/3 [00:14<00:28, 14.20s/it]
 67%|██████▋   | 2/3 [00:28<00:14, 14.21s/it]
100%|██████████| 3/3 [00:34<00:00, 10.32s/it]
100%|██████████| 3/3 [00:34<00:00, 11.37s/it]
Loss: 0.5474859306033084, accuracy: 73.82987976074219


Epoch: 47/50
Training

  0%|          | 0/7 [00:00<?, ?it/s]
 14%|█▍        | 1/7 [00:14<01:25, 14.30s/it]
 29%|██▊       | 2/7 [00:28<01:11, 14.29s/it]
 43%|████▎     | 3/7 [00:42<00:57, 14.30s/it]
 57%|█████▋    | 4/7 [00:57<00:42, 14.31s/it]
 71%|███████▏  | 5/7 [01:11<00:28, 14.31s/it]
 86%|████████▌ | 6/7 [01:25<00:14, 14.31s/it]
100%|██████████| 7/7 [01:36<00:00, 13.00s/it]
100%|██████████| 7/7 [01:36<00:00, 13.73s/it]
Loss: 0.5374834553961905, accuracy: 74.8038330078125
Validating

  0%|          | 0/3 [00:00<?, ?it/s]
 33%|███▎      | 1/3 [00:14<00:28, 14.20s/it]
 67%|██████▋   | 2/3 [00:28<00:14, 14.22s/it]
100%|██████████| 3/3 [00:34<00:00, 10.32s/it]
100%|██████████| 3/3 [00:34<00:00, 11.37s/it]
Loss: 0.5476888051157227, accuracy: 73.82987976074219


Epoch: 48/50
Training

  0%|          | 0/7 [00:00<?, ?it/s]
 14%|█▍        | 1/7 [00:14<01:25, 14.29s/it]
 29%|██▊       | 2/7 [00:28<01:11, 14.31s/it]
 43%|████▎     | 3/7 [00:42<00:57, 14.31s/it]
 57%|█████▋    | 4/7 [00:57<00:42, 14.31s/it]
 71%|███████▏  | 5/7 [01:11<00:28, 14.29s/it]
 86%|████████▌ | 6/7 [01:25<00:14, 14.29s/it]
100%|██████████| 7/7 [01:36<00:00, 12.99s/it]
100%|██████████| 7/7 [01:36<00:00, 13.73s/it]
Loss: 0.5367616782594441, accuracy: 74.86195373535156
Validating

  0%|          | 0/3 [00:00<?, ?it/s]
 33%|███▎      | 1/3 [00:14<00:28, 14.19s/it]
 67%|██████▋   | 2/3 [00:28<00:14, 14.19s/it]
100%|██████████| 3/3 [00:34<00:00, 10.30s/it]
100%|██████████| 3/3 [00:34<00:00, 11.35s/it]
Loss: 0.5479905979149119, accuracy: 73.74847412109375


Epoch: 49/50
Training

  0%|          | 0/7 [00:00<?, ?it/s]
 14%|█▍        | 1/7 [00:14<01:25, 14.32s/it]
 29%|██▊       | 2/7 [00:28<01:11, 14.31s/it]
 43%|████▎     | 3/7 [00:42<00:57, 14.29s/it]
 57%|█████▋    | 4/7 [00:57<00:42, 14.30s/it]
 71%|███████▏  | 5/7 [01:11<00:28, 14.30s/it]
 86%|████████▌ | 6/7 [01:25<00:14, 14.30s/it]
100%|██████████| 7/7 [01:36<00:00, 12.99s/it]
100%|██████████| 7/7 [01:36<00:00, 13.73s/it]
Loss: 0.5360392285827563, accuracy: 74.8764877319336
Validating

  0%|          | 0/3 [00:00<?, ?it/s]
 33%|███▎      | 1/3 [00:14<00:28, 14.18s/it]
 67%|██████▋   | 2/3 [00:28<00:14, 14.16s/it]
100%|██████████| 3/3 [00:33<00:00, 10.28s/it]
100%|██████████| 3/3 [00:33<00:00, 11.33s/it]
Loss: 0.5472440681517682, accuracy: 73.78917694091797


Epoch: 50/50
Training

  0%|          | 0/7 [00:00<?, ?it/s]
 14%|█▍        | 1/7 [00:14<01:25, 14.29s/it]
 29%|██▊       | 2/7 [00:28<01:11, 14.30s/it]
 43%|████▎     | 3/7 [00:42<00:57, 14.29s/it]
 57%|█████▋    | 4/7 [00:57<00:42, 14.27s/it]
 71%|███████▏  | 5/7 [01:11<00:28, 14.26s/it]
 86%|████████▌ | 6/7 [01:25<00:14, 14.27s/it]
100%|██████████| 7/7 [01:35<00:00, 12.96s/it]
100%|██████████| 7/7 [01:35<00:00, 13.70s/it]
Loss: 0.5365921435782952, accuracy: 74.89102172851562
Validating

  0%|          | 0/3 [00:00<?, ?it/s]
 33%|███▎      | 1/3 [00:14<00:28, 14.17s/it]
 67%|██████▋   | 2/3 [00:28<00:14, 14.18s/it]
100%|██████████| 3/3 [00:34<00:00, 10.49s/it]
100%|██████████| 3/3 [00:34<00:00, 11.49s/it]
Loss: 0.5469453158444586, accuracy: 73.87057495117188


Training Time: 1.0h 48.0m 16.09604024887085s
Best validation accuracy: 73.9112777709961

  0%|          | 0/1 [00:00<?, ?it/s]
100%|██████████| 1/1 [00:07<00:00,  7.01s/it]
100%|██████████| 1/1 [00:07<00:00,  7.01s/it]

Evaluated on test set
accuracy: 76.578%, f1-score: 0.76505

Epoch: 1/50
Training
  0%|          | 0/7 [00:00<?, ?it/s] 14%|█▍        | 1/7 [00:13<01:22, 13.83s/it] 29%|██▊       | 2/7 [00:27<01:08, 13.79s/it] 43%|████▎     | 3/7 [00:41<00:54, 13.75s/it] 57%|█████▋    | 4/7 [00:55<00:41, 13.82s/it] 71%|███████▏  | 5/7 [01:09<00:27, 13.87s/it] 86%|████████▌ | 6/7 [01:23<00:13, 13.98s/it]100%|██████████| 7/7 [01:33<00:00, 12.78s/it]100%|██████████| 7/7 [01:33<00:00, 13.38s/it]
Loss: 0.7019475272005985, accuracy: 48.677711486816406
Validating
  0%|          | 0/3 [00:00<?, ?it/s] 33%|███▎      | 1/3 [00:14<00:28, 14.08s/it] 67%|██████▋   | 2/3 [00:28<00:14, 14.21s/it]100%|██████████| 3/3 [00:34<00:00, 10.34s/it]100%|██████████| 3/3 [00:34<00:00, 11.37s/it]
Loss: 0.6779027654477431, accuracy: 64.7537612915039


Epoch: 2/50
Training
  0%|          | 0/7 [00:00<?, ?it/s] 14%|█▍        | 1/7 [00:14<01:24, 14.12s/it] 29%|██▊       | 2/7 [00:28<01:10, 14.08s/it] 43%|████▎     | 3/7 [00:42<00:56, 14.03s/it] 57%|█████▋    | 4/7 [00:56<00:42, 14.03s/it] 71%|███████▏  | 5/7 [01:10<00:28, 14.07s/it] 86%|████████▌ | 6/7 [01:24<00:14, 14.11s/it]100%|██████████| 7/7 [01:34<00:00, 12.84s/it]100%|██████████| 7/7 [01:34<00:00, 13.53s/it]
Loss: 0.6700990490530924, accuracy: 60.2877082824707
Validating
  0%|          | 0/3 [00:00<?, ?it/s] 33%|███▎      | 1/3 [00:14<00:28, 14.11s/it] 67%|██████▋   | 2/3 [00:28<00:14, 14.14s/it]100%|██████████| 3/3 [00:33<00:00, 10.28s/it]100%|██████████| 3/3 [00:33<00:00, 11.32s/it]
Loss: 0.6698799387536303, accuracy: 66.17826843261719


Epoch: 3/50
Training
  0%|          | 0/7 [00:00<?, ?it/s] 14%|█▍        | 1/7 [00:14<01:25, 14.30s/it] 29%|██▊       | 2/7 [00:28<01:11, 14.37s/it] 43%|████▎     | 3/7 [00:43<00:57, 14.39s/it] 57%|█████▋    | 4/7 [00:57<00:43, 14.38s/it] 71%|███████▏  | 5/7 [01:11<00:28, 14.38s/it] 86%|████████▌ | 6/7 [01:26<00:14, 14.38s/it]100%|██████████| 7/7 [01:36<00:00, 13.08s/it]100%|██████████| 7/7 [01:36<00:00, 13.81s/it]
Loss: 0.644702302044611, accuracy: 68.30862426757812
Validating
  0%|          | 0/3 [00:00<?, ?it/s] 33%|███▎      | 1/3 [00:14<00:28, 14.32s/it] 67%|██████▋   | 2/3 [00:28<00:14, 14.36s/it]100%|██████████| 3/3 [00:34<00:00, 10.43s/it]100%|██████████| 3/3 [00:34<00:00, 11.49s/it]
Loss: 0.667584016015484, accuracy: 63.53276443481445


Epoch: 4/50
Training
  0%|          | 0/7 [00:00<?, ?it/s] 14%|█▍        | 1/7 [00:14<01:26, 14.41s/it] 29%|██▊       | 2/7 [00:28<01:12, 14.42s/it] 43%|████▎     | 3/7 [00:43<00:57, 14.45s/it] 57%|█████▋    | 4/7 [00:57<00:43, 14.45s/it] 71%|███████▏  | 5/7 [01:12<00:28, 14.46s/it] 86%|████████▌ | 6/7 [01:26<00:14, 14.39s/it]100%|██████████| 7/7 [01:36<00:00, 13.04s/it]100%|██████████| 7/7 [01:36<00:00, 13.82s/it]
Loss: 0.624479386460743, accuracy: 71.73786926269531
Validating
  0%|          | 0/3 [00:00<?, ?it/s] 33%|███▎      | 1/3 [00:14<00:28, 14.09s/it] 67%|██████▋   | 2/3 [00:28<00:14, 14.11s/it]100%|██████████| 3/3 [00:33<00:00, 10.25s/it]100%|██████████| 3/3 [00:33<00:00, 11.29s/it]
Loss: 0.6501215022174042, accuracy: 66.01547241210938


Epoch: 5/50
Training
  0%|          | 0/7 [00:00<?, ?it/s] 14%|█▍        | 1/7 [00:14<01:25, 14.21s/it] 29%|██▊       | 2/7 [00:28<01:11, 14.25s/it] 43%|████▎     | 3/7 [00:42<00:57, 14.36s/it] 57%|█████▋    | 4/7 [00:57<00:43, 14.40s/it] 71%|███████▏  | 5/7 [01:11<00:28, 14.43s/it] 86%|████████▌ | 6/7 [01:26<00:14, 14.45s/it]100%|██████████| 7/7 [01:36<00:00, 13.14s/it]100%|██████████| 7/7 [01:36<00:00, 13.84s/it]
Loss: 0.609168913779443, accuracy: 73.13280487060547
Validating
  0%|          | 0/3 [00:00<?, ?it/s] 33%|███▎      | 1/3 [00:14<00:28, 14.33s/it] 67%|██████▋   | 2/3 [00:28<00:14, 14.34s/it]100%|██████████| 3/3 [00:34<00:00, 10.40s/it]100%|██████████| 3/3 [00:34<00:00, 11.46s/it]
Loss: 0.6284349020487126, accuracy: 69.71916961669922


Epoch: 6/50
Training
  0%|          | 0/7 [00:00<?, ?it/s] 14%|█▍        | 1/7 [00:14<01:25, 14.30s/it] 29%|██▊       | 2/7 [00:28<01:11, 14.33s/it] 43%|████▎     | 3/7 [00:43<00:57, 14.34s/it] 57%|█████▋    | 4/7 [00:57<00:43, 14.34s/it] 71%|███████▏  | 5/7 [01:11<00:28, 14.35s/it] 86%|████████▌ | 6/7 [01:26<00:14, 14.35s/it]100%|██████████| 7/7 [01:36<00:00, 13.04s/it]100%|██████████| 7/7 [01:36<00:00, 13.77s/it]
Loss: 0.5969717139700269, accuracy: 73.80121612548828
Validating
  0%|          | 0/3 [00:00<?, ?it/s] 33%|███▎      | 1/3 [00:14<00:28, 14.22s/it] 67%|██████▋   | 2/3 [00:28<00:14, 14.25s/it]100%|██████████| 3/3 [00:34<00:00, 10.35s/it]100%|██████████| 3/3 [00:34<00:00, 11.40s/it]
Loss: 0.6129947429174906, accuracy: 72.323974609375


Epoch: 7/50
Training
  0%|          | 0/7 [00:00<?, ?it/s] 14%|█▍        | 1/7 [00:14<01:26, 14.34s/it] 29%|██▊       | 2/7 [00:28<01:11, 14.35s/it] 43%|████▎     | 3/7 [00:43<00:57, 14.35s/it] 57%|█████▋    | 4/7 [00:57<00:43, 14.35s/it] 71%|███████▏  | 5/7 [01:11<00:28, 14.35s/it] 86%|████████▌ | 6/7 [01:26<00:14, 14.36s/it]100%|██████████| 7/7 [01:36<00:00, 13.05s/it]100%|██████████| 7/7 [01:36<00:00, 13.78s/it]
Loss: 0.5870744419354265, accuracy: 74.19354248046875
Validating
  0%|          | 0/3 [00:00<?, ?it/s] 33%|███▎      | 1/3 [00:14<00:28, 14.17s/it] 67%|██████▋   | 2/3 [00:28<00:14, 14.20s/it]100%|██████████| 3/3 [00:34<00:00, 10.32s/it]100%|██████████| 3/3 [00:34<00:00, 11.36s/it]
Loss: 0.6024707399056993, accuracy: 72.85307312011719


Epoch: 8/50
Training
  0%|          | 0/7 [00:00<?, ?it/s] 14%|█▍        | 1/7 [00:14<01:25, 14.32s/it] 29%|██▊       | 2/7 [00:28<01:11, 14.36s/it] 43%|████▎     | 3/7 [00:43<00:57, 14.36s/it] 57%|█████▋    | 4/7 [00:57<00:43, 14.35s/it] 71%|███████▏  | 5/7 [01:11<00:28, 14.33s/it] 86%|████████▌ | 6/7 [01:26<00:14, 14.33s/it]100%|██████████| 7/7 [01:36<00:00, 13.02s/it]100%|██████████| 7/7 [01:36<00:00, 13.77s/it]
Loss: 0.5799074290069651, accuracy: 74.35338592529297
Validating
  0%|          | 0/3 [00:00<?, ?it/s] 33%|███▎      | 1/3 [00:14<00:28, 14.27s/it] 67%|██████▋   | 2/3 [00:28<00:14, 14.27s/it]100%|██████████| 3/3 [00:34<00:00, 10.35s/it]100%|██████████| 3/3 [00:34<00:00, 11.41s/it]
Loss: 0.5970451063531464, accuracy: 73.01587677001953


Epoch: 9/50
Training
  0%|          | 0/7 [00:00<?, ?it/s] 14%|█▍        | 1/7 [00:14<01:26, 14.36s/it] 29%|██▊       | 2/7 [00:28<01:11, 14.40s/it] 43%|████▎     | 3/7 [00:43<00:57, 14.38s/it] 57%|█████▋    | 4/7 [00:57<00:43, 14.37s/it] 71%|███████▏  | 5/7 [01:11<00:28, 14.38s/it] 86%|████████▌ | 6/7 [01:26<00:14, 14.38s/it]100%|██████████| 7/7 [01:36<00:00, 13.06s/it]100%|██████████| 7/7 [01:36<00:00, 13.80s/it]
Loss: 0.5740804186015585, accuracy: 74.67305755615234
Validating
  0%|          | 0/3 [00:00<?, ?it/s] 33%|███▎      | 1/3 [00:14<00:28, 14.27s/it] 67%|██████▋   | 2/3 [00:28<00:14, 14.28s/it]100%|██████████| 3/3 [00:34<00:00, 10.36s/it]100%|██████████| 3/3 [00:34<00:00, 11.42s/it]
Loss: 0.5916362537278069, accuracy: 73.01587677001953


Epoch: 10/50
Training
  0%|          | 0/7 [00:00<?, ?it/s] 14%|█▍        | 1/7 [00:14<01:26, 14.42s/it] 29%|██▊       | 2/7 [00:28<01:12, 14.42s/it] 43%|████▎     | 3/7 [00:43<00:57, 14.41s/it] 57%|█████▋    | 4/7 [00:57<00:43, 14.43s/it] 71%|███████▏  | 5/7 [01:12<00:28, 14.43s/it] 86%|████████▌ | 6/7 [01:26<00:14, 14.41s/it]100%|██████████| 7/7 [01:36<00:00, 13.09s/it]100%|██████████| 7/7 [01:36<00:00, 13.84s/it]
Loss: 0.5696745947917095, accuracy: 74.62947082519531
Validating
  0%|          | 0/3 [00:00<?, ?it/s] 33%|███▎      | 1/3 [00:14<00:28, 14.27s/it] 67%|██████▋   | 2/3 [00:28<00:14, 14.30s/it]100%|██████████| 3/3 [00:34<00:00, 10.40s/it]100%|██████████| 3/3 [00:34<00:00, 11.45s/it]
Loss: 0.5884278587902956, accuracy: 73.26007843017578


Epoch: 11/50
Training
  0%|          | 0/7 [00:00<?, ?it/s] 14%|█▍        | 1/7 [00:14<01:26, 14.41s/it] 29%|██▊       | 2/7 [00:28<01:11, 14.40s/it] 43%|████▎     | 3/7 [00:43<00:57, 14.40s/it] 57%|█████▋    | 4/7 [00:57<00:43, 14.40s/it] 71%|███████▏  | 5/7 [01:12<00:28, 14.40s/it] 86%|████████▌ | 6/7 [01:26<00:14, 14.41s/it]100%|██████████| 7/7 [01:36<00:00, 13.09s/it]100%|██████████| 7/7 [01:36<00:00, 13.83s/it]
Loss: 0.5660066190620939, accuracy: 74.76023864746094
Validating
  0%|          | 0/3 [00:00<?, ?it/s] 33%|███▎      | 1/3 [00:14<00:28, 14.29s/it] 67%|██████▋   | 2/3 [00:28<00:14, 14.28s/it]100%|██████████| 3/3 [00:34<00:00, 10.38s/it]100%|██████████| 3/3 [00:34<00:00, 11.43s/it]
Loss: 0.5849758976593608, accuracy: 73.30078125


Epoch: 12/50
Training
  0%|          | 0/7 [00:00<?, ?it/s] 14%|█▍        | 1/7 [00:14<01:26, 14.42s/it] 29%|██▊       | 2/7 [00:28<01:12, 14.43s/it] 43%|████▎     | 3/7 [00:43<00:57, 14.44s/it] 57%|█████▋    | 4/7 [00:57<00:43, 14.41s/it] 71%|███████▏  | 5/7 [01:12<00:28, 14.39s/it] 86%|████████▌ | 6/7 [01:26<00:14, 14.37s/it]100%|██████████| 7/7 [01:36<00:00, 13.08s/it]100%|██████████| 7/7 [01:36<00:00, 13.83s/it]
Loss: 0.5624583562734826, accuracy: 74.8764877319336
Validating
  0%|          | 0/3 [00:00<?, ?it/s] 33%|███▎      | 1/3 [00:14<00:28, 14.32s/it] 67%|██████▋   | 2/3 [00:28<00:14, 14.33s/it]100%|██████████| 3/3 [00:34<00:00, 10.41s/it]100%|██████████| 3/3 [00:34<00:00, 11.46s/it]
Loss: 0.5829607491382603, accuracy: 73.38217163085938


Epoch: 13/50
Training
  0%|          | 0/7 [00:00<?, ?it/s] 14%|█▍        | 1/7 [00:14<01:26, 14.37s/it] 29%|██▊       | 2/7 [00:28<01:11, 14.39s/it] 43%|████▎     | 3/7 [00:43<00:57, 14.41s/it] 57%|█████▋    | 4/7 [00:57<00:43, 14.38s/it] 71%|███████▏  | 5/7 [01:11<00:28, 14.39s/it] 86%|████████▌ | 6/7 [01:26<00:14, 14.37s/it]100%|██████████| 7/7 [01:36<00:00, 13.07s/it]100%|██████████| 7/7 [01:36<00:00, 13.81s/it]
Loss: 0.5595718932616022, accuracy: 74.99273681640625
Validating
  0%|          | 0/3 [00:00<?, ?it/s] 33%|███▎      | 1/3 [00:14<00:28, 14.27s/it] 67%|██████▋   | 2/3 [00:28<00:14, 14.27s/it]100%|██████████| 3/3 [00:34<00:00, 10.38s/it]100%|██████████| 3/3 [00:34<00:00, 11.43s/it]
Loss: 0.5811182359490493, accuracy: 73.38217163085938


Epoch: 14/50
Training
  0%|          | 0/7 [00:00<?, ?it/s] 14%|█▍        | 1/7 [00:14<01:26, 14.38s/it] 29%|██▊       | 2/7 [00:28<01:11, 14.37s/it] 43%|████▎     | 3/7 [00:43<00:57, 14.37s/it] 57%|█████▋    | 4/7 [00:57<00:43, 14.35s/it] 71%|███████▏  | 5/7 [01:11<00:28, 14.38s/it] 86%|████████▌ | 6/7 [01:26<00:14, 14.38s/it]100%|██████████| 7/7 [01:36<00:00, 13.07s/it]100%|██████████| 7/7 [01:36<00:00, 13.80s/it]
Loss: 0.5579895654482676, accuracy: 75.03632354736328
Validating
  0%|          | 0/3 [00:00<?, ?it/s] 33%|███▎      | 1/3 [00:14<00:28, 14.35s/it] 67%|██████▋   | 2/3 [00:28<00:14, 14.30s/it]100%|██████████| 3/3 [00:34<00:00, 10.39s/it]100%|██████████| 3/3 [00:34<00:00, 11.45s/it]
Loss: 0.5785085514982299, accuracy: 73.5042724609375


Epoch: 15/50
Training
  0%|          | 0/7 [00:00<?, ?it/s] 14%|█▍        | 1/7 [00:14<01:26, 14.36s/it] 29%|██▊       | 2/7 [00:28<01:11, 14.37s/it] 43%|████▎     | 3/7 [00:43<00:57, 14.37s/it] 57%|█████▋    | 4/7 [00:57<00:43, 14.38s/it] 71%|███████▏  | 5/7 [01:11<00:28, 14.36s/it] 86%|████████▌ | 6/7 [01:26<00:14, 14.35s/it]100%|██████████| 7/7 [01:36<00:00, 13.00s/it]100%|██████████| 7/7 [01:36<00:00, 13.77s/it]
Loss: 0.5555150527934701, accuracy: 75.02178955078125
Validating
  0%|          | 0/3 [00:00<?, ?it/s] 33%|███▎      | 1/3 [00:14<00:28, 14.10s/it] 67%|██████▋   | 2/3 [00:28<00:14, 14.12s/it]100%|██████████| 3/3 [00:33<00:00, 10.24s/it]100%|██████████| 3/3 [00:33<00:00, 11.28s/it]
Loss: 0.5782720686266662, accuracy: 73.58567810058594


Epoch: 16/50
Training
  0%|          | 0/7 [00:00<?, ?it/s] 14%|█▍        | 1/7 [00:14<01:25, 14.23s/it] 29%|██▊       | 2/7 [00:28<01:11, 14.26s/it] 43%|████▎     | 3/7 [00:42<00:57, 14.25s/it] 57%|█████▋    | 4/7 [00:56<00:42, 14.25s/it] 71%|███████▏  | 5/7 [01:11<00:28, 14.27s/it] 86%|████████▌ | 6/7 [01:25<00:14, 14.28s/it]100%|██████████| 7/7 [01:35<00:00, 12.96s/it]100%|██████████| 7/7 [01:35<00:00, 13.69s/it]
Loss: 0.5541684172659965, accuracy: 74.93460845947266
Validating
  0%|          | 0/3 [00:00<?, ?it/s] 33%|███▎      | 1/3 [00:14<00:28, 14.11s/it] 67%|██████▋   | 2/3 [00:28<00:14, 14.13s/it]100%|██████████| 3/3 [00:33<00:00, 10.25s/it]100%|██████████| 3/3 [00:33<00:00, 11.30s/it]
Loss: 0.5761985897435664, accuracy: 73.30078125


Epoch: 17/50
Training
  0%|          | 0/7 [00:00<?, ?it/s] 14%|█▍        | 1/7 [00:14<01:25, 14.24s/it] 29%|██▊       | 2/7 [00:28<01:11, 14.24s/it] 43%|████▎     | 3/7 [00:42<00:56, 14.24s/it] 57%|█████▋    | 4/7 [00:56<00:42, 14.23s/it] 71%|███████▏  | 5/7 [01:11<00:28, 14.24s/it] 86%|████████▌ | 6/7 [01:25<00:14, 14.24s/it]100%|██████████| 7/7 [01:35<00:00, 12.94s/it]100%|██████████| 7/7 [01:35<00:00, 13.67s/it]
Loss: 0.5532020569990901, accuracy: 74.789306640625
Validating
  0%|          | 0/3 [00:00<?, ?it/s] 33%|███▎      | 1/3 [00:14<00:28, 14.11s/it] 67%|██████▋   | 2/3 [00:28<00:14, 14.10s/it]100%|██████████| 3/3 [00:33<00:00, 10.22s/it]100%|██████████| 3/3 [00:33<00:00, 11.27s/it]
Loss: 0.5750461010414748, accuracy: 73.46357727050781


Epoch: 18/50
Training
  0%|          | 0/7 [00:00<?, ?it/s] 14%|█▍        | 1/7 [00:14<01:25, 14.21s/it] 29%|██▊       | 2/7 [00:28<01:11, 14.24s/it] 43%|████▎     | 3/7 [00:42<00:56, 14.23s/it] 57%|█████▋    | 4/7 [00:56<00:42, 14.22s/it] 71%|███████▏  | 5/7 [01:11<00:28, 14.23s/it] 86%|████████▌ | 6/7 [01:25<00:14, 14.20s/it]100%|██████████| 7/7 [01:35<00:00, 12.92s/it]100%|██████████| 7/7 [01:35<00:00, 13.65s/it]
Loss: 0.5507395318412948, accuracy: 75.00726318359375
Validating
  0%|          | 0/3 [00:00<?, ?it/s] 33%|███▎      | 1/3 [00:14<00:28, 14.11s/it] 67%|██████▋   | 2/3 [00:28<00:14, 14.12s/it]100%|██████████| 3/3 [00:33<00:00, 10.24s/it]100%|██████████| 3/3 [00:33<00:00, 11.28s/it]
Loss: 0.5739901320061938, accuracy: 73.42288208007812


Epoch: 19/50
Training
  0%|          | 0/7 [00:00<?, ?it/s] 14%|█▍        | 1/7 [00:14<01:25, 14.26s/it] 29%|██▊       | 2/7 [00:28<01:11, 14.23s/it] 43%|████▎     | 3/7 [00:42<00:56, 14.22s/it] 57%|█████▋    | 4/7 [00:56<00:42, 14.22s/it] 71%|███████▏  | 5/7 [01:11<00:28, 14.23s/it] 86%|████████▌ | 6/7 [01:25<00:14, 14.23s/it]100%|██████████| 7/7 [01:35<00:00, 12.93s/it]100%|██████████| 7/7 [01:35<00:00, 13.66s/it]
Loss: 0.5497081982503967, accuracy: 75.1380386352539
Validating
  0%|          | 0/3 [00:00<?, ?it/s] 33%|███▎      | 1/3 [00:14<00:28, 14.13s/it] 67%|██████▋   | 2/3 [00:28<00:14, 14.14s/it]100%|██████████| 3/3 [00:33<00:00, 10.28s/it]100%|██████████| 3/3 [00:33<00:00, 11.32s/it]
Loss: 0.5730398749984955, accuracy: 73.5042724609375


Epoch: 20/50
Training
  0%|          | 0/7 [00:00<?, ?it/s] 14%|█▍        | 1/7 [00:14<01:25, 14.21s/it] 29%|██▊       | 2/7 [00:28<01:11, 14.24s/it] 43%|████▎     | 3/7 [00:42<00:56, 14.24s/it] 57%|█████▋    | 4/7 [00:56<00:42, 14.25s/it] 71%|███████▏  | 5/7 [01:11<00:28, 14.24s/it] 86%|████████▌ | 6/7 [01:25<00:14, 14.25s/it]100%|██████████| 7/7 [01:35<00:00, 12.95s/it]100%|██████████| 7/7 [01:35<00:00, 13.68s/it]
Loss: 0.5483429760684873, accuracy: 75.09445190429688
Validating
  0%|          | 0/3 [00:00<?, ?it/s] 33%|███▎      | 1/3 [00:14<00:28, 14.09s/it] 67%|██████▋   | 2/3 [00:28<00:14, 14.10s/it]100%|██████████| 3/3 [00:33<00:00, 10.23s/it]100%|██████████| 3/3 [00:33<00:00, 11.28s/it]
Loss: 0.5723234168096534, accuracy: 73.38217163085938


Epoch: 21/50
Training
  0%|          | 0/7 [00:00<?, ?it/s] 14%|█▍        | 1/7 [00:14<01:25, 14.25s/it] 29%|██▊       | 2/7 [00:28<01:11, 14.25s/it] 43%|████▎     | 3/7 [00:42<00:56, 14.24s/it] 57%|█████▋    | 4/7 [00:56<00:42, 14.25s/it] 71%|███████▏  | 5/7 [01:11<00:28, 14.25s/it] 86%|████████▌ | 6/7 [01:25<00:14, 14.25s/it]100%|██████████| 7/7 [01:35<00:00, 12.95s/it]100%|██████████| 7/7 [01:35<00:00, 13.68s/it]
Loss: 0.548047883380329, accuracy: 75.18163299560547
Validating
  0%|          | 0/3 [00:00<?, ?it/s] 33%|███▎      | 1/3 [00:14<00:28, 14.11s/it] 67%|██████▋   | 2/3 [00:28<00:14, 14.13s/it]100%|██████████| 3/3 [00:33<00:00, 10.25s/it]100%|██████████| 3/3 [00:33<00:00, 11.30s/it]
Loss: 0.571705052752683, accuracy: 73.58567810058594


Epoch: 22/50
Training
  0%|          | 0/7 [00:00<?, ?it/s] 14%|█▍        | 1/7 [00:14<01:25, 14.27s/it] 29%|██▊       | 2/7 [00:28<01:11, 14.27s/it] 43%|████▎     | 3/7 [00:42<00:57, 14.25s/it] 57%|█████▋    | 4/7 [00:57<00:42, 14.27s/it] 71%|███████▏  | 5/7 [01:11<00:28, 14.26s/it] 86%|████████▌ | 6/7 [01:25<00:14, 14.26s/it]100%|██████████| 7/7 [01:36<00:00, 13.14s/it]100%|██████████| 7/7 [01:36<00:00, 13.77s/it]
Loss: 0.5468072531979224, accuracy: 75.06538391113281
Validating
  0%|          | 0/3 [00:00<?, ?it/s] 33%|███▎      | 1/3 [00:14<00:28, 14.29s/it] 67%|██████▋   | 2/3 [00:28<00:14, 14.30s/it]100%|██████████| 3/3 [00:34<00:00, 10.37s/it]100%|██████████| 3/3 [00:34<00:00, 11.43s/it]
Loss: 0.5704269134081327, accuracy: 73.62637329101562


Epoch: 23/50
Training
  0%|          | 0/7 [00:00<?, ?it/s] 14%|█▍        | 1/7 [00:14<01:26, 14.39s/it] 29%|██▊       | 2/7 [00:28<01:11, 14.37s/it] 43%|████▎     | 3/7 [00:43<00:57, 14.38s/it] 57%|█████▋    | 4/7 [00:57<00:43, 14.40s/it] 71%|███████▏  | 5/7 [01:11<00:28, 14.40s/it] 86%|████████▌ | 6/7 [01:26<00:14, 14.41s/it]100%|██████████| 7/7 [01:36<00:00, 13.09s/it]100%|██████████| 7/7 [01:36<00:00, 13.82s/it]
Loss: 0.5456371726562934, accuracy: 75.15257263183594
Validating
  0%|          | 0/3 [00:00<?, ?it/s] 33%|███▎      | 1/3 [00:14<00:28, 14.26s/it] 67%|██████▋   | 2/3 [00:28<00:14, 14.33s/it]100%|██████████| 3/3 [00:34<00:00, 10.42s/it]100%|██████████| 3/3 [00:34<00:00, 11.47s/it]
Loss: 0.5699046832737905, accuracy: 73.62637329101562


Epoch: 24/50
Training
  0%|          | 0/7 [00:00<?, ?it/s] 14%|█▍        | 1/7 [00:14<01:26, 14.38s/it] 29%|██▊       | 2/7 [00:28<01:11, 14.40s/it] 43%|████▎     | 3/7 [00:43<00:57, 14.39s/it] 57%|█████▋    | 4/7 [00:57<00:43, 14.38s/it] 71%|███████▏  | 5/7 [01:11<00:28, 14.38s/it] 86%|████████▌ | 6/7 [01:26<00:14, 14.38s/it]100%|██████████| 7/7 [01:36<00:00, 13.05s/it]100%|██████████| 7/7 [01:36<00:00, 13.80s/it]
Loss: 0.5443515788847123, accuracy: 75.12350463867188
Validating
  0%|          | 0/3 [00:00<?, ?it/s] 33%|███▎      | 1/3 [00:14<00:28, 14.24s/it] 67%|██████▋   | 2/3 [00:28<00:14, 14.24s/it]100%|██████████| 3/3 [00:34<00:00, 10.34s/it]100%|██████████| 3/3 [00:34<00:00, 11.39s/it]
Loss: 0.5696024271012518, accuracy: 73.5042724609375


Epoch: 25/50
Training
  0%|          | 0/7 [00:00<?, ?it/s] 14%|█▍        | 1/7 [00:14<01:26, 14.34s/it] 29%|██▊       | 2/7 [00:28<01:11, 14.36s/it] 43%|████▎     | 3/7 [00:43<00:57, 14.40s/it] 57%|█████▋    | 4/7 [00:57<00:43, 14.40s/it] 71%|███████▏  | 5/7 [01:11<00:28, 14.40s/it] 86%|████████▌ | 6/7 [01:26<00:14, 14.41s/it]100%|██████████| 7/7 [01:36<00:00, 13.10s/it]100%|██████████| 7/7 [01:36<00:00, 13.83s/it]
Loss: 0.5446150441288914, accuracy: 74.86195373535156
Validating
  0%|          | 0/3 [00:00<?, ?it/s] 33%|███▎      | 1/3 [00:14<00:28, 14.27s/it] 67%|██████▋   | 2/3 [00:28<00:14, 14.25s/it]100%|██████████| 3/3 [00:34<00:00, 10.35s/it]100%|██████████| 3/3 [00:34<00:00, 11.41s/it]
Loss: 0.5687939397290221, accuracy: 73.70777893066406


Epoch: 26/50
Training
  0%|          | 0/7 [00:00<?, ?it/s] 14%|█▍        | 1/7 [00:14<01:25, 14.28s/it] 29%|██▊       | 2/7 [00:28<01:11, 14.30s/it] 43%|████▎     | 3/7 [00:42<00:57, 14.32s/it] 57%|█████▋    | 4/7 [00:57<00:43, 14.34s/it] 71%|███████▏  | 5/7 [01:11<00:28, 14.33s/it] 86%|████████▌ | 6/7 [01:25<00:14, 14.32s/it]100%|██████████| 7/7 [01:36<00:00, 13.02s/it]100%|██████████| 7/7 [01:36<00:00, 13.75s/it]
Loss: 0.5435059994190663, accuracy: 75.1380386352539
Validating
  0%|          | 0/3 [00:00<?, ?it/s] 33%|███▎      | 1/3 [00:14<00:28, 14.18s/it] 67%|██████▋   | 2/3 [00:28<00:14, 14.20s/it]100%|██████████| 3/3 [00:34<00:00, 10.32s/it]100%|██████████| 3/3 [00:34<00:00, 11.37s/it]
Loss: 0.5682044238106817, accuracy: 73.62637329101562


Epoch: 27/50
Training
  0%|          | 0/7 [00:00<?, ?it/s] 14%|█▍        | 1/7 [00:14<01:25, 14.31s/it] 29%|██▊       | 2/7 [00:28<01:11, 14.32s/it] 43%|████▎     | 3/7 [00:42<00:57, 14.32s/it] 57%|█████▋    | 4/7 [00:57<00:42, 14.32s/it] 71%|███████▏  | 5/7 [01:11<00:28, 14.33s/it] 86%|████████▌ | 6/7 [01:25<00:14, 14.33s/it]100%|██████████| 7/7 [01:36<00:00, 13.01s/it]100%|██████████| 7/7 [01:36<00:00, 13.75s/it]
Loss: 0.5431810641177898, accuracy: 74.94914245605469
Validating
  0%|          | 0/3 [00:00<?, ?it/s] 33%|███▎      | 1/3 [00:14<00:28, 14.20s/it] 67%|██████▋   | 2/3 [00:28<00:14, 14.19s/it]100%|██████████| 3/3 [00:34<00:00, 10.31s/it]100%|██████████| 3/3 [00:34<00:00, 11.36s/it]
Loss: 0.5675059721680449, accuracy: 73.66707611083984


Epoch: 28/50
Training
  0%|          | 0/7 [00:00<?, ?it/s] 14%|█▍        | 1/7 [00:14<01:25, 14.33s/it] 29%|██▊       | 2/7 [00:28<01:11, 14.32s/it] 43%|████▎     | 3/7 [00:42<00:57, 14.31s/it] 57%|█████▋    | 4/7 [00:57<00:42, 14.32s/it] 71%|███████▏  | 5/7 [01:11<00:28, 14.33s/it] 86%|████████▌ | 6/7 [01:25<00:14, 14.34s/it]100%|██████████| 7/7 [01:36<00:00, 13.04s/it]100%|██████████| 7/7 [01:36<00:00, 13.76s/it]
Loss: 0.5424720236846993, accuracy: 75.10897827148438
Validating
  0%|          | 0/3 [00:00<?, ?it/s] 33%|███▎      | 1/3 [00:14<00:28, 14.19s/it] 67%|██████▋   | 2/3 [00:28<00:14, 14.19s/it]100%|██████████| 3/3 [00:34<00:00, 10.31s/it]100%|██████████| 3/3 [00:34<00:00, 11.36s/it]
Loss: 0.5677175106534542, accuracy: 73.46357727050781


Epoch: 29/50
Training
  0%|          | 0/7 [00:00<?, ?it/s] 14%|█▍        | 1/7 [00:14<01:25, 14.32s/it] 29%|██▊       | 2/7 [00:28<01:11, 14.32s/it] 43%|████▎     | 3/7 [00:42<00:57, 14.33s/it] 57%|█████▋    | 4/7 [00:57<00:42, 14.31s/it] 71%|███████▏  | 5/7 [01:11<00:28, 14.32s/it] 86%|████████▌ | 6/7 [01:25<00:14, 14.31s/it]100%|██████████| 7/7 [01:36<00:00, 13.01s/it]100%|██████████| 7/7 [01:36<00:00, 13.75s/it]
Loss: 0.5410653448181074, accuracy: 75.03632354736328
Validating
  0%|          | 0/3 [00:00<?, ?it/s] 33%|███▎      | 1/3 [00:14<00:28, 14.20s/it] 67%|██████▋   | 2/3 [00:28<00:14, 14.21s/it]100%|██████████| 3/3 [00:34<00:00, 10.33s/it]100%|██████████| 3/3 [00:34<00:00, 11.38s/it]
Loss: 0.5670208357241177, accuracy: 73.42288208007812


Epoch: 30/50
Training
  0%|          | 0/7 [00:00<?, ?it/s] 14%|█▍        | 1/7 [00:14<01:25, 14.33s/it] 29%|██▊       | 2/7 [00:28<01:11, 14.34s/it] 43%|████▎     | 3/7 [00:43<00:57, 14.37s/it] 57%|█████▋    | 4/7 [00:57<00:43, 14.38s/it] 71%|███████▏  | 5/7 [01:11<00:28, 14.37s/it] 86%|████████▌ | 6/7 [01:26<00:14, 14.37s/it]100%|██████████| 7/7 [01:36<00:00, 13.06s/it]100%|██████████| 7/7 [01:36<00:00, 13.79s/it]
Loss: 0.5414476928860599, accuracy: 74.99273681640625
Validating
  0%|          | 0/3 [00:00<?, ?it/s] 33%|███▎      | 1/3 [00:14<00:28, 14.23s/it] 67%|██████▋   | 2/3 [00:28<00:14, 14.22s/it]100%|██████████| 3/3 [00:34<00:00, 10.33s/it]100%|██████████| 3/3 [00:34<00:00, 11.38s/it]
Loss: 0.5662773358273613, accuracy: 73.70777893066406


Epoch: 31/50
Training
  0%|          | 0/7 [00:00<?, ?it/s] 14%|█▍        | 1/7 [00:14<01:25, 14.33s/it] 29%|██▊       | 2/7 [00:28<01:11, 14.35s/it] 43%|████▎     | 3/7 [00:43<00:57, 14.35s/it] 57%|█████▋    | 4/7 [00:57<00:43, 14.36s/it] 71%|███████▏  | 5/7 [01:11<00:28, 14.35s/it] 86%|████████▌ | 6/7 [01:26<00:14, 14.34s/it]100%|██████████| 7/7 [01:36<00:00, 13.03s/it]100%|██████████| 7/7 [01:36<00:00, 13.77s/it]
Loss: 0.5411447034399026, accuracy: 75.00726318359375
Validating
  0%|          | 0/3 [00:00<?, ?it/s] 33%|███▎      | 1/3 [00:14<00:28, 14.25s/it] 67%|██████▋   | 2/3 [00:28<00:14, 14.26s/it]100%|██████████| 3/3 [00:34<00:00, 10.36s/it]100%|██████████| 3/3 [00:34<00:00, 11.41s/it]
Loss: 0.5660872141132036, accuracy: 73.66707611083984


Epoch: 32/50
Training
  0%|          | 0/7 [00:00<?, ?it/s] 14%|█▍        | 1/7 [00:14<01:25, 14.32s/it] 29%|██▊       | 2/7 [00:28<01:11, 14.35s/it] 43%|████▎     | 3/7 [00:43<00:57, 14.36s/it] 57%|█████▋    | 4/7 [00:57<00:43, 14.36s/it] 71%|███████▏  | 5/7 [01:11<00:28, 14.32s/it] 86%|████████▌ | 6/7 [01:25<00:14, 14.31s/it]100%|██████████| 7/7 [01:36<00:00, 13.01s/it]100%|██████████| 7/7 [01:36<00:00, 13.76s/it]
Loss: 0.5396420515335358, accuracy: 75.00726318359375
Validating
  0%|          | 0/3 [00:00<?, ?it/s] 33%|███▎      | 1/3 [00:14<00:28, 14.23s/it] 67%|██████▋   | 2/3 [00:28<00:14, 14.23s/it]100%|██████████| 3/3 [00:34<00:00, 10.35s/it]100%|██████████| 3/3 [00:34<00:00, 11.40s/it]
Loss: 0.5656230537009327, accuracy: 73.74847412109375


Epoch: 33/50
Training
  0%|          | 0/7 [00:00<?, ?it/s] 14%|█▍        | 1/7 [00:14<01:25, 14.30s/it] 29%|██▊       | 2/7 [00:28<01:11, 14.39s/it] 43%|████▎     | 3/7 [00:43<00:57, 14.42s/it] 57%|█████▋    | 4/7 [00:57<00:43, 14.44s/it] 71%|███████▏  | 5/7 [01:12<00:28, 14.44s/it] 86%|████████▌ | 6/7 [01:26<00:14, 14.42s/it]100%|██████████| 7/7 [01:36<00:00, 13.11s/it]100%|██████████| 7/7 [01:36<00:00, 13.84s/it]
Loss: 0.5398314310796938, accuracy: 75.06538391113281
Validating
  0%|          | 0/3 [00:00<?, ?it/s] 33%|███▎      | 1/3 [00:14<00:28, 14.33s/it] 67%|██████▋   | 2/3 [00:28<00:14, 14.34s/it]100%|██████████| 3/3 [00:34<00:00, 10.42s/it]100%|██████████| 3/3 [00:34<00:00, 11.47s/it]
Loss: 0.5646131981374968, accuracy: 73.70777893066406


Epoch: 34/50
Training
  0%|          | 0/7 [00:00<?, ?it/s] 14%|█▍        | 1/7 [00:14<01:26, 14.36s/it] 29%|██▊       | 2/7 [00:28<01:11, 14.36s/it] 43%|████▎     | 3/7 [00:43<00:57, 14.38s/it] 57%|█████▋    | 4/7 [00:57<00:43, 14.36s/it] 71%|███████▏  | 5/7 [01:11<00:28, 14.39s/it] 86%|████████▌ | 6/7 [01:26<00:14, 14.41s/it]100%|██████████| 7/7 [01:36<00:00, 13.11s/it]100%|██████████| 7/7 [01:36<00:00, 13.82s/it]
Loss: 0.5389565596466874, accuracy: 74.99273681640625
Validating
  0%|          | 0/3 [00:00<?, ?it/s] 33%|███▎      | 1/3 [00:14<00:28, 14.32s/it] 67%|██████▋   | 2/3 [00:28<00:14, 14.32s/it]100%|██████████| 3/3 [00:34<00:00, 10.40s/it]100%|██████████| 3/3 [00:34<00:00, 11.46s/it]
Loss: 0.5651795324825105, accuracy: 73.82987976074219


Epoch: 35/50
Training
  0%|          | 0/7 [00:00<?, ?it/s] 14%|█▍        | 1/7 [00:14<01:26, 14.46s/it] 29%|██▊       | 2/7 [00:28<01:12, 14.47s/it] 43%|████▎     | 3/7 [00:43<00:57, 14.46s/it] 57%|█████▋    | 4/7 [00:57<00:43, 14.44s/it] 71%|███████▏  | 5/7 [01:12<00:28, 14.43s/it] 86%|████████▌ | 6/7 [01:26<00:14, 14.42s/it]100%|██████████| 7/7 [01:36<00:00, 13.09s/it]100%|██████████| 7/7 [01:36<00:00, 13.85s/it]
Loss: 0.538190664922176, accuracy: 75.07991790771484
Validating
  0%|          | 0/3 [00:00<?, ?it/s] 33%|███▎      | 1/3 [00:14<00:28, 14.23s/it] 67%|██████▋   | 2/3 [00:28<00:14, 14.25s/it]100%|██████████| 3/3 [00:34<00:00, 10.35s/it]100%|██████████| 3/3 [00:34<00:00, 11.40s/it]
Loss: 0.5648816798972462, accuracy: 73.66707611083984


Epoch: 36/50
Training
  0%|          | 0/7 [00:00<?, ?it/s] 14%|█▍        | 1/7 [00:14<01:26, 14.40s/it] 29%|██▊       | 2/7 [00:28<01:12, 14.40s/it] 43%|████▎     | 3/7 [00:43<00:57, 14.40s/it] 57%|█████▋    | 4/7 [00:57<00:43, 14.40s/it] 71%|███████▏  | 5/7 [01:11<00:28, 14.40s/it] 86%|████████▌ | 6/7 [01:26<00:14, 14.39s/it]100%|██████████| 7/7 [01:36<00:00, 13.07s/it]100%|██████████| 7/7 [01:36<00:00, 13.82s/it]
Loss: 0.5378858318026764, accuracy: 75.16709899902344
Validating
  0%|          | 0/3 [00:00<?, ?it/s] 33%|███▎      | 1/3 [00:14<00:28, 14.24s/it] 67%|██████▋   | 2/3 [00:28<00:14, 14.27s/it]100%|██████████| 3/3 [00:34<00:00, 10.37s/it]100%|██████████| 3/3 [00:34<00:00, 11.42s/it]
Loss: 0.563831246816195, accuracy: 73.95198059082031


Epoch: 37/50
Training
  0%|          | 0/7 [00:00<?, ?it/s] 14%|█▍        | 1/7 [00:14<01:26, 14.35s/it] 29%|██▊       | 2/7 [00:28<01:11, 14.35s/it] 43%|████▎     | 3/7 [00:43<00:57, 14.34s/it] 57%|█████▋    | 4/7 [00:57<00:43, 14.35s/it] 71%|███████▏  | 5/7 [01:11<00:28, 14.35s/it] 86%|████████▌ | 6/7 [01:26<00:14, 14.35s/it]100%|██████████| 7/7 [01:36<00:00, 13.03s/it]100%|██████████| 7/7 [01:36<00:00, 13.77s/it]
Loss: 0.5372233356337532, accuracy: 75.15257263183594
Validating
  0%|          | 0/3 [00:00<?, ?it/s] 33%|███▎      | 1/3 [00:14<00:28, 14.19s/it] 67%|██████▋   | 2/3 [00:28<00:14, 14.21s/it]100%|██████████| 3/3 [00:34<00:00, 10.33s/it]100%|██████████| 3/3 [00:34<00:00, 11.37s/it]
Loss: 0.5634779122043636, accuracy: 73.99267578125


Epoch: 38/50
Training
  0%|          | 0/7 [00:00<?, ?it/s] 14%|█▍        | 1/7 [00:14<01:25, 14.29s/it] 29%|██▊       | 2/7 [00:28<01:11, 14.29s/it] 43%|████▎     | 3/7 [00:42<00:57, 14.33s/it] 57%|█████▋    | 4/7 [00:57<00:43, 14.34s/it] 71%|███████▏  | 5/7 [01:11<00:28, 14.35s/it] 86%|████████▌ | 6/7 [01:26<00:14, 14.37s/it]100%|██████████| 7/7 [01:36<00:00, 13.06s/it]100%|██████████| 7/7 [01:36<00:00, 13.78s/it]
Loss: 0.5366350597539845, accuracy: 75.09445190429688
Validating
  0%|          | 0/3 [00:00<?, ?it/s] 33%|███▎      | 1/3 [00:14<00:28, 14.27s/it] 67%|██████▋   | 2/3 [00:28<00:14, 14.28s/it]100%|██████████| 3/3 [00:34<00:00, 10.37s/it]100%|██████████| 3/3 [00:34<00:00, 11.43s/it]
Loss: 0.5633663155220368, accuracy: 73.82987976074219


Epoch: 39/50
Training
  0%|          | 0/7 [00:00<?, ?it/s] 14%|█▍        | 1/7 [00:14<01:26, 14.37s/it] 29%|██▊       | 2/7 [00:28<01:11, 14.37s/it] 43%|████▎     | 3/7 [00:43<00:57, 14.35s/it] 57%|█████▋    | 4/7 [00:57<00:43, 14.37s/it] 71%|███████▏  | 5/7 [01:11<00:28, 14.37s/it] 86%|████████▌ | 6/7 [01:26<00:14, 14.38s/it]100%|██████████| 7/7 [01:36<00:00, 13.06s/it]100%|██████████| 7/7 [01:36<00:00, 13.80s/it]
Loss: 0.5362748396289241, accuracy: 75.19615936279297
Validating
  0%|          | 0/3 [00:00<?, ?it/s] 33%|███▎      | 1/3 [00:14<00:28, 14.22s/it] 67%|██████▋   | 2/3 [00:28<00:14, 14.19s/it]100%|██████████| 3/3 [00:34<00:00, 10.29s/it]100%|██████████| 3/3 [00:34<00:00, 11.35s/it]
Loss: 0.5630021918630231, accuracy: 73.9112777709961


Epoch: 40/50
Training
  0%|          | 0/7 [00:00<?, ?it/s] 14%|█▍        | 1/7 [00:14<01:25, 14.31s/it] 29%|██▊       | 2/7 [00:28<01:11, 14.34s/it] 43%|████▎     | 3/7 [00:42<00:57, 14.32s/it] 57%|█████▋    | 4/7 [00:57<00:42, 14.31s/it] 71%|███████▏  | 5/7 [01:11<00:28, 14.31s/it] 86%|████████▌ | 6/7 [01:25<00:14, 14.31s/it]100%|██████████| 7/7 [01:36<00:00, 12.99s/it]100%|██████████| 7/7 [01:36<00:00, 13.73s/it]
Loss: 0.5354811701272955, accuracy: 75.28334045410156
Validating
  0%|          | 0/3 [00:00<?, ?it/s] 33%|███▎      | 1/3 [00:14<00:28, 14.14s/it] 67%|██████▋   | 2/3 [00:28<00:14, 14.21s/it]100%|██████████| 3/3 [00:34<00:00, 10.30s/it]100%|██████████| 3/3 [00:34<00:00, 11.35s/it]
Loss: 0.5626548436244038, accuracy: 73.99267578125


Epoch: 41/50
Training
  0%|          | 0/7 [00:00<?, ?it/s] 14%|█▍        | 1/7 [00:14<01:26, 14.36s/it] 29%|██▊       | 2/7 [00:28<01:11, 14.39s/it] 43%|████▎     | 3/7 [00:43<00:57, 14.39s/it] 57%|█████▋    | 4/7 [00:57<00:43, 14.39s/it] 71%|███████▏  | 5/7 [01:11<00:28, 14.39s/it] 86%|████████▌ | 6/7 [01:26<00:14, 14.40s/it]100%|██████████| 7/7 [01:36<00:00, 13.09s/it]100%|██████████| 7/7 [01:36<00:00, 13.82s/it]
Loss: 0.5357519396340144, accuracy: 75.03632354736328
Validating
  0%|          | 0/3 [00:00<?, ?it/s] 33%|███▎      | 1/3 [00:14<00:28, 14.24s/it] 67%|██████▋   | 2/3 [00:28<00:14, 14.26s/it]100%|██████████| 3/3 [00:34<00:00, 10.36s/it]100%|██████████| 3/3 [00:34<00:00, 11.41s/it]
Loss: 0.5625440196676569, accuracy: 73.87057495117188


Epoch: 42/50
Training
  0%|          | 0/7 [00:00<?, ?it/s] 14%|█▍        | 1/7 [00:14<01:25, 14.22s/it] 29%|██▊       | 2/7 [00:28<01:11, 14.26s/it] 43%|████▎     | 3/7 [00:42<00:57, 14.25s/it] 57%|█████▋    | 4/7 [00:57<00:42, 14.26s/it] 71%|███████▏  | 5/7 [01:11<00:28, 14.28s/it] 86%|████████▌ | 6/7 [01:25<00:14, 14.30s/it]100%|██████████| 7/7 [01:36<00:00, 13.02s/it]100%|██████████| 7/7 [01:36<00:00, 13.72s/it]
Loss: 0.5356863385991487, accuracy: 75.34146881103516
Validating
  0%|          | 0/3 [00:00<?, ?it/s] 33%|███▎      | 1/3 [00:14<00:28, 14.15s/it] 67%|██████▋   | 2/3 [00:28<00:14, 14.17s/it]100%|██████████| 3/3 [00:33<00:00, 10.28s/it]100%|██████████| 3/3 [00:33<00:00, 11.33s/it]
Loss: 0.5618850416316218, accuracy: 73.87057495117188


Epoch: 43/50
Training
  0%|          | 0/7 [00:00<?, ?it/s] 14%|█▍        | 1/7 [00:14<01:25, 14.32s/it] 29%|██▊       | 2/7 [00:28<01:11, 14.34s/it] 43%|████▎     | 3/7 [00:43<00:57, 14.35s/it] 57%|█████▋    | 4/7 [00:57<00:43, 14.36s/it] 71%|███████▏  | 5/7 [01:11<00:28, 14.37s/it] 86%|████████▌ | 6/7 [01:26<00:14, 14.38s/it]100%|██████████| 7/7 [01:36<00:00, 13.06s/it]100%|██████████| 7/7 [01:36<00:00, 13.79s/it]
Loss: 0.5345075689613455, accuracy: 75.12350463867188
Validating
  0%|          | 0/3 [00:00<?, ?it/s] 33%|███▎      | 1/3 [00:14<00:28, 14.25s/it] 67%|██████▋   | 2/3 [00:28<00:14, 14.31s/it]100%|██████████| 3/3 [00:34<00:00, 10.39s/it]100%|██████████| 3/3 [00:34<00:00, 11.44s/it]
Loss: 0.5623072713286013, accuracy: 73.87057495117188


Epoch: 44/50
Training
  0%|          | 0/7 [00:00<?, ?it/s] 14%|█▍        | 1/7 [00:14<01:26, 14.37s/it] 29%|██▊       | 2/7 [00:28<01:11, 14.37s/it] 43%|████▎     | 3/7 [00:43<00:57, 14.38s/it] 57%|█████▋    | 4/7 [00:57<00:43, 14.40s/it] 71%|███████▏  | 5/7 [01:11<00:28, 14.39s/it] 86%|████████▌ | 6/7 [01:26<00:14, 14.40s/it]100%|██████████| 7/7 [01:36<00:00, 13.09s/it]100%|██████████| 7/7 [01:36<00:00, 13.82s/it]
Loss: 0.5350536584369113, accuracy: 75.23975372314453
Validating
  0%|          | 0/3 [00:00<?, ?it/s] 33%|███▎      | 1/3 [00:14<00:28, 14.25s/it] 67%|██████▋   | 2/3 [00:28<00:14, 14.25s/it]100%|██████████| 3/3 [00:34<00:00, 10.36s/it]100%|██████████| 3/3 [00:34<00:00, 11.41s/it]
Loss: 0.561529253380154, accuracy: 73.9112777709961


Epoch: 45/50
Training
  0%|          | 0/7 [00:00<?, ?it/s] 14%|█▍        | 1/7 [00:14<01:26, 14.38s/it] 29%|██▊       | 2/7 [00:29<01:12, 14.57s/it] 43%|████▎     | 3/7 [00:43<00:58, 14.53s/it] 57%|█████▋    | 4/7 [00:57<00:43, 14.47s/it] 71%|███████▏  | 5/7 [01:12<00:28, 14.43s/it] 86%|████████▌ | 6/7 [01:26<00:14, 14.39s/it]100%|██████████| 7/7 [01:36<00:00, 13.08s/it]100%|██████████| 7/7 [01:36<00:00, 13.86s/it]
Loss: 0.5342263525151056, accuracy: 75.38505554199219
Validating
  0%|          | 0/3 [00:00<?, ?it/s] 33%|███▎      | 1/3 [00:14<00:28, 14.28s/it] 67%|██████▋   | 2/3 [00:28<00:14, 14.35s/it]100%|██████████| 3/3 [00:34<00:00, 10.43s/it]100%|██████████| 3/3 [00:34<00:00, 11.48s/it]
Loss: 0.56152991989933, accuracy: 73.82987976074219


Epoch: 46/50
Training
  0%|          | 0/7 [00:00<?, ?it/s] 14%|█▍        | 1/7 [00:14<01:26, 14.47s/it] 29%|██▊       | 2/7 [00:28<01:12, 14.48s/it] 43%|████▎     | 3/7 [00:43<00:57, 14.49s/it] 57%|█████▋    | 4/7 [00:57<00:43, 14.49s/it] 71%|███████▏  | 5/7 [01:12<00:28, 14.49s/it] 86%|████████▌ | 6/7 [01:26<00:14, 14.49s/it]100%|██████████| 7/7 [01:37<00:00, 13.17s/it]100%|██████████| 7/7 [01:37<00:00, 13.91s/it]
Loss: 0.5335173880904956, accuracy: 75.2252197265625
Validating
  0%|          | 0/3 [00:00<?, ?it/s] 33%|███▎      | 1/3 [00:14<00:28, 14.33s/it] 67%|██████▋   | 2/3 [00:28<00:14, 14.33s/it]100%|██████████| 3/3 [00:34<00:00, 10.42s/it]100%|██████████| 3/3 [00:34<00:00, 11.48s/it]
Loss: 0.561088840215246, accuracy: 73.87057495117188


Epoch: 47/50
Training
  0%|          | 0/7 [00:00<?, ?it/s] 14%|█▍        | 1/7 [00:14<01:26, 14.47s/it] 29%|██▊       | 2/7 [00:28<01:12, 14.43s/it] 43%|████▎     | 3/7 [00:43<00:57, 14.43s/it] 57%|█████▋    | 4/7 [00:57<00:43, 14.42s/it] 71%|███████▏  | 5/7 [01:12<00:28, 14.42s/it] 86%|████████▌ | 6/7 [01:26<00:14, 14.41s/it]100%|██████████| 7/7 [01:36<00:00, 13.08s/it]100%|██████████| 7/7 [01:36<00:00, 13.84s/it]
Loss: 0.5331263469769767, accuracy: 75.19615936279297
Validating
  0%|          | 0/3 [00:00<?, ?it/s] 33%|███▎      | 1/3 [00:14<00:28, 14.28s/it] 67%|██████▋   | 2/3 [00:28<00:14, 14.29s/it]100%|██████████| 3/3 [00:34<00:00, 10.38s/it]100%|██████████| 3/3 [00:34<00:00, 11.43s/it]
Loss: 0.5602030868349785, accuracy: 73.87057495117188


Epoch: 48/50
Training
  0%|          | 0/7 [00:00<?, ?it/s] 14%|█▍        | 1/7 [00:14<01:27, 14.52s/it] 29%|██▊       | 2/7 [00:28<01:12, 14.48s/it] 43%|████▎     | 3/7 [00:43<00:57, 14.43s/it] 57%|█████▋    | 4/7 [00:57<00:43, 14.44s/it] 71%|███████▏  | 5/7 [01:12<00:28, 14.45s/it] 86%|████████▌ | 6/7 [01:26<00:14, 14.45s/it]100%|██████████| 7/7 [01:37<00:00, 13.12s/it]100%|██████████| 7/7 [01:37<00:00, 13.87s/it]
Loss: 0.5322691844632825, accuracy: 75.34146881103516
Validating
  0%|          | 0/3 [00:00<?, ?it/s] 33%|███▎      | 1/3 [00:14<00:28, 14.37s/it] 67%|██████▋   | 2/3 [00:28<00:14, 14.37s/it]100%|██████████| 3/3 [00:34<00:00, 10.45s/it]100%|██████████| 3/3 [00:34<00:00, 11.51s/it]
Loss: 0.5605270562251506, accuracy: 73.78917694091797


Epoch: 49/50
Training
  0%|          | 0/7 [00:00<?, ?it/s] 14%|█▍        | 1/7 [00:14<01:26, 14.48s/it] 29%|██▊       | 2/7 [00:28<01:12, 14.48s/it] 43%|████▎     | 3/7 [00:43<00:57, 14.48s/it] 57%|█████▋    | 4/7 [00:57<00:43, 14.48s/it] 71%|███████▏  | 5/7 [01:12<00:28, 14.48s/it] 86%|████████▌ | 6/7 [01:26<00:14, 14.49s/it]100%|██████████| 7/7 [01:37<00:00, 13.17s/it]100%|██████████| 7/7 [01:37<00:00, 13.91s/it]
Loss: 0.532666310862863, accuracy: 75.35600280761719
Validating
  0%|          | 0/3 [00:00<?, ?it/s] 33%|███▎      | 1/3 [00:14<00:28, 14.35s/it] 67%|██████▋   | 2/3 [00:28<00:14, 14.36s/it]100%|██████████| 3/3 [00:34<00:00, 10.44s/it]100%|██████████| 3/3 [00:34<00:00, 11.49s/it]
Loss: 0.5602059263886113, accuracy: 73.82987976074219


Epoch: 50/50
Training
  0%|          | 0/7 [00:00<?, ?it/s] 14%|█▍        | 1/7 [00:14<01:26, 14.46s/it] 29%|██▊       | 2/7 [00:28<01:12, 14.49s/it] 43%|████▎     | 3/7 [00:43<00:57, 14.49s/it] 57%|█████▋    | 4/7 [00:57<00:43, 14.48s/it] 71%|███████▏  | 5/7 [01:12<00:28, 14.48s/it] 86%|████████▌ | 6/7 [01:26<00:14, 14.49s/it]100%|██████████| 7/7 [01:37<00:00, 13.17s/it]100%|██████████| 7/7 [01:37<00:00, 13.91s/it]
Loss: 0.5326495029593027, accuracy: 75.210693359375
Validating
  0%|          | 0/3 [00:00<?, ?it/s] 33%|███▎      | 1/3 [00:14<00:28, 14.37s/it] 67%|██████▋   | 2/3 [00:28<00:14, 14.37s/it]100%|██████████| 3/3 [00:34<00:00, 10.45s/it]100%|██████████| 3/3 [00:34<00:00, 11.51s/it]
Loss: 0.5600171156370111, accuracy: 73.78917694091797


Training Time: 1.0h 48.0m 53.756590127944946s
Best validation accuracy: 73.99267578125
  0%|          | 0/1 [00:00<?, ?it/s]100%|██████████| 1/1 [00:07<00:00,  7.06s/it]100%|██████████| 1/1 [00:07<00:00,  7.06s/it]

Evaluated on test set
accuracy: 74.949%, f1-score: 0.74765

Epoch: 1/50
Training
  0%|          | 0/7 [00:00<?, ?it/s] 14%|█▍        | 1/7 [00:13<01:19, 13.25s/it] 29%|██▊       | 2/7 [00:26<01:06, 13.27s/it] 43%|████▎     | 3/7 [00:39<00:53, 13.32s/it] 57%|█████▋    | 4/7 [00:53<00:40, 13.42s/it] 71%|███████▏  | 5/7 [01:07<00:26, 13.50s/it] 86%|████████▌ | 6/7 [01:20<00:13, 13.62s/it]100%|██████████| 7/7 [01:31<00:00, 12.46s/it]100%|██████████| 7/7 [01:31<00:00, 13.01s/it]
Loss: 0.6831269873605499, accuracy: 56.64051055908203
Validating
  0%|          | 0/3 [00:00<?, ?it/s] 33%|███▎      | 1/3 [00:13<00:27, 13.85s/it] 67%|██████▋   | 2/3 [00:27<00:13, 13.88s/it]100%|██████████| 3/3 [00:33<00:00, 10.09s/it]100%|██████████| 3/3 [00:33<00:00, 11.11s/it]
Loss: 0.7156670243942888, accuracy: 50.020347595214844


Epoch: 2/50
Training
  0%|          | 0/7 [00:00<?, ?it/s] 14%|█▍        | 1/7 [00:14<01:24, 14.02s/it] 29%|██▊       | 2/7 [00:28<01:10, 14.08s/it] 43%|████▎     | 3/7 [00:42<00:56, 14.05s/it] 57%|█████▋    | 4/7 [00:56<00:42, 14.07s/it] 71%|███████▏  | 5/7 [01:10<00:28, 14.10s/it] 86%|████████▌ | 6/7 [01:24<00:14, 14.14s/it]100%|██████████| 7/7 [01:34<00:00, 12.87s/it]100%|██████████| 7/7 [01:34<00:00, 13.55s/it]
Loss: 0.6564415841212075, accuracy: 65.06829071044922
Validating
  0%|          | 0/3 [00:00<?, ?it/s] 33%|███▎      | 1/3 [00:14<00:28, 14.13s/it] 67%|██████▋   | 2/3 [00:28<00:14, 14.16s/it]100%|██████████| 3/3 [00:34<00:00, 10.30s/it]100%|██████████| 3/3 [00:34<00:00, 11.34s/it]
Loss: 0.7026901245117188, accuracy: 49.85755157470703


Epoch: 3/50
Training
  0%|          | 0/7 [00:00<?, ?it/s] 14%|█▍        | 1/7 [00:14<01:26, 14.37s/it] 29%|██▊       | 2/7 [00:28<01:11, 14.39s/it] 43%|████▎     | 3/7 [00:43<00:57, 14.37s/it] 57%|█████▋    | 4/7 [00:57<00:43, 14.35s/it] 71%|███████▏  | 5/7 [01:11<00:28, 14.33s/it] 86%|████████▌ | 6/7 [01:26<00:14, 14.33s/it]100%|██████████| 7/7 [01:36<00:00, 13.04s/it]100%|██████████| 7/7 [01:36<00:00, 13.78s/it]
Loss: 0.6344574536393112, accuracy: 69.99418640136719
Validating
  0%|          | 0/3 [00:00<?, ?it/s] 33%|███▎      | 1/3 [00:14<00:28, 14.26s/it] 67%|██████▋   | 2/3 [00:28<00:14, 14.28s/it]100%|██████████| 3/3 [00:34<00:00, 10.37s/it]100%|██████████| 3/3 [00:34<00:00, 11.43s/it]
Loss: 0.6807650949686196, accuracy: 52.136756896972656


Epoch: 4/50
Training
  0%|          | 0/7 [00:00<?, ?it/s] 14%|█▍        | 1/7 [00:14<01:26, 14.46s/it] 29%|██▊       | 2/7 [00:28<01:12, 14.46s/it] 43%|████▎     | 3/7 [00:43<00:57, 14.46s/it] 57%|█████▋    | 4/7 [00:57<00:43, 14.48s/it] 71%|███████▏  | 5/7 [01:12<00:28, 14.49s/it] 86%|████████▌ | 6/7 [01:26<00:14, 14.49s/it]100%|██████████| 7/7 [01:37<00:00, 13.17s/it]100%|██████████| 7/7 [01:37<00:00, 13.91s/it]
Loss: 0.6177721611464727, accuracy: 71.70880126953125
Validating
  0%|          | 0/3 [00:00<?, ?it/s] 33%|███▎      | 1/3 [00:14<00:28, 14.35s/it] 67%|██████▋   | 2/3 [00:28<00:14, 14.30s/it]100%|██████████| 3/3 [00:34<00:00, 10.36s/it]100%|██████████| 3/3 [00:34<00:00, 11.43s/it]
Loss: 0.642906416005898, accuracy: 62.18966293334961


Epoch: 5/50
Training
  0%|          | 0/7 [00:00<?, ?it/s] 14%|█▍        | 1/7 [00:14<01:25, 14.20s/it] 29%|██▊       | 2/7 [00:28<01:11, 14.21s/it] 43%|████▎     | 3/7 [00:42<00:56, 14.21s/it] 57%|█████▋    | 4/7 [00:56<00:42, 14.19s/it] 71%|███████▏  | 5/7 [01:11<00:28, 14.21s/it] 86%|████████▌ | 6/7 [01:25<00:14, 14.22s/it]100%|██████████| 7/7 [01:35<00:00, 12.92s/it]100%|██████████| 7/7 [01:35<00:00, 13.65s/it]
Loss: 0.6035059640068746, accuracy: 72.90032196044922
Validating
  0%|          | 0/3 [00:00<?, ?it/s] 33%|███▎      | 1/3 [00:14<00:28, 14.09s/it] 67%|██████▋   | 2/3 [00:28<00:14, 14.11s/it]100%|██████████| 3/3 [00:33<00:00, 10.25s/it]100%|██████████| 3/3 [00:33<00:00, 11.29s/it]
Loss: 0.6119382410307556, accuracy: 71.30647277832031


Epoch: 6/50
Training
  0%|          | 0/7 [00:00<?, ?it/s] 14%|█▍        | 1/7 [00:14<01:25, 14.19s/it] 29%|██▊       | 2/7 [00:28<01:11, 14.23s/it] 43%|████▎     | 3/7 [00:42<00:56, 14.23s/it] 57%|█████▋    | 4/7 [00:56<00:42, 14.23s/it] 71%|███████▏  | 5/7 [01:11<00:28, 14.25s/it] 86%|████████▌ | 6/7 [01:25<00:14, 14.24s/it]100%|██████████| 7/7 [01:35<00:00, 12.94s/it]100%|██████████| 7/7 [01:35<00:00, 13.67s/it]
Loss: 0.5932741585909991, accuracy: 72.8131332397461
Validating
  0%|          | 0/3 [00:00<?, ?it/s] 33%|███▎      | 1/3 [00:14<00:28, 14.11s/it] 67%|██████▋   | 2/3 [00:28<00:14, 14.13s/it]100%|██████████| 3/3 [00:33<00:00, 10.23s/it]100%|██████████| 3/3 [00:33<00:00, 11.28s/it]
Loss: 0.5966338390347237, accuracy: 72.8937759399414


Epoch: 7/50
Training
  0%|          | 0/7 [00:00<?, ?it/s] 14%|█▍        | 1/7 [00:14<01:25, 14.23s/it] 29%|██▊       | 2/7 [00:28<01:11, 14.23s/it] 43%|████▎     | 3/7 [00:42<00:56, 14.24s/it] 57%|█████▋    | 4/7 [00:56<00:42, 14.25s/it] 71%|███████▏  | 5/7 [01:11<00:28, 14.26s/it] 86%|████████▌ | 6/7 [01:25<00:14, 14.27s/it]100%|██████████| 7/7 [01:35<00:00, 12.97s/it]100%|██████████| 7/7 [01:35<00:00, 13.69s/it]
Loss: 0.585685916641222, accuracy: 73.51060485839844
Validating
  0%|          | 0/3 [00:00<?, ?it/s] 33%|███▎      | 1/3 [00:14<00:28, 14.19s/it] 67%|██████▋   | 2/3 [00:28<00:14, 14.19s/it]100%|██████████| 3/3 [00:34<00:00, 10.30s/it]100%|██████████| 3/3 [00:34<00:00, 11.35s/it]
Loss: 0.5883011752917702, accuracy: 72.8937759399414


Epoch: 8/50
Training
  0%|          | 0/7 [00:00<?, ?it/s] 14%|█▍        | 1/7 [00:14<01:25, 14.23s/it] 29%|██▊       | 2/7 [00:28<01:11, 14.26s/it] 43%|████▎     | 3/7 [00:42<00:57, 14.26s/it] 57%|█████▋    | 4/7 [00:57<00:42, 14.26s/it] 71%|███████▏  | 5/7 [01:11<00:28, 14.27s/it] 86%|████████▌ | 6/7 [01:25<00:14, 14.28s/it]100%|██████████| 7/7 [01:35<00:00, 12.98s/it]100%|██████████| 7/7 [01:35<00:00, 13.70s/it]
Loss: 0.5792993262769593, accuracy: 73.75762176513672
Validating
  0%|          | 0/3 [00:00<?, ?it/s] 33%|███▎      | 1/3 [00:14<00:28, 14.14s/it] 67%|██████▋   | 2/3 [00:28<00:14, 14.15s/it]100%|██████████| 3/3 [00:33<00:00, 10.28s/it]100%|██████████| 3/3 [00:33<00:00, 11.32s/it]
Loss: 0.5827335981173781, accuracy: 73.30078125


Epoch: 9/50
Training
  0%|          | 0/7 [00:00<?, ?it/s] 14%|█▍        | 1/7 [00:14<01:25, 14.27s/it] 29%|██▊       | 2/7 [00:28<01:11, 14.27s/it] 43%|████▎     | 3/7 [00:42<00:57, 14.27s/it] 57%|█████▋    | 4/7 [00:57<00:42, 14.27s/it] 71%|███████▏  | 5/7 [01:11<00:28, 14.33s/it] 86%|████████▌ | 6/7 [01:25<00:14, 14.34s/it]100%|██████████| 7/7 [01:36<00:00, 13.04s/it]100%|██████████| 7/7 [01:36<00:00, 13.75s/it]
Loss: 0.5741333433342202, accuracy: 74.09183502197266
Validating
  0%|          | 0/3 [00:00<?, ?it/s] 33%|███▎      | 1/3 [00:14<00:28, 14.24s/it] 67%|██████▋   | 2/3 [00:28<00:14, 14.29s/it]100%|██████████| 3/3 [00:34<00:00, 10.40s/it]100%|██████████| 3/3 [00:34<00:00, 11.44s/it]
Loss: 0.5793765044862486, accuracy: 73.21937561035156


Epoch: 10/50
Training
  0%|          | 0/7 [00:00<?, ?it/s] 14%|█▍        | 1/7 [00:14<01:26, 14.42s/it] 29%|██▊       | 2/7 [00:28<01:11, 14.37s/it] 43%|████▎     | 3/7 [00:43<00:57, 14.37s/it] 57%|█████▋    | 4/7 [00:57<00:43, 14.36s/it] 71%|███████▏  | 5/7 [01:11<00:28, 14.33s/it] 86%|████████▌ | 6/7 [01:26<00:14, 14.31s/it]100%|██████████| 7/7 [01:36<00:00, 13.01s/it]100%|██████████| 7/7 [01:36<00:00, 13.76s/it]
Loss: 0.5694486641391908, accuracy: 74.4696273803711
Validating
  0%|          | 0/3 [00:00<?, ?it/s] 33%|███▎      | 1/3 [00:14<00:28, 14.19s/it] 67%|██████▋   | 2/3 [00:28<00:14, 14.19s/it]100%|██████████| 3/3 [00:34<00:00, 10.32s/it]100%|██████████| 3/3 [00:34<00:00, 11.36s/it]
Loss: 0.576226362596938, accuracy: 73.54498291015625


Epoch: 11/50
Training
  0%|          | 0/7 [00:00<?, ?it/s] 14%|█▍        | 1/7 [00:14<01:25, 14.32s/it] 29%|██▊       | 2/7 [00:28<01:11, 14.33s/it] 43%|████▎     | 3/7 [00:42<00:57, 14.32s/it] 57%|█████▋    | 4/7 [00:57<00:42, 14.31s/it] 71%|███████▏  | 5/7 [01:11<00:28, 14.31s/it] 86%|████████▌ | 6/7 [01:25<00:14, 14.31s/it]100%|██████████| 7/7 [01:36<00:00, 13.00s/it]100%|██████████| 7/7 [01:36<00:00, 13.74s/it]
Loss: 0.5657013415666695, accuracy: 74.54228210449219
Validating
  0%|          | 0/3 [00:00<?, ?it/s] 33%|███▎      | 1/3 [00:14<00:28, 14.16s/it] 67%|██████▋   | 2/3 [00:28<00:14, 14.17s/it]100%|██████████| 3/3 [00:34<00:00, 10.29s/it]100%|██████████| 3/3 [00:34<00:00, 11.34s/it]
Loss: 0.5736170324262294, accuracy: 73.87057495117188


Epoch: 12/50
Training
  0%|          | 0/7 [00:00<?, ?it/s] 14%|█▍        | 1/7 [00:14<01:25, 14.26s/it] 29%|██▊       | 2/7 [00:28<01:11, 14.25s/it] 43%|████▎     | 3/7 [00:42<00:57, 14.27s/it] 57%|█████▋    | 4/7 [00:57<00:42, 14.28s/it] 71%|███████▏  | 5/7 [01:11<00:28, 14.27s/it] 86%|████████▌ | 6/7 [01:25<00:14, 14.27s/it]100%|██████████| 7/7 [01:35<00:00, 12.98s/it]100%|██████████| 7/7 [01:35<00:00, 13.71s/it]
Loss: 0.5629278979859911, accuracy: 74.54228210449219
Validating
  0%|          | 0/3 [00:00<?, ?it/s] 33%|███▎      | 1/3 [00:14<00:28, 14.24s/it] 67%|██████▋   | 2/3 [00:28<00:14, 14.28s/it]100%|██████████| 3/3 [00:34<00:00, 10.37s/it]100%|██████████| 3/3 [00:34<00:00, 11.42s/it]
Loss: 0.571388087405584, accuracy: 73.87057495117188


Epoch: 13/50
Training
  0%|          | 0/7 [00:00<?, ?it/s] 14%|█▍        | 1/7 [00:14<01:25, 14.30s/it] 29%|██▊       | 2/7 [00:28<01:11, 14.32s/it] 43%|████▎     | 3/7 [00:43<00:57, 14.38s/it] 57%|█████▋    | 4/7 [00:57<00:43, 14.38s/it] 71%|███████▏  | 5/7 [01:11<00:28, 14.38s/it] 86%|████████▌ | 6/7 [01:26<00:14, 14.37s/it]100%|██████████| 7/7 [01:36<00:00, 13.04s/it]100%|██████████| 7/7 [01:36<00:00, 13.79s/it]
Loss: 0.5602169849088946, accuracy: 74.76023864746094
Validating
  0%|          | 0/3 [00:00<?, ?it/s] 33%|███▎      | 1/3 [00:14<00:28, 14.18s/it] 67%|██████▋   | 2/3 [00:28<00:14, 14.17s/it]100%|██████████| 3/3 [00:34<00:00, 10.29s/it]100%|██████████| 3/3 [00:34<00:00, 11.34s/it]
Loss: 0.5699539058180325, accuracy: 73.70777893066406


Epoch: 14/50
Training
  0%|          | 0/7 [00:00<?, ?it/s] 14%|█▍        | 1/7 [00:14<01:25, 14.29s/it] 29%|██▊       | 2/7 [00:28<01:11, 14.30s/it] 43%|████▎     | 3/7 [00:42<00:57, 14.27s/it] 57%|█████▋    | 4/7 [00:57<00:42, 14.25s/it] 71%|███████▏  | 5/7 [01:11<00:28, 14.25s/it] 86%|████████▌ | 6/7 [01:25<00:14, 14.27s/it]100%|██████████| 7/7 [01:35<00:00, 12.97s/it]100%|██████████| 7/7 [01:35<00:00, 13.70s/it]
Loss: 0.5590224207850675, accuracy: 74.58587646484375
Validating
  0%|          | 0/3 [00:00<?, ?it/s] 33%|███▎      | 1/3 [00:14<00:28, 14.19s/it] 67%|██████▋   | 2/3 [00:28<00:14, 14.18s/it]100%|██████████| 3/3 [00:34<00:00, 10.30s/it]100%|██████████| 3/3 [00:34<00:00, 11.35s/it]
Loss: 0.5681046276593238, accuracy: 73.95198059082031


Epoch: 15/50
Training
  0%|          | 0/7 [00:00<?, ?it/s] 14%|█▍        | 1/7 [00:14<01:25, 14.29s/it] 29%|██▊       | 2/7 [00:28<01:11, 14.30s/it] 43%|████▎     | 3/7 [00:42<00:57, 14.31s/it] 57%|█████▋    | 4/7 [00:57<00:42, 14.29s/it] 71%|███████▏  | 5/7 [01:11<00:28, 14.31s/it] 86%|████████▌ | 6/7 [01:25<00:14, 14.31s/it]100%|██████████| 7/7 [01:36<00:00, 13.04s/it]100%|██████████| 7/7 [01:36<00:00, 13.75s/it]
Loss: 0.5566678717883996, accuracy: 74.67305755615234
Validating
  0%|          | 0/3 [00:00<?, ?it/s] 33%|███▎      | 1/3 [00:14<00:28, 14.32s/it] 67%|██████▋   | 2/3 [00:28<00:14, 14.31s/it]100%|██████████| 3/3 [00:34<00:00, 10.40s/it]100%|██████████| 3/3 [00:34<00:00, 11.46s/it]
Loss: 0.5670054107358604, accuracy: 73.82987976074219


Epoch: 16/50
Training
  0%|          | 0/7 [00:00<?, ?it/s] 14%|█▍        | 1/7 [00:14<01:26, 14.35s/it] 29%|██▊       | 2/7 [00:28<01:11, 14.38s/it] 43%|████▎     | 3/7 [00:43<00:57, 14.34s/it] 57%|█████▋    | 4/7 [00:57<00:42, 14.33s/it] 71%|███████▏  | 5/7 [01:11<00:28, 14.31s/it] 86%|████████▌ | 6/7 [01:26<00:14, 14.33s/it]100%|██████████| 7/7 [01:36<00:00, 13.03s/it]100%|██████████| 7/7 [01:36<00:00, 13.77s/it]
Loss: 0.5551576058347015, accuracy: 74.83289337158203
Validating
  0%|          | 0/3 [00:00<?, ?it/s] 33%|███▎      | 1/3 [00:14<00:28, 14.14s/it] 67%|██████▋   | 2/3 [00:28<00:14, 14.15s/it]100%|██████████| 3/3 [00:33<00:00, 10.28s/it]100%|██████████| 3/3 [00:33<00:00, 11.32s/it]
Loss: 0.5659917086957187, accuracy: 73.99267578125


Epoch: 17/50
Training
  0%|          | 0/7 [00:00<?, ?it/s] 14%|█▍        | 1/7 [00:14<01:25, 14.22s/it] 29%|██▊       | 2/7 [00:28<01:11, 14.21s/it] 43%|████▎     | 3/7 [00:42<00:56, 14.21s/it] 57%|█████▋    | 4/7 [00:56<00:42, 14.23s/it] 71%|███████▏  | 5/7 [01:11<00:28, 14.25s/it] 86%|████████▌ | 6/7 [01:25<00:14, 14.24s/it]100%|██████████| 7/7 [01:35<00:00, 12.93s/it]100%|██████████| 7/7 [01:35<00:00, 13.66s/it]
Loss: 0.5529650787876221, accuracy: 74.73118591308594
Validating
  0%|          | 0/3 [00:00<?, ?it/s] 33%|███▎      | 1/3 [00:14<00:28, 14.09s/it] 67%|██████▋   | 2/3 [00:28<00:14, 14.11s/it]100%|██████████| 3/3 [00:33<00:00, 10.23s/it]100%|██████████| 3/3 [00:33<00:00, 11.28s/it]
Loss: 0.5649679856762247, accuracy: 74.19617462158203


Epoch: 18/50
Training
  0%|          | 0/7 [00:00<?, ?it/s] 14%|█▍        | 1/7 [00:14<01:26, 14.40s/it] 29%|██▊       | 2/7 [00:28<01:11, 14.37s/it] 43%|████▎     | 3/7 [00:43<00:57, 14.38s/it] 57%|█████▋    | 4/7 [00:57<00:43, 14.38s/it] 71%|███████▏  | 5/7 [01:11<00:28, 14.38s/it] 86%|████████▌ | 6/7 [01:26<00:14, 14.38s/it]100%|██████████| 7/7 [01:36<00:00, 13.07s/it]100%|██████████| 7/7 [01:36<00:00, 13.81s/it]
Loss: 0.5531188446884411, accuracy: 74.54228210449219
Validating
  0%|          | 0/3 [00:00<?, ?it/s] 33%|███▎      | 1/3 [00:14<00:28, 14.21s/it] 67%|██████▋   | 2/3 [00:28<00:14, 14.26s/it]100%|██████████| 3/3 [00:34<00:00, 10.36s/it]100%|██████████| 3/3 [00:34<00:00, 11.41s/it]
Loss: 0.5640163011166639, accuracy: 74.03337860107422


Epoch: 19/50
Training
  0%|          | 0/7 [00:00<?, ?it/s] 14%|█▍        | 1/7 [00:14<01:25, 14.33s/it] 29%|██▊       | 2/7 [00:28<01:11, 14.34s/it] 43%|████▎     | 3/7 [00:42<00:57, 14.33s/it] 57%|█████▋    | 4/7 [00:57<00:43, 14.33s/it] 71%|███████▏  | 5/7 [01:11<00:28, 14.33s/it] 86%|████████▌ | 6/7 [01:26<00:14, 14.35s/it]100%|██████████| 7/7 [01:36<00:00, 13.03s/it]100%|██████████| 7/7 [01:36<00:00, 13.77s/it]
Loss: 0.5513527548025597, accuracy: 74.57134246826172
Validating
  0%|          | 0/3 [00:00<?, ?it/s] 33%|███▎      | 1/3 [00:14<00:28, 14.22s/it] 67%|██████▋   | 2/3 [00:28<00:14, 14.23s/it]100%|██████████| 3/3 [00:34<00:00, 10.35s/it]100%|██████████| 3/3 [00:34<00:00, 11.39s/it]
Loss: 0.5631469532052918, accuracy: 74.23687744140625


Epoch: 20/50
Training
  0%|          | 0/7 [00:00<?, ?it/s] 14%|█▍        | 1/7 [00:14<01:25, 14.27s/it] 29%|██▊       | 2/7 [00:28<01:11, 14.35s/it] 43%|████▎     | 3/7 [00:43<00:57, 14.36s/it] 57%|█████▋    | 4/7 [00:57<00:43, 14.39s/it] 71%|███████▏  | 5/7 [01:11<00:28, 14.39s/it] 86%|████████▌ | 6/7 [01:26<00:14, 14.40s/it]100%|██████████| 7/7 [01:36<00:00, 13.09s/it]100%|██████████| 7/7 [01:36<00:00, 13.81s/it]
Loss: 0.5502018745608608, accuracy: 74.84742736816406
Validating
  0%|          | 0/3 [00:00<?, ?it/s] 33%|███▎      | 1/3 [00:14<00:28, 14.35s/it] 67%|██████▋   | 2/3 [00:28<00:14, 14.35s/it]100%|██████████| 3/3 [00:34<00:00, 10.42s/it]100%|██████████| 3/3 [00:34<00:00, 11.48s/it]
Loss: 0.5624717577570184, accuracy: 73.9112777709961


Epoch: 21/50
Training
  0%|          | 0/7 [00:00<?, ?it/s] 14%|█▍        | 1/7 [00:14<01:26, 14.45s/it] 29%|██▊       | 2/7 [00:28<01:12, 14.46s/it] 43%|████▎     | 3/7 [00:43<00:57, 14.44s/it] 57%|█████▋    | 4/7 [00:57<00:43, 14.44s/it] 71%|███████▏  | 5/7 [01:12<00:28, 14.43s/it] 86%|████████▌ | 6/7 [01:26<00:14, 14.43s/it]100%|██████████| 7/7 [01:36<00:00, 13.10s/it]100%|██████████| 7/7 [01:36<00:00, 13.85s/it]
Loss: 0.5492078811406604, accuracy: 74.789306640625
Validating
  0%|          | 0/3 [00:00<?, ?it/s] 33%|███▎      | 1/3 [00:14<00:28, 14.20s/it] 67%|██████▋   | 2/3 [00:28<00:14, 14.23s/it]100%|██████████| 3/3 [00:34<00:00, 10.33s/it]100%|██████████| 3/3 [00:34<00:00, 11.38s/it]
Loss: 0.5618440722080086, accuracy: 74.15547943115234


Epoch: 22/50
Training
  0%|          | 0/7 [00:00<?, ?it/s] 14%|█▍        | 1/7 [00:14<01:25, 14.33s/it] 29%|██▊       | 2/7 [00:28<01:11, 14.35s/it] 43%|████▎     | 3/7 [00:43<00:57, 14.35s/it] 57%|█████▋    | 4/7 [00:57<00:43, 14.34s/it] 71%|███████▏  | 5/7 [01:11<00:28, 14.35s/it] 86%|████████▌ | 6/7 [01:26<00:14, 14.35s/it]100%|██████████| 7/7 [01:36<00:00, 13.04s/it]100%|██████████| 7/7 [01:36<00:00, 13.77s/it]
Loss: 0.5475800817389018, accuracy: 74.73118591308594
Validating
  0%|          | 0/3 [00:00<?, ?it/s] 33%|███▎      | 1/3 [00:14<00:28, 14.24s/it] 67%|██████▋   | 2/3 [00:28<00:14, 14.24s/it]100%|██████████| 3/3 [00:34<00:00, 10.34s/it]100%|██████████| 3/3 [00:34<00:00, 11.39s/it]
Loss: 0.561074346243292, accuracy: 73.95198059082031


Epoch: 23/50
Training
  0%|          | 0/7 [00:00<?, ?it/s] 14%|█▍        | 1/7 [00:14<01:26, 14.34s/it] 29%|██▊       | 2/7 [00:28<01:11, 14.36s/it] 43%|████▎     | 3/7 [00:43<00:57, 14.41s/it] 57%|█████▋    | 4/7 [00:57<00:43, 14.42s/it] 71%|███████▏  | 5/7 [01:12<00:28, 14.42s/it] 86%|████████▌ | 6/7 [01:26<00:14, 14.42s/it]100%|██████████| 7/7 [01:36<00:00, 13.10s/it]100%|██████████| 7/7 [01:36<00:00, 13.83s/it]
Loss: 0.5476048199183301, accuracy: 74.68759155273438
Validating
  0%|          | 0/3 [00:00<?, ?it/s] 33%|███▎      | 1/3 [00:14<00:28, 14.32s/it] 67%|██████▋   | 2/3 [00:28<00:14, 14.31s/it]100%|██████████| 3/3 [00:34<00:00, 10.39s/it]100%|██████████| 3/3 [00:34<00:00, 11.45s/it]
Loss: 0.5606739380323746, accuracy: 74.11477661132812


Epoch: 24/50
Training
  0%|          | 0/7 [00:00<?, ?it/s] 14%|█▍        | 1/7 [00:14<01:26, 14.41s/it] 29%|██▊       | 2/7 [00:28<01:12, 14.40s/it] 43%|████▎     | 3/7 [00:43<00:57, 14.40s/it] 57%|█████▋    | 4/7 [00:57<00:43, 14.40s/it] 71%|███████▏  | 5/7 [01:12<00:28, 14.41s/it] 86%|████████▌ | 6/7 [01:26<00:14, 14.42s/it]100%|██████████| 7/7 [01:36<00:00, 13.11s/it]100%|██████████| 7/7 [01:36<00:00, 13.84s/it]
Loss: 0.5465618510019014, accuracy: 74.90554809570312
Validating
  0%|          | 0/3 [00:00<?, ?it/s] 33%|███▎      | 1/3 [00:14<00:28, 14.34s/it] 67%|██████▋   | 2/3 [00:28<00:14, 14.35s/it]100%|██████████| 3/3 [00:34<00:00, 10.43s/it]100%|██████████| 3/3 [00:34<00:00, 11.48s/it]
Loss: 0.5599608158599472, accuracy: 73.74847412109375


Epoch: 25/50
Training
  0%|          | 0/7 [00:00<?, ?it/s] 14%|█▍        | 1/7 [00:14<01:26, 14.45s/it] 29%|██▊       | 2/7 [00:28<01:12, 14.46s/it] 43%|████▎     | 3/7 [00:43<00:57, 14.46s/it] 57%|█████▋    | 4/7 [00:57<00:43, 14.46s/it] 71%|███████▏  | 5/7 [01:12<00:28, 14.46s/it] 86%|████████▌ | 6/7 [01:26<00:14, 14.46s/it]100%|██████████| 7/7 [01:37<00:00, 13.13s/it]100%|██████████| 7/7 [01:37<00:00, 13.88s/it]
Loss: 0.5455704048358226, accuracy: 74.76023864746094
Validating
  0%|          | 0/3 [00:00<?, ?it/s] 33%|███▎      | 1/3 [00:14<00:28, 14.31s/it] 67%|██████▋   | 2/3 [00:28<00:14, 14.32s/it]100%|██████████| 3/3 [00:34<00:00, 10.40s/it]100%|██████████| 3/3 [00:34<00:00, 11.45s/it]
Loss: 0.5594357668892562, accuracy: 73.87057495117188


Epoch: 26/50
Training
  0%|          | 0/7 [00:00<?, ?it/s] 14%|█▍        | 1/7 [00:14<01:26, 14.43s/it] 29%|██▊       | 2/7 [00:28<01:12, 14.44s/it] 43%|████▎     | 3/7 [00:43<00:57, 14.41s/it] 57%|█████▋    | 4/7 [00:57<00:43, 14.40s/it] 71%|███████▏  | 5/7 [01:12<00:28, 14.40s/it] 86%|████████▌ | 6/7 [01:26<00:14, 14.39s/it]100%|██████████| 7/7 [01:36<00:00, 13.07s/it]100%|██████████| 7/7 [01:36<00:00, 13.82s/it]
Loss: 0.5451958811896307, accuracy: 74.99273681640625
Validating
  0%|          | 0/3 [00:00<?, ?it/s] 33%|███▎      | 1/3 [00:14<00:28, 14.27s/it] 67%|██████▋   | 2/3 [00:28<00:14, 14.27s/it]100%|██████████| 3/3 [00:34<00:00, 10.36s/it]100%|██████████| 3/3 [00:34<00:00, 11.42s/it]
Loss: 0.5590202422902795, accuracy: 73.99267578125


Epoch: 27/50
Training
  0%|          | 0/7 [00:00<?, ?it/s] 14%|█▍        | 1/7 [00:14<01:26, 14.40s/it] 29%|██▊       | 2/7 [00:28<01:12, 14.40s/it] 43%|████▎     | 3/7 [00:43<00:57, 14.40s/it] 57%|█████▋    | 4/7 [00:57<00:43, 14.40s/it] 71%|███████▏  | 5/7 [01:11<00:28, 14.39s/it] 86%|████████▌ | 6/7 [01:26<00:14, 14.38s/it]100%|██████████| 7/7 [01:36<00:00, 13.06s/it]100%|██████████| 7/7 [01:36<00:00, 13.81s/it]
Loss: 0.544295300303833, accuracy: 75.09445190429688
Validating
  0%|          | 0/3 [00:00<?, ?it/s] 33%|███▎      | 1/3 [00:14<00:28, 14.24s/it] 67%|██████▋   | 2/3 [00:28<00:14, 14.25s/it]100%|██████████| 3/3 [00:34<00:00, 10.35s/it]100%|██████████| 3/3 [00:34<00:00, 11.40s/it]
Loss: 0.5586558676707245, accuracy: 73.82987976074219


Epoch: 28/50
Training
  0%|          | 0/7 [00:00<?, ?it/s] 14%|█▍        | 1/7 [00:14<01:26, 14.38s/it] 29%|██▊       | 2/7 [00:28<01:11, 14.38s/it] 43%|████▎     | 3/7 [00:43<00:57, 14.37s/it] 57%|█████▋    | 4/7 [00:57<00:43, 14.34s/it] 71%|███████▏  | 5/7 [01:11<00:28, 14.35s/it] 86%|████████▌ | 6/7 [01:26<00:14, 14.35s/it]100%|██████████| 7/7 [01:36<00:00, 13.03s/it]100%|██████████| 7/7 [01:36<00:00, 13.78s/it]
Loss: 0.5432535953488471, accuracy: 74.94914245605469
Validating
  0%|          | 0/3 [00:00<?, ?it/s] 33%|███▎      | 1/3 [00:14<00:28, 14.22s/it] 67%|██████▋   | 2/3 [00:28<00:14, 14.24s/it]100%|██████████| 3/3 [00:34<00:00, 10.34s/it]100%|██████████| 3/3 [00:34<00:00, 11.39s/it]
Loss: 0.5581012664891182, accuracy: 73.74847412109375


Epoch: 29/50
Training
  0%|          | 0/7 [00:00<?, ?it/s] 14%|█▍        | 1/7 [00:14<01:26, 14.38s/it] 29%|██▊       | 2/7 [00:28<01:11, 14.38s/it] 43%|████▎     | 3/7 [00:43<00:57, 14.38s/it] 57%|█████▋    | 4/7 [00:57<00:43, 14.37s/it] 71%|███████▏  | 5/7 [01:11<00:28, 14.36s/it] 86%|████████▌ | 6/7 [01:26<00:14, 14.36s/it]100%|██████████| 7/7 [01:36<00:00, 13.04s/it]100%|██████████| 7/7 [01:36<00:00, 13.79s/it]
Loss: 0.5432205271561524, accuracy: 74.84742736816406
Validating
  0%|          | 0/3 [00:00<?, ?it/s] 33%|███▎      | 1/3 [00:14<00:28, 14.22s/it] 67%|██████▋   | 2/3 [00:28<00:14, 14.22s/it]100%|██████████| 3/3 [00:34<00:00, 10.32s/it]100%|██████████| 3/3 [00:34<00:00, 11.37s/it]
Loss: 0.557738028166495, accuracy: 73.78917694091797


Epoch: 30/50
Training
  0%|          | 0/7 [00:00<?, ?it/s] 14%|█▍        | 1/7 [00:14<01:26, 14.34s/it] 29%|██▊       | 2/7 [00:28<01:11, 14.35s/it] 43%|████▎     | 3/7 [00:43<00:57, 14.35s/it] 57%|█████▋    | 4/7 [00:57<00:43, 14.35s/it] 71%|███████▏  | 5/7 [01:11<00:28, 14.35s/it] 86%|████████▌ | 6/7 [01:26<00:14, 14.35s/it]100%|██████████| 7/7 [01:36<00:00, 13.03s/it]100%|██████████| 7/7 [01:36<00:00, 13.77s/it]
Loss: 0.5428033919917813, accuracy: 74.83289337158203
Validating
  0%|          | 0/3 [00:00<?, ?it/s] 33%|███▎      | 1/3 [00:14<00:28, 14.20s/it] 67%|██████▋   | 2/3 [00:28<00:14, 14.20s/it]100%|██████████| 3/3 [00:34<00:00, 10.31s/it]100%|██████████| 3/3 [00:34<00:00, 11.36s/it]
Loss: 0.5573459041763914, accuracy: 73.82987976074219


Epoch: 31/50
Training
  0%|          | 0/7 [00:00<?, ?it/s] 14%|█▍        | 1/7 [00:14<01:25, 14.31s/it] 29%|██▊       | 2/7 [00:28<01:11, 14.32s/it] 43%|████▎     | 3/7 [00:42<00:57, 14.33s/it] 57%|█████▋    | 4/7 [00:57<00:42, 14.33s/it] 71%|███████▏  | 5/7 [01:11<00:28, 14.31s/it] 86%|████████▌ | 6/7 [01:25<00:14, 14.30s/it]100%|██████████| 7/7 [01:36<00:00, 13.01s/it]100%|██████████| 7/7 [01:36<00:00, 13.74s/it]
Loss: 0.542143249660687, accuracy: 74.99273681640625
Validating
  0%|          | 0/3 [00:00<?, ?it/s] 33%|███▎      | 1/3 [00:14<00:28, 14.15s/it] 67%|██████▋   | 2/3 [00:28<00:14, 14.13s/it]100%|██████████| 3/3 [00:33<00:00, 10.25s/it]100%|██████████| 3/3 [00:33<00:00, 11.30s/it]
Loss: 0.5572833986024232, accuracy: 73.9112777709961


Epoch: 32/50
Training
  0%|          | 0/7 [00:00<?, ?it/s] 14%|█▍        | 1/7 [00:14<01:25, 14.26s/it] 29%|██▊       | 2/7 [00:28<01:11, 14.30s/it] 43%|████▎     | 3/7 [00:42<00:57, 14.33s/it] 57%|█████▋    | 4/7 [00:57<00:43, 14.35s/it] 71%|███████▏  | 5/7 [01:11<00:28, 14.35s/it] 86%|████████▌ | 6/7 [01:26<00:14, 14.35s/it]100%|██████████| 7/7 [01:36<00:00, 13.02s/it]100%|██████████| 7/7 [01:36<00:00, 13.76s/it]
Loss: 0.5419710298604447, accuracy: 74.93460845947266
Validating
  0%|          | 0/3 [00:00<?, ?it/s] 33%|███▎      | 1/3 [00:14<00:28, 14.20s/it] 67%|██████▋   | 2/3 [00:28<00:14, 14.21s/it]100%|██████████| 3/3 [00:34<00:00, 10.31s/it]100%|██████████| 3/3 [00:34<00:00, 11.36s/it]
Loss: 0.5565847448328427, accuracy: 73.9112777709961


Epoch: 33/50
Training
  0%|          | 0/7 [00:00<?, ?it/s] 14%|█▍        | 1/7 [00:14<01:26, 14.35s/it] 29%|██▊       | 2/7 [00:28<01:11, 14.34s/it] 43%|████▎     | 3/7 [00:42<00:57, 14.32s/it] 57%|█████▋    | 4/7 [00:57<00:42, 14.33s/it] 71%|███████▏  | 5/7 [01:11<00:28, 14.33s/it] 86%|████████▌ | 6/7 [01:25<00:14, 14.34s/it]100%|██████████| 7/7 [01:36<00:00, 13.02s/it]100%|██████████| 7/7 [01:36<00:00, 13.76s/it]
Loss: 0.5407897327154814, accuracy: 74.89102172851562
Validating
  0%|          | 0/3 [00:00<?, ?it/s] 33%|███▎      | 1/3 [00:14<00:28, 14.20s/it] 67%|██████▋   | 2/3 [00:28<00:14, 14.21s/it]100%|██████████| 3/3 [00:34<00:00, 10.32s/it]100%|██████████| 3/3 [00:34<00:00, 11.37s/it]
Loss: 0.5561621800689713, accuracy: 73.9112777709961


Epoch: 34/50
Training
  0%|          | 0/7 [00:00<?, ?it/s] 14%|█▍        | 1/7 [00:14<01:25, 14.29s/it] 29%|██▊       | 2/7 [00:28<01:11, 14.32s/it] 43%|████▎     | 3/7 [00:42<00:57, 14.32s/it] 57%|█████▋    | 4/7 [00:57<00:42, 14.32s/it] 71%|███████▏  | 5/7 [01:11<00:28, 14.33s/it] 86%|████████▌ | 6/7 [01:25<00:14, 14.33s/it]100%|██████████| 7/7 [01:36<00:00, 13.02s/it]100%|██████████| 7/7 [01:36<00:00, 13.75s/it]
Loss: 0.5413539061294119, accuracy: 74.77477264404297
Validating
  0%|          | 0/3 [00:00<?, ?it/s] 33%|███▎      | 1/3 [00:14<00:28, 14.21s/it] 67%|██████▋   | 2/3 [00:28<00:14, 14.23s/it]100%|██████████| 3/3 [00:34<00:00, 10.32s/it]100%|██████████| 3/3 [00:34<00:00, 11.38s/it]
Loss: 0.5556891149119919, accuracy: 73.82987976074219


Epoch: 35/50
Training
  0%|          | 0/7 [00:00<?, ?it/s] 14%|█▍        | 1/7 [00:14<01:26, 14.34s/it] 29%|██▊       | 2/7 [00:28<01:11, 14.33s/it] 43%|████▎     | 3/7 [00:42<00:57, 14.33s/it] 57%|█████▋    | 4/7 [00:57<00:42, 14.33s/it] 71%|███████▏  | 5/7 [01:11<00:28, 14.33s/it] 86%|████████▌ | 6/7 [01:25<00:14, 14.33s/it]100%|██████████| 7/7 [01:36<00:00, 13.02s/it]100%|██████████| 7/7 [01:36<00:00, 13.76s/it]
Loss: 0.5401126062478551, accuracy: 75.05085754394531
Validating
  0%|          | 0/3 [00:00<?, ?it/s] 33%|███▎      | 1/3 [00:14<00:28, 14.21s/it] 67%|██████▋   | 2/3 [00:28<00:14, 14.21s/it]100%|██████████| 3/3 [00:34<00:00, 10.31s/it]100%|██████████| 3/3 [00:34<00:00, 11.36s/it]
Loss: 0.555377567789639, accuracy: 73.74847412109375


Epoch: 36/50
Training
  0%|          | 0/7 [00:00<?, ?it/s] 14%|█▍        | 1/7 [00:14<01:25, 14.32s/it] 29%|██▊       | 2/7 [00:28<01:11, 14.33s/it] 43%|████▎     | 3/7 [00:43<00:57, 14.34s/it] 57%|█████▋    | 4/7 [00:57<00:43, 14.34s/it] 71%|███████▏  | 5/7 [01:11<00:28, 14.35s/it] 86%|████████▌ | 6/7 [01:26<00:14, 14.34s/it]100%|██████████| 7/7 [01:36<00:00, 13.03s/it]100%|██████████| 7/7 [01:36<00:00, 13.77s/it]
Loss: 0.5402351710485255, accuracy: 75.02178955078125
Validating
  0%|          | 0/3 [00:00<?, ?it/s] 33%|███▎      | 1/3 [00:14<00:28, 14.19s/it] 67%|██████▋   | 2/3 [00:28<00:14, 14.21s/it]100%|██████████| 3/3 [00:34<00:00, 10.32s/it]100%|██████████| 3/3 [00:34<00:00, 11.37s/it]
Loss: 0.5549006858491102, accuracy: 73.82987976074219


Epoch: 37/50
Training
  0%|          | 0/7 [00:00<?, ?it/s] 14%|█▍        | 1/7 [00:14<01:26, 14.35s/it] 29%|██▊       | 2/7 [00:28<01:11, 14.35s/it] 43%|████▎     | 3/7 [00:43<00:57, 14.35s/it] 57%|█████▋    | 4/7 [00:57<00:43, 14.36s/it] 71%|███████▏  | 5/7 [01:11<00:28, 14.35s/it] 86%|████████▌ | 6/7 [01:26<00:14, 14.36s/it]100%|██████████| 7/7 [01:36<00:00, 13.03s/it]100%|██████████| 7/7 [01:36<00:00, 13.78s/it]
Loss: 0.5392532087245399, accuracy: 74.93460845947266
Validating
  0%|          | 0/3 [00:00<?, ?it/s] 33%|███▎      | 1/3 [00:14<00:28, 14.22s/it] 67%|██████▋   | 2/3 [00:28<00:14, 14.19s/it]100%|██████████| 3/3 [00:34<00:00, 10.30s/it]100%|██████████| 3/3 [00:34<00:00, 11.35s/it]
Loss: 0.5546930373612584, accuracy: 73.82987976074219


Epoch: 38/50
Training
  0%|          | 0/7 [00:00<?, ?it/s] 14%|█▍        | 1/7 [00:14<01:25, 14.31s/it] 29%|██▊       | 2/7 [00:28<01:11, 14.32s/it] 43%|████▎     | 3/7 [00:42<00:57, 14.33s/it] 57%|█████▋    | 4/7 [00:57<00:42, 14.33s/it] 71%|███████▏  | 5/7 [01:11<00:28, 14.32s/it] 86%|████████▌ | 6/7 [01:25<00:14, 14.33s/it]100%|██████████| 7/7 [01:36<00:00, 13.02s/it]100%|██████████| 7/7 [01:36<00:00, 13.76s/it]
Loss: 0.5397993555009383, accuracy: 75.00726318359375
Validating
  0%|          | 0/3 [00:00<?, ?it/s] 33%|███▎      | 1/3 [00:14<00:28, 14.19s/it] 67%|██████▋   | 2/3 [00:28<00:14, 14.20s/it]100%|██████████| 3/3 [00:34<00:00, 10.30s/it]100%|██████████| 3/3 [00:34<00:00, 11.35s/it]
Loss: 0.5545184498498922, accuracy: 73.82987976074219


Epoch: 39/50
Training
  0%|          | 0/7 [00:00<?, ?it/s] 14%|█▍        | 1/7 [00:14<01:25, 14.31s/it] 29%|██▊       | 2/7 [00:28<01:11, 14.33s/it] 43%|████▎     | 3/7 [00:42<00:57, 14.32s/it] 57%|█████▋    | 4/7 [00:57<00:42, 14.32s/it] 71%|███████▏  | 5/7 [01:11<00:28, 14.33s/it] 86%|████████▌ | 6/7 [01:25<00:14, 14.33s/it]100%|██████████| 7/7 [01:36<00:00, 13.01s/it]100%|██████████| 7/7 [01:36<00:00, 13.75s/it]
Loss: 0.53847611380053, accuracy: 75.18163299560547
Validating
  0%|          | 0/3 [00:00<?, ?it/s] 33%|███▎      | 1/3 [00:14<00:28, 14.20s/it] 67%|██████▋   | 2/3 [00:28<00:14, 14.21s/it]100%|██████████| 3/3 [00:34<00:00, 10.31s/it]100%|██████████| 3/3 [00:34<00:00, 11.36s/it]
Loss: 0.5543916553659172, accuracy: 73.9112777709961


Epoch: 40/50
Training
  0%|          | 0/7 [00:00<?, ?it/s] 14%|█▍        | 1/7 [00:14<01:25, 14.32s/it] 29%|██▊       | 2/7 [00:28<01:11, 14.33s/it] 43%|████▎     | 3/7 [00:42<00:57, 14.33s/it] 57%|█████▋    | 4/7 [00:57<00:42, 14.32s/it] 71%|███████▏  | 5/7 [01:11<00:28, 14.32s/it] 86%|████████▌ | 6/7 [01:25<00:14, 14.31s/it]100%|██████████| 7/7 [01:36<00:00, 13.00s/it]100%|██████████| 7/7 [01:36<00:00, 13.74s/it]
Loss: 0.5376189273652973, accuracy: 75.1380386352539
Validating
  0%|          | 0/3 [00:00<?, ?it/s] 33%|███▎      | 1/3 [00:14<00:28, 14.19s/it] 67%|██████▋   | 2/3 [00:28<00:14, 14.19s/it]100%|██████████| 3/3 [00:34<00:00, 10.30s/it]100%|██████████| 3/3 [00:34<00:00, 11.35s/it]
Loss: 0.5538745299072638, accuracy: 73.82987976074219


Epoch: 41/50
Training
  0%|          | 0/7 [00:00<?, ?it/s] 14%|█▍        | 1/7 [00:14<01:25, 14.30s/it] 29%|██▊       | 2/7 [00:28<01:11, 14.31s/it] 43%|████▎     | 3/7 [00:42<00:57, 14.31s/it] 57%|█████▋    | 4/7 [00:57<00:42, 14.31s/it] 71%|███████▏  | 5/7 [01:11<00:28, 14.29s/it] 86%|████████▌ | 6/7 [01:25<00:14, 14.30s/it]100%|██████████| 7/7 [01:36<00:00, 12.99s/it]100%|██████████| 7/7 [01:36<00:00, 13.73s/it]
Loss: 0.537645341178353, accuracy: 75.00726318359375
Validating
  0%|          | 0/3 [00:00<?, ?it/s] 33%|███▎      | 1/3 [00:14<00:28, 14.21s/it] 67%|██████▋   | 2/3 [00:28<00:14, 14.21s/it]100%|██████████| 3/3 [00:34<00:00, 10.32s/it]100%|██████████| 3/3 [00:34<00:00, 11.37s/it]
Loss: 0.5537017674333544, accuracy: 73.9112777709961


Epoch: 42/50
Training
  0%|          | 0/7 [00:00<?, ?it/s] 14%|█▍        | 1/7 [00:14<01:25, 14.32s/it] 29%|██▊       | 2/7 [00:28<01:11, 14.32s/it] 43%|████▎     | 3/7 [00:42<00:57, 14.33s/it] 57%|█████▋    | 4/7 [00:57<00:42, 14.33s/it] 71%|███████▏  | 5/7 [01:11<00:28, 14.33s/it] 86%|████████▌ | 6/7 [01:25<00:14, 14.33s/it]100%|██████████| 7/7 [01:36<00:00, 13.03s/it]100%|██████████| 7/7 [01:36<00:00, 13.76s/it]
Loss: 0.5368071411349544, accuracy: 75.00726318359375
Validating
  0%|          | 0/3 [00:00<?, ?it/s] 33%|███▎      | 1/3 [00:14<00:28, 14.22s/it] 67%|██████▋   | 2/3 [00:28<00:14, 14.24s/it]100%|██████████| 3/3 [00:34<00:00, 10.33s/it]100%|██████████| 3/3 [00:34<00:00, 11.38s/it]
Loss: 0.5534457145641624, accuracy: 74.03337860107422


Epoch: 43/50
Training
  0%|          | 0/7 [00:00<?, ?it/s] 14%|█▍        | 1/7 [00:14<01:26, 14.35s/it] 29%|██▊       | 2/7 [00:28<01:11, 14.34s/it] 43%|████▎     | 3/7 [00:43<00:57, 14.33s/it] 57%|█████▋    | 4/7 [00:57<00:42, 14.33s/it] 71%|███████▏  | 5/7 [01:11<00:28, 14.34s/it] 86%|████████▌ | 6/7 [01:26<00:14, 14.34s/it]100%|██████████| 7/7 [01:36<00:00, 13.02s/it]100%|██████████| 7/7 [01:36<00:00, 13.76s/it]
Loss: 0.5370769444955916, accuracy: 75.07991790771484
Validating
  0%|          | 0/3 [00:00<?, ?it/s] 33%|███▎      | 1/3 [00:14<00:28, 14.24s/it] 67%|██████▋   | 2/3 [00:28<00:14, 14.25s/it]100%|██████████| 3/3 [00:34<00:00, 10.34s/it]100%|██████████| 3/3 [00:34<00:00, 11.40s/it]
Loss: 0.5531620617363091, accuracy: 73.9112777709961


Epoch: 44/50
Training
  0%|          | 0/7 [00:00<?, ?it/s] 14%|█▍        | 1/7 [00:14<01:26, 14.34s/it] 29%|██▊       | 2/7 [00:28<01:11, 14.36s/it] 43%|████▎     | 3/7 [00:43<00:57, 14.35s/it] 57%|█████▋    | 4/7 [00:57<00:43, 14.35s/it] 71%|███████▏  | 5/7 [01:11<00:28, 14.34s/it] 86%|████████▌ | 6/7 [01:25<00:14, 14.31s/it]100%|██████████| 7/7 [01:36<00:00, 13.00s/it]100%|██████████| 7/7 [01:36<00:00, 13.76s/it]
Loss: 0.5367506870832668, accuracy: 75.05085754394531
Validating
  0%|          | 0/3 [00:00<?, ?it/s] 33%|███▎      | 1/3 [00:14<00:28, 14.23s/it] 67%|██████▋   | 2/3 [00:28<00:14, 14.23s/it]100%|██████████| 3/3 [00:34<00:00, 10.32s/it]100%|██████████| 3/3 [00:34<00:00, 11.38s/it]
Loss: 0.5530041709487692, accuracy: 73.82987976074219


Epoch: 45/50
Training
  0%|          | 0/7 [00:00<?, ?it/s] 14%|█▍        | 1/7 [00:14<01:26, 14.34s/it] 29%|██▊       | 2/7 [00:28<01:11, 14.35s/it] 43%|████▎     | 3/7 [00:43<00:57, 14.35s/it] 57%|█████▋    | 4/7 [00:57<00:43, 14.35s/it] 71%|███████▏  | 5/7 [01:11<00:28, 14.35s/it] 86%|████████▌ | 6/7 [01:26<00:14, 14.34s/it]100%|██████████| 7/7 [01:36<00:00, 13.02s/it]100%|██████████| 7/7 [01:36<00:00, 13.77s/it]
Loss: 0.5360959789254782, accuracy: 75.06538391113281
Validating
  0%|          | 0/3 [00:00<?, ?it/s] 33%|███▎      | 1/3 [00:14<00:28, 14.22s/it] 67%|██████▋   | 2/3 [00:28<00:14, 14.23s/it]100%|██████████| 3/3 [00:34<00:00, 10.32s/it]100%|██████████| 3/3 [00:34<00:00, 11.38s/it]
Loss: 0.5526987942292723, accuracy: 74.11477661132812


Epoch: 46/50
Training
  0%|          | 0/7 [00:00<?, ?it/s] 14%|█▍        | 1/7 [00:14<01:26, 14.35s/it] 29%|██▊       | 2/7 [00:28<01:11, 14.37s/it] 43%|████▎     | 3/7 [00:43<00:57, 14.36s/it] 57%|█████▋    | 4/7 [00:57<00:43, 14.37s/it] 71%|███████▏  | 5/7 [01:11<00:28, 14.37s/it] 86%|████████▌ | 6/7 [01:26<00:14, 14.36s/it]100%|██████████| 7/7 [01:36<00:00, 13.04s/it]100%|██████████| 7/7 [01:36<00:00, 13.78s/it]
Loss: 0.5360748116549486, accuracy: 75.16709899902344
Validating
  0%|          | 0/3 [00:00<?, ?it/s] 33%|███▎      | 1/3 [00:14<00:28, 14.20s/it] 67%|██████▋   | 2/3 [00:28<00:14, 14.21s/it]100%|██████████| 3/3 [00:34<00:00, 10.32s/it]100%|██████████| 3/3 [00:34<00:00, 11.37s/it]
Loss: 0.55264668356465, accuracy: 73.99267578125


Epoch: 47/50
Training
  0%|          | 0/7 [00:00<?, ?it/s] 14%|█▍        | 1/7 [00:14<01:26, 14.34s/it] 29%|██▊       | 2/7 [00:28<01:11, 14.34s/it] 43%|████▎     | 3/7 [00:43<00:57, 14.35s/it] 57%|█████▋    | 4/7 [00:57<00:43, 14.35s/it] 71%|███████▏  | 5/7 [01:11<00:28, 14.34s/it] 86%|████████▌ | 6/7 [01:26<00:14, 14.35s/it]100%|██████████| 7/7 [01:36<00:00, 13.04s/it]100%|██████████| 7/7 [01:36<00:00, 13.78s/it]
Loss: 0.5361405666121838, accuracy: 75.18163299560547
Validating
  0%|          | 0/3 [00:00<?, ?it/s] 33%|███▎      | 1/3 [00:14<00:28, 14.14s/it] 67%|██████▋   | 2/3 [00:28<00:14, 14.16s/it]100%|██████████| 3/3 [00:33<00:00, 10.26s/it]100%|██████████| 3/3 [00:33<00:00, 11.31s/it]
Loss: 0.552565028039624, accuracy: 73.82987976074219


Epoch: 48/50
Training
  0%|          | 0/7 [00:00<?, ?it/s] 14%|█▍        | 1/7 [00:14<01:25, 14.29s/it] 29%|██▊       | 2/7 [00:28<01:11, 14.38s/it] 43%|████▎     | 3/7 [00:43<00:57, 14.37s/it] 57%|█████▋    | 4/7 [00:57<00:43, 14.37s/it] 71%|███████▏  | 5/7 [01:11<00:28, 14.36s/it] 86%|████████▌ | 6/7 [01:26<00:14, 14.37s/it]100%|██████████| 7/7 [01:36<00:00, 13.03s/it]100%|██████████| 7/7 [01:36<00:00, 13.78s/it]
Loss: 0.5353145064811518, accuracy: 75.02178955078125
Validating
  0%|          | 0/3 [00:00<?, ?it/s] 33%|███▎      | 1/3 [00:14<00:28, 14.24s/it] 67%|██████▋   | 2/3 [00:28<00:14, 14.26s/it]100%|██████████| 3/3 [00:34<00:00, 10.36s/it]100%|██████████| 3/3 [00:34<00:00, 11.41s/it]
Loss: 0.5520545020790473, accuracy: 74.03337860107422


Epoch: 49/50
Training
  0%|          | 0/7 [00:00<?, ?it/s] 14%|█▍        | 1/7 [00:14<01:25, 14.33s/it] 29%|██▊       | 2/7 [00:28<01:11, 14.34s/it] 43%|████▎     | 3/7 [00:43<00:57, 14.34s/it] 57%|█████▋    | 4/7 [00:57<00:43, 14.34s/it] 71%|███████▏  | 5/7 [01:11<00:28, 14.33s/it] 86%|████████▌ | 6/7 [01:25<00:14, 14.33s/it]100%|██████████| 7/7 [01:36<00:00, 13.02s/it]100%|██████████| 7/7 [01:36<00:00, 13.76s/it]
Loss: 0.5347552494370844, accuracy: 75.18163299560547
Validating
  0%|          | 0/3 [00:00<?, ?it/s] 33%|███▎      | 1/3 [00:14<00:28, 14.20s/it] 67%|██████▋   | 2/3 [00:28<00:14, 14.23s/it]100%|██████████| 3/3 [00:34<00:00, 10.33s/it]100%|██████████| 3/3 [00:34<00:00, 11.38s/it]
Loss: 0.5518134903461408, accuracy: 73.95198059082031


Epoch: 50/50
Training
  0%|          | 0/7 [00:00<?, ?it/s] 14%|█▍        | 1/7 [00:14<01:25, 14.29s/it] 29%|██▊       | 2/7 [00:28<01:11, 14.30s/it] 43%|████▎     | 3/7 [00:42<00:57, 14.29s/it] 57%|█████▋    | 4/7 [00:57<00:42, 14.29s/it] 71%|███████▏  | 5/7 [01:11<00:28, 14.30s/it] 86%|████████▌ | 6/7 [01:25<00:14, 14.31s/it]100%|██████████| 7/7 [01:36<00:00, 13.01s/it]100%|██████████| 7/7 [01:36<00:00, 13.74s/it]
Loss: 0.5335765256330185, accuracy: 75.1380386352539
Validating
  0%|          | 0/3 [00:00<?, ?it/s] 33%|███▎      | 1/3 [00:14<00:28, 14.19s/it] 67%|██████▋   | 2/3 [00:28<00:14, 14.20s/it]100%|██████████| 3/3 [00:34<00:00, 10.31s/it]100%|██████████| 3/3 [00:34<00:00, 11.36s/it]
Loss: 0.5514785463993366, accuracy: 74.15547943115234


Training Time: 1.0h 48.0m 39.04322791099548s
Best validation accuracy: 74.23687744140625
  0%|          | 0/1 [00:00<?, ?it/s]100%|██████████| 1/1 [00:06<00:00,  6.87s/it]100%|██████████| 1/1 [00:06<00:00,  6.87s/it]

Evaluated on test set
accuracy: 73.32%, f1-score: 0.73238

Epoch: 1/50
Training
  0%|          | 0/7 [00:00<?, ?it/s] 14%|█▍        | 1/7 [00:13<01:19, 13.27s/it] 29%|██▊       | 2/7 [00:26<01:06, 13.30s/it] 43%|████▎     | 3/7 [00:39<00:53, 13.32s/it] 57%|█████▋    | 4/7 [00:53<00:40, 13.42s/it] 71%|███████▏  | 5/7 [01:07<00:26, 13.49s/it] 86%|████████▌ | 6/7 [01:20<00:13, 13.59s/it]100%|██████████| 7/7 [01:30<00:00, 12.43s/it]100%|██████████| 7/7 [01:30<00:00, 12.99s/it]
Loss: 0.6892846554076038, accuracy: 53.64719772338867
Validating
  0%|          | 0/3 [00:00<?, ?it/s] 33%|███▎      | 1/3 [00:13<00:27, 13.82s/it] 67%|██████▋   | 2/3 [00:27<00:13, 13.89s/it]100%|██████████| 3/3 [00:33<00:00, 10.09s/it]100%|██████████| 3/3 [00:33<00:00, 11.11s/it]
Loss: 0.6920449487504117, accuracy: 51.48554992675781


Epoch: 2/50
Training
  0%|          | 0/7 [00:00<?, ?it/s] 14%|█▍        | 1/7 [00:14<01:24, 14.06s/it] 29%|██▊       | 2/7 [00:28<01:10, 14.04s/it] 43%|████▎     | 3/7 [00:42<00:56, 14.01s/it] 57%|█████▋    | 4/7 [00:56<00:42, 14.03s/it] 71%|███████▏  | 5/7 [01:10<00:28, 14.10s/it] 86%|████████▌ | 6/7 [01:24<00:14, 14.14s/it]100%|██████████| 7/7 [01:34<00:00, 12.87s/it]100%|██████████| 7/7 [01:34<00:00, 13.55s/it]
Loss: 0.6599599726322742, accuracy: 65.46062469482422
Validating
  0%|          | 0/3 [00:00<?, ?it/s] 33%|███▎      | 1/3 [00:14<00:28, 14.23s/it] 67%|██████▋   | 2/3 [00:28<00:14, 14.27s/it]100%|██████████| 3/3 [00:34<00:00, 10.37s/it]100%|██████████| 3/3 [00:34<00:00, 11.42s/it]
Loss: 0.6732502508367229, accuracy: 53.2763557434082


Epoch: 3/50
Training
  0%|          | 0/7 [00:00<?, ?it/s] 14%|█▍        | 1/7 [00:14<01:26, 14.40s/it] 29%|██▊       | 2/7 [00:28<01:12, 14.44s/it] 43%|████▎     | 3/7 [00:43<00:57, 14.42s/it] 57%|█████▋    | 4/7 [00:57<00:43, 14.37s/it] 71%|███████▏  | 5/7 [01:11<00:28, 14.36s/it] 86%|████████▌ | 6/7 [01:26<00:14, 14.37s/it]100%|██████████| 7/7 [01:36<00:00, 13.07s/it]100%|██████████| 7/7 [01:36<00:00, 13.81s/it]
Loss: 0.636331367011127, accuracy: 70.50276184082031
Validating
  0%|          | 0/3 [00:00<?, ?it/s] 33%|███▎      | 1/3 [00:14<00:28, 14.33s/it] 67%|██████▋   | 2/3 [00:29<00:14, 14.92s/it]100%|██████████| 3/3 [00:35<00:00, 10.73s/it]100%|██████████| 3/3 [00:35<00:00, 11.80s/it]
Loss: 0.6425722416067298, accuracy: 65.1607666015625


Epoch: 4/50
Training
  0%|          | 0/7 [00:00<?, ?it/s] 14%|█▍        | 1/7 [00:14<01:26, 14.39s/it] 29%|██▊       | 2/7 [00:28<01:12, 14.40s/it] 43%|████▎     | 3/7 [00:43<00:57, 14.40s/it] 57%|█████▋    | 4/7 [00:57<00:43, 14.43s/it] 71%|███████▏  | 5/7 [01:12<00:28, 14.45s/it] 86%|████████▌ | 6/7 [01:26<00:14, 14.45s/it]100%|██████████| 7/7 [01:37<00:00, 13.14s/it]100%|██████████| 7/7 [01:37<00:00, 13.87s/it]
Loss: 0.6182802762274339, accuracy: 72.34815216064453
Validating
  0%|          | 0/3 [00:00<?, ?it/s] 33%|███▎      | 1/3 [00:14<00:28, 14.35s/it] 67%|██████▋   | 2/3 [00:28<00:14, 14.32s/it]100%|██████████| 3/3 [00:34<00:00, 10.38s/it]100%|██████████| 3/3 [00:34<00:00, 11.45s/it]
Loss: 0.6131371757001182, accuracy: 72.81237030029297


Epoch: 5/50
Training
  0%|          | 0/7 [00:00<?, ?it/s] 14%|█▍        | 1/7 [00:14<01:26, 14.47s/it] 29%|██▊       | 2/7 [00:28<01:12, 14.48s/it] 43%|████▎     | 3/7 [00:43<00:57, 14.40s/it] 57%|█████▋    | 4/7 [00:57<00:43, 14.34s/it] 71%|███████▏  | 5/7 [01:11<00:28, 14.31s/it] 86%|████████▌ | 6/7 [01:26<00:14, 14.29s/it]100%|██████████| 7/7 [01:36<00:00, 12.97s/it]100%|██████████| 7/7 [01:36<00:00, 13.75s/it]
Loss: 0.6029320320775432, accuracy: 73.13280487060547
Validating
  0%|          | 0/3 [00:00<?, ?it/s] 33%|███▎      | 1/3 [00:14<00:28, 14.16s/it] 67%|██████▋   | 2/3 [00:28<00:14, 14.16s/it]100%|██████████| 3/3 [00:34<00:00, 10.29s/it]100%|██████████| 3/3 [00:34<00:00, 11.34s/it]
Loss: 0.5955078205928407, accuracy: 72.8937759399414


Epoch: 6/50
Training
  0%|          | 0/7 [00:00<?, ?it/s] 14%|█▍        | 1/7 [00:14<01:25, 14.26s/it] 29%|██▊       | 2/7 [00:28<01:11, 14.25s/it] 43%|████▎     | 3/7 [00:42<00:57, 14.29s/it] 57%|█████▋    | 4/7 [00:57<00:42, 14.30s/it] 71%|███████▏  | 5/7 [01:11<00:28, 14.29s/it] 86%|████████▌ | 6/7 [01:25<00:14, 14.26s/it]100%|██████████| 7/7 [01:35<00:00, 12.97s/it]100%|██████████| 7/7 [01:35<00:00, 13.71s/it]
Loss: 0.5929543848337042, accuracy: 73.37982940673828
Validating
  0%|          | 0/3 [00:00<?, ?it/s] 33%|███▎      | 1/3 [00:14<00:28, 14.14s/it] 67%|██████▋   | 2/3 [00:28<00:14, 14.15s/it]100%|██████████| 3/3 [00:33<00:00, 10.28s/it]100%|██████████| 3/3 [00:33<00:00, 11.32s/it]
Loss: 0.5837672612120769, accuracy: 73.58567810058594


Epoch: 7/50
Training
  0%|          | 0/7 [00:00<?, ?it/s] 14%|█▍        | 1/7 [00:14<01:25, 14.22s/it] 29%|██▊       | 2/7 [00:28<01:11, 14.24s/it] 43%|████▎     | 3/7 [00:42<00:57, 14.26s/it] 57%|█████▋    | 4/7 [00:57<00:42, 14.28s/it] 71%|███████▏  | 5/7 [01:11<00:28, 14.28s/it] 86%|████████▌ | 6/7 [01:25<00:14, 14.28s/it]100%|██████████| 7/7 [01:35<00:00, 12.99s/it]100%|██████████| 7/7 [01:35<00:00, 13.71s/it]
Loss: 0.5845239743421466, accuracy: 73.58325958251953
Validating
  0%|          | 0/3 [00:00<?, ?it/s] 33%|███▎      | 1/3 [00:14<00:28, 14.17s/it] 67%|██████▋   | 2/3 [00:28<00:14, 14.16s/it]100%|██████████| 3/3 [00:34<00:00, 10.29s/it]100%|██████████| 3/3 [00:34<00:00, 11.34s/it]
Loss: 0.576597143466462, accuracy: 73.70777893066406


Epoch: 8/50
Training
  0%|          | 0/7 [00:00<?, ?it/s] 14%|█▍        | 1/7 [00:14<01:25, 14.26s/it] 29%|██▊       | 2/7 [00:28<01:11, 14.28s/it] 43%|████▎     | 3/7 [00:42<00:57, 14.30s/it] 57%|█████▋    | 4/7 [00:57<00:43, 14.34s/it] 71%|███████▏  | 5/7 [01:11<00:28, 14.36s/it] 86%|████████▌ | 6/7 [01:26<00:14, 14.37s/it]100%|██████████| 7/7 [01:36<00:00, 13.04s/it]100%|██████████| 7/7 [01:36<00:00, 13.77s/it]
Loss: 0.5789373142537042, accuracy: 73.93199157714844
Validating
  0%|          | 0/3 [00:00<?, ?it/s] 33%|███▎      | 1/3 [00:14<00:28, 14.13s/it] 67%|██████▋   | 2/3 [00:28<00:14, 14.15s/it]100%|██████████| 3/3 [00:34<00:00, 10.30s/it]100%|██████████| 3/3 [00:34<00:00, 11.34s/it]
Loss: 0.5714871765250445, accuracy: 73.95198059082031


Epoch: 9/50
Training
  0%|          | 0/7 [00:00<?, ?it/s] 14%|█▍        | 1/7 [00:14<01:26, 14.34s/it] 29%|██▊       | 2/7 [00:28<01:11, 14.36s/it] 43%|████▎     | 3/7 [00:43<00:57, 14.36s/it] 57%|█████▋    | 4/7 [00:57<00:43, 14.36s/it] 71%|███████▏  | 5/7 [01:11<00:28, 14.36s/it] 86%|████████▌ | 6/7 [01:26<00:14, 14.37s/it]100%|██████████| 7/7 [01:36<00:00, 13.05s/it]100%|██████████| 7/7 [01:36<00:00, 13.79s/it]
Loss: 0.5739042448360052, accuracy: 74.13542175292969
Validating
  0%|          | 0/3 [00:00<?, ?it/s] 33%|███▎      | 1/3 [00:14<00:28, 14.22s/it] 67%|██████▋   | 2/3 [00:28<00:14, 14.25s/it]100%|██████████| 3/3 [00:34<00:00, 10.33s/it]100%|██████████| 3/3 [00:34<00:00, 11.39s/it]
Loss: 0.5671197984293316, accuracy: 74.23687744140625


Epoch: 10/50
Training
  0%|          | 0/7 [00:00<?, ?it/s] 14%|█▍        | 1/7 [00:14<01:26, 14.40s/it] 29%|██▊       | 2/7 [00:28<01:11, 14.37s/it] 43%|████▎     | 3/7 [00:43<00:57, 14.36s/it] 57%|█████▋    | 4/7 [00:57<00:43, 14.36s/it] 71%|███████▏  | 5/7 [01:11<00:28, 14.37s/it] 86%|████████▌ | 6/7 [01:26<00:14, 14.37s/it]100%|██████████| 7/7 [01:36<00:00, 13.06s/it]100%|██████████| 7/7 [01:36<00:00, 13.80s/it]
Loss: 0.5698356073251196, accuracy: 74.01917266845703
Validating
  0%|          | 0/3 [00:00<?, ?it/s] 33%|███▎      | 1/3 [00:14<00:28, 14.21s/it] 67%|██████▋   | 2/3 [00:28<00:14, 14.26s/it]100%|██████████| 3/3 [00:34<00:00, 10.34s/it]100%|██████████| 3/3 [00:34<00:00, 11.39s/it]
Loss: 0.5638964963143659, accuracy: 74.31827545166016


Epoch: 11/50
Training
  0%|          | 0/7 [00:00<?, ?it/s] 14%|█▍        | 1/7 [00:14<01:26, 14.44s/it] 29%|██▊       | 2/7 [00:28<01:12, 14.42s/it] 43%|████▎     | 3/7 [00:43<00:57, 14.41s/it] 57%|█████▋    | 4/7 [00:57<00:43, 14.40s/it] 71%|███████▏  | 5/7 [01:12<00:28, 14.40s/it] 86%|████████▌ | 6/7 [01:26<00:14, 14.43s/it]100%|██████████| 7/7 [01:36<00:00, 13.12s/it]100%|██████████| 7/7 [01:36<00:00, 13.85s/it]
Loss: 0.5666390847792566, accuracy: 74.03370666503906
Validating
  0%|          | 0/3 [00:00<?, ?it/s] 33%|███▎      | 1/3 [00:14<00:28, 14.28s/it] 67%|██████▋   | 2/3 [00:28<00:14, 14.28s/it]100%|██████████| 3/3 [00:34<00:00, 10.38s/it]100%|██████████| 3/3 [00:34<00:00, 11.43s/it]
Loss: 0.5616397535747564, accuracy: 74.35897827148438


Epoch: 12/50
Training
  0%|          | 0/7 [00:00<?, ?it/s] 14%|█▍        | 1/7 [00:14<01:26, 14.42s/it] 29%|██▊       | 2/7 [00:28<01:12, 14.42s/it] 43%|████▎     | 3/7 [00:43<00:57, 14.42s/it] 57%|█████▋    | 4/7 [00:57<00:43, 14.41s/it] 71%|███████▏  | 5/7 [01:12<00:28, 14.41s/it] 86%|████████▌ | 6/7 [01:26<00:14, 14.43s/it]100%|██████████| 7/7 [01:36<00:00, 13.11s/it]100%|██████████| 7/7 [01:36<00:00, 13.85s/it]
Loss: 0.5641787654436872, accuracy: 74.29525756835938
Validating
  0%|          | 0/3 [00:00<?, ?it/s] 33%|███▎      | 1/3 [00:14<00:28, 14.29s/it] 67%|██████▋   | 2/3 [00:28<00:14, 14.29s/it]100%|██████████| 3/3 [00:34<00:00, 10.39s/it]100%|██████████| 3/3 [00:34<00:00, 11.44s/it]
Loss: 0.5591064239596273, accuracy: 74.44037628173828


Epoch: 13/50
Training
  0%|          | 0/7 [00:00<?, ?it/s] 14%|█▍        | 1/7 [00:14<01:26, 14.45s/it] 29%|██▊       | 2/7 [00:28<01:12, 14.45s/it] 43%|████▎     | 3/7 [00:43<00:57, 14.45s/it] 57%|█████▋    | 4/7 [00:57<00:43, 14.44s/it] 71%|███████▏  | 5/7 [01:12<00:28, 14.43s/it] 86%|████████▌ | 6/7 [01:26<00:14, 14.43s/it]100%|██████████| 7/7 [01:36<00:00, 13.10s/it]100%|██████████| 7/7 [01:36<00:00, 13.85s/it]
Loss: 0.5613922466375356, accuracy: 74.44056701660156
Validating
  0%|          | 0/3 [00:00<?, ?it/s] 33%|███▎      | 1/3 [00:14<00:28, 14.27s/it] 67%|██████▋   | 2/3 [00:28<00:14, 14.30s/it]100%|██████████| 3/3 [00:34<00:00, 10.39s/it]100%|██████████| 3/3 [00:34<00:00, 11.44s/it]
Loss: 0.5570166644935546, accuracy: 74.44037628173828


Epoch: 14/50
Training
  0%|          | 0/7 [00:00<?, ?it/s] 14%|█▍        | 1/7 [00:14<01:26, 14.40s/it] 29%|██▊       | 2/7 [00:28<01:11, 14.39s/it] 43%|████▎     | 3/7 [00:43<00:57, 14.40s/it] 57%|█████▋    | 4/7 [00:57<00:43, 14.39s/it] 71%|███████▏  | 5/7 [01:11<00:28, 14.39s/it] 86%|████████▌ | 6/7 [01:26<00:14, 14.40s/it]100%|██████████| 7/7 [01:36<00:00, 13.09s/it]100%|██████████| 7/7 [01:36<00:00, 13.82s/it]
Loss: 0.5596455213324478, accuracy: 74.68759155273438
Validating
  0%|          | 0/3 [00:00<?, ?it/s] 33%|███▎      | 1/3 [00:14<00:28, 14.28s/it] 67%|██████▋   | 2/3 [00:28<00:14, 14.30s/it]100%|██████████| 3/3 [00:34<00:00, 10.38s/it]100%|██████████| 3/3 [00:34<00:00, 11.44s/it]
Loss: 0.5554437119639595, accuracy: 74.3996810913086


Epoch: 15/50
Training
  0%|          | 0/7 [00:00<?, ?it/s] 14%|█▍        | 1/7 [00:14<01:26, 14.40s/it] 29%|██▊       | 2/7 [00:28<01:12, 14.41s/it] 43%|████▎     | 3/7 [00:43<00:57, 14.45s/it] 57%|█████▋    | 4/7 [00:57<00:43, 14.46s/it] 71%|███████▏  | 5/7 [01:12<00:28, 14.45s/it] 86%|████████▌ | 6/7 [01:26<00:14, 14.43s/it]100%|██████████| 7/7 [01:36<00:00, 13.11s/it]100%|██████████| 7/7 [01:36<00:00, 13.86s/it]
Loss: 0.5577515280028479, accuracy: 74.41150665283203
Validating
  0%|          | 0/3 [00:00<?, ?it/s] 33%|███▎      | 1/3 [00:14<00:28, 14.28s/it] 67%|██████▋   | 2/3 [00:28<00:14, 14.29s/it]100%|██████████| 3/3 [00:34<00:00, 10.38s/it]100%|██████████| 3/3 [00:34<00:00, 11.43s/it]
Loss: 0.5540450444830886, accuracy: 74.44037628173828


Epoch: 16/50
Training
  0%|          | 0/7 [00:00<?, ?it/s] 14%|█▍        | 1/7 [00:14<01:26, 14.43s/it] 29%|██▊       | 2/7 [00:28<01:12, 14.44s/it] 43%|████▎     | 3/7 [00:43<00:57, 14.43s/it] 57%|█████▋    | 4/7 [00:57<00:43, 14.43s/it] 71%|███████▏  | 5/7 [01:12<00:28, 14.43s/it] 86%|████████▌ | 6/7 [01:26<00:14, 14.44s/it]100%|██████████| 7/7 [01:36<00:00, 13.12s/it]100%|██████████| 7/7 [01:36<00:00, 13.86s/it]
Loss: 0.5578291369399093, accuracy: 74.20807647705078
Validating
  0%|          | 0/3 [00:00<?, ?it/s] 33%|███▎      | 1/3 [00:14<00:28, 14.31s/it] 67%|██████▋   | 2/3 [00:28<00:14, 14.30s/it]100%|██████████| 3/3 [00:34<00:00, 10.39s/it]100%|██████████| 3/3 [00:34<00:00, 11.45s/it]
Loss: 0.5526087430370596, accuracy: 74.19617462158203


Epoch: 17/50
Training
  0%|          | 0/7 [00:00<?, ?it/s] 14%|█▍        | 1/7 [00:14<01:26, 14.41s/it] 29%|██▊       | 2/7 [00:28<01:12, 14.44s/it] 43%|████▎     | 3/7 [00:43<00:57, 14.44s/it] 57%|█████▋    | 4/7 [00:57<00:43, 14.45s/it] 71%|███████▏  | 5/7 [01:12<00:28, 14.45s/it] 86%|████████▌ | 6/7 [01:26<00:14, 14.45s/it]100%|██████████| 7/7 [01:37<00:00, 13.13s/it]100%|██████████| 7/7 [01:37<00:00, 13.87s/it]
Loss: 0.5553149843901889, accuracy: 74.61493682861328
Validating
  0%|          | 0/3 [00:00<?, ?it/s] 33%|███▎      | 1/3 [00:14<00:28, 14.24s/it] 67%|██████▋   | 2/3 [00:28<00:14, 14.32s/it]100%|██████████| 3/3 [00:34<00:00, 10.40s/it]100%|██████████| 3/3 [00:34<00:00, 11.45s/it]
Loss: 0.55176485060287, accuracy: 74.3996810913086


Epoch: 18/50
Training
  0%|          | 0/7 [00:00<?, ?it/s] 14%|█▍        | 1/7 [00:14<01:26, 14.44s/it] 29%|██▊       | 2/7 [00:28<01:12, 14.44s/it] 43%|████▎     | 3/7 [00:43<00:57, 14.43s/it] 57%|█████▋    | 4/7 [00:57<00:43, 14.41s/it] 71%|███████▏  | 5/7 [01:12<00:28, 14.40s/it] 86%|████████▌ | 6/7 [01:26<00:14, 14.35s/it]100%|██████████| 7/7 [01:36<00:00, 13.04s/it]100%|██████████| 7/7 [01:36<00:00, 13.81s/it]
Loss: 0.5546092518503255, accuracy: 74.41150665283203
Validating
  0%|          | 0/3 [00:00<?, ?it/s] 33%|███▎      | 1/3 [00:14<00:28, 14.18s/it] 67%|██████▋   | 2/3 [00:28<00:14, 14.21s/it]100%|██████████| 3/3 [00:34<00:00, 10.35s/it]100%|██████████| 3/3 [00:34<00:00, 11.39s/it]
Loss: 0.5506194615732813, accuracy: 74.31827545166016


Epoch: 19/50
Training
  0%|          | 0/7 [00:00<?, ?it/s] 14%|█▍        | 1/7 [00:14<01:26, 14.42s/it] 29%|██▊       | 2/7 [00:28<01:11, 14.40s/it] 43%|████▎     | 3/7 [00:43<00:57, 14.41s/it] 57%|█████▋    | 4/7 [00:57<00:43, 14.42s/it] 71%|███████▏  | 5/7 [01:12<00:28, 14.42s/it] 86%|████████▌ | 6/7 [01:26<00:14, 14.41s/it]100%|██████████| 7/7 [01:36<00:00, 13.10s/it]100%|██████████| 7/7 [01:36<00:00, 13.84s/it]
Loss: 0.5529307378859272, accuracy: 74.57134246826172
Validating
  0%|          | 0/3 [00:00<?, ?it/s] 33%|███▎      | 1/3 [00:14<00:28, 14.29s/it] 67%|██████▋   | 2/3 [00:28<00:14, 14.31s/it]100%|██████████| 3/3 [00:34<00:00, 10.38s/it]100%|██████████| 3/3 [00:34<00:00, 11.44s/it]
Loss: 0.5499639063285141, accuracy: 74.19617462158203


Epoch: 20/50
Training
  0%|          | 0/7 [00:00<?, ?it/s] 14%|█▍        | 1/7 [00:14<01:26, 14.40s/it] 29%|██▊       | 2/7 [00:28<01:12, 14.40s/it] 43%|████▎     | 3/7 [00:43<00:57, 14.40s/it] 57%|█████▋    | 4/7 [00:57<00:43, 14.40s/it] 71%|███████▏  | 5/7 [01:12<00:28, 14.41s/it] 86%|████████▌ | 6/7 [01:26<00:14, 14.41s/it]100%|██████████| 7/7 [01:36<00:00, 13.09s/it]100%|██████████| 7/7 [01:36<00:00, 13.83s/it]
Loss: 0.5521745190860158, accuracy: 74.74571228027344
Validating
  0%|          | 0/3 [00:00<?, ?it/s] 33%|███▎      | 1/3 [00:14<00:28, 14.28s/it] 67%|██████▋   | 2/3 [00:28<00:14, 14.29s/it]100%|██████████| 3/3 [00:34<00:00, 10.38s/it]100%|██████████| 3/3 [00:34<00:00, 11.43s/it]
Loss: 0.5491119148675921, accuracy: 74.35897827148438


Epoch: 21/50
Training
  0%|          | 0/7 [00:00<?, ?it/s] 14%|█▍        | 1/7 [00:14<01:26, 14.41s/it] 29%|██▊       | 2/7 [00:28<01:12, 14.42s/it] 43%|████▎     | 3/7 [00:43<00:57, 14.42s/it] 57%|█████▋    | 4/7 [00:57<00:43, 14.42s/it] 71%|███████▏  | 5/7 [01:12<00:28, 14.42s/it] 86%|████████▌ | 6/7 [01:26<00:14, 14.41s/it]100%|██████████| 7/7 [01:36<00:00, 13.09s/it]100%|██████████| 7/7 [01:36<00:00, 13.84s/it]
Loss: 0.5512017367780642, accuracy: 74.73118591308594
Validating
  0%|          | 0/3 [00:00<?, ?it/s] 33%|███▎      | 1/3 [00:14<00:28, 14.31s/it] 67%|██████▋   | 2/3 [00:28<00:14, 14.32s/it]100%|██████████| 3/3 [00:34<00:00, 10.39s/it]100%|██████████| 3/3 [00:34<00:00, 11.45s/it]
Loss: 0.5484376460689814, accuracy: 74.27758026123047


Epoch: 22/50
Training
  0%|          | 0/7 [00:00<?, ?it/s] 14%|█▍        | 1/7 [00:14<01:26, 14.38s/it] 29%|██▊       | 2/7 [00:28<01:11, 14.39s/it] 43%|████▎     | 3/7 [00:43<00:57, 14.40s/it] 57%|█████▋    | 4/7 [00:57<00:43, 14.40s/it] 71%|███████▏  | 5/7 [01:12<00:28, 14.42s/it] 86%|████████▌ | 6/7 [01:26<00:14, 14.39s/it]100%|██████████| 7/7 [01:36<00:00, 13.08s/it]100%|██████████| 7/7 [01:36<00:00, 13.82s/it]
Loss: 0.5507978073942976, accuracy: 74.65852355957031
Validating
  0%|          | 0/3 [00:00<?, ?it/s] 33%|███▎      | 1/3 [00:14<00:28, 14.28s/it] 67%|██████▋   | 2/3 [00:28<00:14, 14.30s/it]100%|██████████| 3/3 [00:34<00:00, 10.37s/it]100%|██████████| 3/3 [00:34<00:00, 11.43s/it]
Loss: 0.5479407268760162, accuracy: 74.31827545166016


Epoch: 23/50
Training
  0%|          | 0/7 [00:00<?, ?it/s] 14%|█▍        | 1/7 [00:14<01:26, 14.39s/it] 29%|██▊       | 2/7 [00:28<01:12, 14.41s/it] 43%|████▎     | 3/7 [00:43<00:57, 14.37s/it] 57%|█████▋    | 4/7 [00:57<00:43, 14.38s/it] 71%|███████▏  | 5/7 [01:11<00:28, 14.38s/it] 86%|████████▌ | 6/7 [01:26<00:14, 14.37s/it]100%|██████████| 7/7 [01:36<00:00, 13.05s/it]100%|██████████| 7/7 [01:36<00:00, 13.80s/it]
Loss: 0.5496409205599116, accuracy: 74.65852355957031
Validating
  0%|          | 0/3 [00:00<?, ?it/s] 33%|███▎      | 1/3 [00:14<00:28, 14.25s/it] 67%|██████▋   | 2/3 [00:28<00:14, 14.23s/it]100%|██████████| 3/3 [00:34<00:00, 10.31s/it]100%|██████████| 3/3 [00:34<00:00, 11.37s/it]
Loss: 0.5471774339675903, accuracy: 74.3996810913086


Epoch: 24/50
Training
  0%|          | 0/7 [00:00<?, ?it/s] 14%|█▍        | 1/7 [00:14<01:25, 14.31s/it] 29%|██▊       | 2/7 [00:28<01:11, 14.31s/it] 43%|████▎     | 3/7 [00:42<00:57, 14.31s/it] 57%|█████▋    | 4/7 [00:57<00:42, 14.31s/it] 71%|███████▏  | 5/7 [01:11<00:28, 14.30s/it] 86%|████████▌ | 6/7 [01:25<00:14, 14.34s/it]100%|██████████| 7/7 [01:36<00:00, 13.03s/it]100%|██████████| 7/7 [01:36<00:00, 13.75s/it]
Loss: 0.5485056219874201, accuracy: 74.789306640625
Validating
  0%|          | 0/3 [00:00<?, ?it/s] 33%|███▎      | 1/3 [00:14<00:28, 14.24s/it] 67%|██████▋   | 2/3 [00:28<00:14, 14.24s/it]100%|██████████| 3/3 [00:34<00:00, 10.32s/it]100%|██████████| 3/3 [00:34<00:00, 11.38s/it]
Loss: 0.5467768731183233, accuracy: 74.4810791015625


Epoch: 25/50
Training
  0%|          | 0/7 [00:00<?, ?it/s] 14%|█▍        | 1/7 [00:14<01:26, 14.41s/it] 29%|██▊       | 2/7 [00:28<01:11, 14.38s/it] 43%|████▎     | 3/7 [00:43<00:57, 14.39s/it] 57%|█████▋    | 4/7 [00:57<00:43, 14.42s/it] 71%|███████▏  | 5/7 [01:12<00:28, 14.44s/it] 86%|████████▌ | 6/7 [01:26<00:14, 14.44s/it]100%|██████████| 7/7 [01:36<00:00, 13.12s/it]100%|██████████| 7/7 [01:36<00:00, 13.85s/it]
Loss: 0.548048459350699, accuracy: 74.52775573730469
Validating
  0%|          | 0/3 [00:00<?, ?it/s] 33%|███▎      | 1/3 [00:14<00:28, 14.32s/it] 67%|██████▋   | 2/3 [00:28<00:14, 14.32s/it]100%|██████████| 3/3 [00:34<00:00, 10.40s/it]100%|██████████| 3/3 [00:34<00:00, 11.46s/it]
Loss: 0.5463806066660557, accuracy: 74.3996810913086


Epoch: 26/50
Training
  0%|          | 0/7 [00:00<?, ?it/s] 14%|█▍        | 1/7 [00:14<01:26, 14.44s/it] 29%|██▊       | 2/7 [00:28<01:12, 14.45s/it] 43%|████▎     | 3/7 [00:43<00:57, 14.44s/it] 57%|█████▋    | 4/7 [00:57<00:43, 14.44s/it] 71%|███████▏  | 5/7 [01:12<00:28, 14.42s/it] 86%|████████▌ | 6/7 [01:26<00:14, 14.43s/it]100%|██████████| 7/7 [01:37<00:00, 13.15s/it]100%|██████████| 7/7 [01:37<00:00, 13.87s/it]
Loss: 0.5472953668239331, accuracy: 74.64399719238281
Validating
  0%|          | 0/3 [00:00<?, ?it/s] 33%|███▎      | 1/3 [00:14<00:28, 14.44s/it] 67%|██████▋   | 2/3 [00:28<00:14, 14.39s/it]100%|██████████| 3/3 [00:34<00:00, 10.44s/it]100%|██████████| 3/3 [00:34<00:00, 11.51s/it]
Loss: 0.5458849650308472, accuracy: 74.44037628173828


Epoch: 27/50
Training
  0%|          | 0/7 [00:00<?, ?it/s] 14%|█▍        | 1/7 [00:14<01:26, 14.37s/it] 29%|██▊       | 2/7 [00:28<01:12, 14.40s/it] 43%|████▎     | 3/7 [00:43<00:57, 14.42s/it] 57%|█████▋    | 4/7 [00:57<00:43, 14.43s/it] 71%|███████▏  | 5/7 [01:12<00:28, 14.43s/it] 86%|████████▌ | 6/7 [01:26<00:14, 14.43s/it]100%|██████████| 7/7 [01:36<00:00, 13.11s/it]100%|██████████| 7/7 [01:36<00:00, 13.85s/it]
Loss: 0.5476573836453534, accuracy: 74.49868774414062
Validating
  0%|          | 0/3 [00:00<?, ?it/s] 33%|███▎      | 1/3 [00:14<00:28, 14.28s/it] 67%|██████▋   | 2/3 [00:28<00:14, 14.31s/it]100%|██████████| 3/3 [00:34<00:00, 10.40s/it]100%|██████████| 3/3 [00:34<00:00, 11.45s/it]
Loss: 0.5453102782726482, accuracy: 74.60317993164062


Epoch: 28/50
Training
  0%|          | 0/7 [00:00<?, ?it/s] 14%|█▍        | 1/7 [00:14<01:26, 14.45s/it] 29%|██▊       | 2/7 [00:28<01:12, 14.45s/it] 43%|████▎     | 3/7 [00:43<00:57, 14.44s/it] 57%|█████▋    | 4/7 [00:57<00:43, 14.40s/it] 71%|███████▏  | 5/7 [01:12<00:28, 14.41s/it] 86%|████████▌ | 6/7 [01:26<00:14, 14.39s/it]100%|██████████| 7/7 [01:36<00:00, 13.09s/it]100%|██████████| 7/7 [01:36<00:00, 13.84s/it]
Loss: 0.5460570511066855, accuracy: 74.68759155273438
Validating
  0%|          | 0/3 [00:00<?, ?it/s] 33%|███▎      | 1/3 [00:14<00:28, 14.30s/it] 67%|██████▋   | 2/3 [00:28<00:14, 14.32s/it]100%|██████████| 3/3 [00:34<00:00, 10.40s/it]100%|██████████| 3/3 [00:34<00:00, 11.46s/it]
Loss: 0.5450284489054091, accuracy: 74.4810791015625


Epoch: 29/50
Training
  0%|          | 0/7 [00:00<?, ?it/s] 14%|█▍        | 1/7 [00:14<01:26, 14.43s/it] 29%|██▊       | 2/7 [00:28<01:12, 14.43s/it] 43%|████▎     | 3/7 [00:43<00:57, 14.43s/it] 57%|█████▋    | 4/7 [00:57<00:43, 14.42s/it] 71%|███████▏  | 5/7 [01:12<00:28, 14.42s/it] 86%|████████▌ | 6/7 [01:26<00:14, 14.42s/it]100%|██████████| 7/7 [01:36<00:00, 13.11s/it]100%|██████████| 7/7 [01:36<00:00, 13.85s/it]
Loss: 0.5460062623716863, accuracy: 74.57134246826172
Validating
  0%|          | 0/3 [00:00<?, ?it/s] 33%|███▎      | 1/3 [00:14<00:28, 14.29s/it] 67%|██████▋   | 2/3 [00:28<00:14, 14.30s/it]100%|██████████| 3/3 [00:34<00:00, 10.38s/it]100%|██████████| 3/3 [00:34<00:00, 11.44s/it]
Loss: 0.5445297659049929, accuracy: 74.5624771118164


Epoch: 30/50
Training
  0%|          | 0/7 [00:00<?, ?it/s] 14%|█▍        | 1/7 [00:14<01:26, 14.41s/it] 29%|██▊       | 2/7 [00:28<01:12, 14.44s/it] 43%|████▎     | 3/7 [00:43<00:57, 14.44s/it] 57%|█████▋    | 4/7 [00:57<00:43, 14.44s/it] 71%|███████▏  | 5/7 [01:12<00:28, 14.44s/it] 86%|████████▌ | 6/7 [01:26<00:14, 14.45s/it]100%|██████████| 7/7 [01:37<00:00, 13.13s/it]100%|██████████| 7/7 [01:37<00:00, 13.87s/it]
Loss: 0.5458472526305569, accuracy: 74.62947082519531
Validating
  0%|          | 0/3 [00:00<?, ?it/s] 33%|███▎      | 1/3 [00:14<00:28, 14.33s/it] 67%|██████▋   | 2/3 [00:28<00:14, 14.33s/it]100%|██████████| 3/3 [00:34<00:00, 10.40s/it]100%|██████████| 3/3 [00:34<00:00, 11.46s/it]
Loss: 0.5440762185642862, accuracy: 74.52178192138672


Epoch: 31/50
Training
  0%|          | 0/7 [00:00<?, ?it/s] 14%|█▍        | 1/7 [00:14<01:26, 14.43s/it] 29%|██▊       | 2/7 [00:28<01:12, 14.43s/it] 43%|████▎     | 3/7 [00:43<00:57, 14.44s/it] 57%|█████▋    | 4/7 [00:57<00:43, 14.45s/it] 71%|███████▏  | 5/7 [01:12<00:28, 14.45s/it] 86%|████████▌ | 6/7 [01:26<00:14, 14.46s/it]100%|██████████| 7/7 [01:37<00:00, 13.13s/it]100%|██████████| 7/7 [01:37<00:00, 13.87s/it]
Loss: 0.544520797579831, accuracy: 74.58587646484375
Validating
  0%|          | 0/3 [00:00<?, ?it/s] 33%|███▎      | 1/3 [00:14<00:28, 14.31s/it] 67%|██████▋   | 2/3 [00:28<00:14, 14.33s/it]100%|██████████| 3/3 [00:34<00:00, 10.40s/it]100%|██████████| 3/3 [00:34<00:00, 11.46s/it]
Loss: 0.5439358439734664, accuracy: 74.4810791015625


Epoch: 32/50
Training
  0%|          | 0/7 [00:00<?, ?it/s] 14%|█▍        | 1/7 [00:14<01:26, 14.42s/it] 29%|██▊       | 2/7 [00:28<01:12, 14.44s/it] 43%|████▎     | 3/7 [00:43<00:57, 14.44s/it] 57%|█████▋    | 4/7 [00:57<00:43, 14.44s/it] 71%|███████▏  | 5/7 [01:12<00:28, 14.44s/it] 86%|████████▌ | 6/7 [01:26<00:14, 14.45s/it]100%|██████████| 7/7 [01:37<00:00, 13.12s/it]100%|██████████| 7/7 [01:37<00:00, 13.86s/it]
Loss: 0.5450086186043712, accuracy: 74.42604064941406
Validating
  0%|          | 0/3 [00:00<?, ?it/s] 33%|███▎      | 1/3 [00:14<00:28, 14.30s/it] 67%|██████▋   | 2/3 [00:28<00:14, 14.31s/it]100%|██████████| 3/3 [00:34<00:00, 10.39s/it]100%|██████████| 3/3 [00:34<00:00, 11.44s/it]
Loss: 0.5434872723227359, accuracy: 74.52178192138672


Epoch: 33/50
Training
  0%|          | 0/7 [00:00<?, ?it/s] 14%|█▍        | 1/7 [00:14<01:26, 14.41s/it] 29%|██▊       | 2/7 [00:28<01:12, 14.42s/it] 43%|████▎     | 3/7 [00:43<00:57, 14.42s/it] 57%|█████▋    | 4/7 [00:57<00:43, 14.40s/it] 71%|███████▏  | 5/7 [01:12<00:28, 14.41s/it] 86%|████████▌ | 6/7 [01:26<00:14, 14.42s/it]100%|██████████| 7/7 [01:36<00:00, 13.10s/it]100%|██████████| 7/7 [01:36<00:00, 13.84s/it]
Loss: 0.5449731158884553, accuracy: 74.67305755615234
Validating
  0%|          | 0/3 [00:00<?, ?it/s] 33%|███▎      | 1/3 [00:14<00:28, 14.27s/it] 67%|██████▋   | 2/3 [00:28<00:14, 14.30s/it]100%|██████████| 3/3 [00:34<00:00, 10.39s/it]100%|██████████| 3/3 [00:34<00:00, 11.44s/it]
Loss: 0.5430387061545652, accuracy: 74.4810791015625


Epoch: 34/50
Training
  0%|          | 0/7 [00:00<?, ?it/s] 14%|█▍        | 1/7 [00:14<01:26, 14.41s/it] 29%|██▊       | 2/7 [00:28<01:12, 14.40s/it] 43%|████▎     | 3/7 [00:43<00:57, 14.41s/it] 57%|█████▋    | 4/7 [00:57<00:43, 14.41s/it] 71%|███████▏  | 5/7 [01:12<00:28, 14.43s/it] 86%|████████▌ | 6/7 [01:26<00:14, 14.42s/it]100%|██████████| 7/7 [01:36<00:00, 13.10s/it]100%|██████████| 7/7 [01:36<00:00, 13.84s/it]
Loss: 0.543788979563454, accuracy: 74.55680847167969
Validating
  0%|          | 0/3 [00:00<?, ?it/s] 33%|███▎      | 1/3 [00:14<00:28, 14.31s/it] 67%|██████▋   | 2/3 [00:28<00:14, 14.31s/it]100%|██████████| 3/3 [00:34<00:00, 10.39s/it]100%|██████████| 3/3 [00:34<00:00, 11.45s/it]
Loss: 0.5428053576819141, accuracy: 74.52178192138672


Epoch: 35/50
Training
  0%|          | 0/7 [00:00<?, ?it/s] 14%|█▍        | 1/7 [00:14<01:26, 14.46s/it] 29%|██▊       | 2/7 [00:28<01:12, 14.45s/it] 43%|████▎     | 3/7 [00:43<00:57, 14.42s/it] 57%|█████▋    | 4/7 [00:57<00:43, 14.41s/it] 71%|███████▏  | 5/7 [01:12<00:28, 14.42s/it] 86%|████████▌ | 6/7 [01:26<00:14, 14.41s/it]100%|██████████| 7/7 [01:36<00:00, 13.10s/it]100%|██████████| 7/7 [01:36<00:00, 13.85s/it]
Loss: 0.5422675927618636, accuracy: 74.60040283203125
Validating
  0%|          | 0/3 [00:00<?, ?it/s] 33%|███▎      | 1/3 [00:14<00:28, 14.30s/it] 67%|██████▋   | 2/3 [00:28<00:14, 14.31s/it]100%|██████████| 3/3 [00:34<00:00, 10.39s/it]100%|██████████| 3/3 [00:34<00:00, 11.45s/it]
Loss: 0.5425355453582426, accuracy: 74.52178192138672


Epoch: 36/50
Training
  0%|          | 0/7 [00:00<?, ?it/s] 14%|█▍        | 1/7 [00:14<01:26, 14.44s/it] 29%|██▊       | 2/7 [00:28<01:12, 14.43s/it] 43%|████▎     | 3/7 [00:43<00:57, 14.43s/it] 57%|█████▋    | 4/7 [00:57<00:43, 14.41s/it] 71%|███████▏  | 5/7 [01:12<00:28, 14.39s/it] 86%|████████▌ | 6/7 [01:26<00:14, 14.39s/it]100%|██████████| 7/7 [01:36<00:00, 13.08s/it]100%|██████████| 7/7 [01:36<00:00, 13.83s/it]
Loss: 0.5422011250259224, accuracy: 74.77477264404297
Validating
  0%|          | 0/3 [00:00<?, ?it/s] 33%|███▎      | 1/3 [00:14<00:28, 14.24s/it] 67%|██████▋   | 2/3 [00:28<00:14, 14.25s/it]100%|██████████| 3/3 [00:34<00:00, 10.35s/it]100%|██████████| 3/3 [00:34<00:00, 11.40s/it]
Loss: 0.5420891412351497, accuracy: 74.4810791015625


Epoch: 37/50
Training
  0%|          | 0/7 [00:00<?, ?it/s] 14%|█▍        | 1/7 [00:14<01:25, 14.28s/it] 29%|██▊       | 2/7 [00:28<01:11, 14.29s/it] 43%|████▎     | 3/7 [00:42<00:57, 14.25s/it] 57%|█████▋    | 4/7 [00:57<00:42, 14.27s/it] 71%|███████▏  | 5/7 [01:11<00:28, 14.29s/it] 86%|████████▌ | 6/7 [01:25<00:14, 14.30s/it]100%|██████████| 7/7 [01:36<00:00, 12.99s/it]100%|██████████| 7/7 [01:36<00:00, 13.72s/it]
Loss: 0.5418127820748848, accuracy: 74.8038330078125
Validating
  0%|          | 0/3 [00:00<?, ?it/s] 33%|███▎      | 1/3 [00:14<00:28, 14.19s/it] 67%|██████▋   | 2/3 [00:28<00:14, 14.19s/it]100%|██████████| 3/3 [00:34<00:00, 10.31s/it]100%|██████████| 3/3 [00:34<00:00, 11.36s/it]
Loss: 0.5418217542649868, accuracy: 74.44037628173828


Epoch: 38/50
Training
  0%|          | 0/7 [00:00<?, ?it/s] 14%|█▍        | 1/7 [00:14<01:25, 14.29s/it] 29%|██▊       | 2/7 [00:28<01:11, 14.26s/it] 43%|████▎     | 3/7 [00:42<00:57, 14.28s/it] 57%|█████▋    | 4/7 [00:57<00:42, 14.28s/it] 71%|███████▏  | 5/7 [01:11<00:28, 14.29s/it] 86%|████████▌ | 6/7 [01:25<00:14, 14.28s/it]100%|██████████| 7/7 [01:35<00:00, 12.98s/it]100%|██████████| 7/7 [01:35<00:00, 13.71s/it]
Loss: 0.5410222949693453, accuracy: 74.70211791992188
Validating
  0%|          | 0/3 [00:00<?, ?it/s] 33%|███▎      | 1/3 [00:14<00:28, 14.18s/it] 67%|██████▋   | 2/3 [00:28<00:14, 14.22s/it]100%|██████████| 3/3 [00:34<00:00, 10.32s/it]100%|██████████| 3/3 [00:34<00:00, 11.37s/it]
Loss: 0.54176082999715, accuracy: 74.5624771118164


Epoch: 39/50
Training
  0%|          | 0/7 [00:00<?, ?it/s] 14%|█▍        | 1/7 [00:14<01:25, 14.29s/it] 29%|██▊       | 2/7 [00:28<01:11, 14.29s/it] 43%|████▎     | 3/7 [00:42<00:57, 14.29s/it] 57%|█████▋    | 4/7 [00:57<00:42, 14.28s/it] 71%|███████▏  | 5/7 [01:11<00:28, 14.29s/it] 86%|████████▌ | 6/7 [01:25<00:14, 14.29s/it]100%|██████████| 7/7 [01:36<00:00, 12.98s/it]100%|██████████| 7/7 [01:36<00:00, 13.72s/it]
Loss: 0.5410517368057515, accuracy: 74.68759155273438
Validating
  0%|          | 0/3 [00:00<?, ?it/s] 33%|███▎      | 1/3 [00:14<00:28, 14.15s/it] 67%|██████▋   | 2/3 [00:28<00:14, 14.16s/it]100%|██████████| 3/3 [00:33<00:00, 10.25s/it]100%|██████████| 3/3 [00:33<00:00, 11.31s/it]
Loss: 0.5413196611123013, accuracy: 74.52178192138672


Epoch: 40/50
Training
  0%|          | 0/7 [00:00<?, ?it/s] 14%|█▍        | 1/7 [00:14<01:25, 14.24s/it] 29%|██▊       | 2/7 [00:28<01:11, 14.27s/it] 43%|████▎     | 3/7 [00:42<00:57, 14.28s/it] 57%|█████▋    | 4/7 [00:57<00:42, 14.27s/it] 71%|███████▏  | 5/7 [01:11<00:28, 14.27s/it] 86%|████████▌ | 6/7 [01:25<00:14, 14.27s/it]100%|██████████| 7/7 [01:35<00:00, 12.96s/it]100%|██████████| 7/7 [01:35<00:00, 13.70s/it]
Loss: 0.5413759749353504, accuracy: 74.83289337158203
Validating
  0%|          | 0/3 [00:00<?, ?it/s] 33%|███▎      | 1/3 [00:14<00:28, 14.15s/it] 67%|██████▋   | 2/3 [00:28<00:14, 14.17s/it]100%|██████████| 3/3 [00:34<00:00, 10.30s/it]100%|██████████| 3/3 [00:34<00:00, 11.34s/it]
Loss: 0.5409594665565381, accuracy: 74.52178192138672


Epoch: 41/50
Training
  0%|          | 0/7 [00:00<?, ?it/s] 14%|█▍        | 1/7 [00:14<01:25, 14.31s/it] 29%|██▊       | 2/7 [00:28<01:11, 14.26s/it] 43%|████▎     | 3/7 [00:42<00:57, 14.27s/it] 57%|█████▋    | 4/7 [00:57<00:42, 14.27s/it] 71%|███████▏  | 5/7 [01:11<00:28, 14.27s/it] 86%|████████▌ | 6/7 [01:25<00:14, 14.28s/it]100%|██████████| 7/7 [01:35<00:00, 12.97s/it]100%|██████████| 7/7 [01:35<00:00, 13.70s/it]
Loss: 0.540539891904816, accuracy: 74.7166519165039
Validating
  0%|          | 0/3 [00:00<?, ?it/s] 33%|███▎      | 1/3 [00:14<00:28, 14.14s/it] 67%|██████▋   | 2/3 [00:28<00:14, 14.17s/it]100%|██████████| 3/3 [00:34<00:00, 10.29s/it]100%|██████████| 3/3 [00:34<00:00, 11.34s/it]
Loss: 0.5406857767287531, accuracy: 74.60317993164062


Epoch: 42/50
Training
  0%|          | 0/7 [00:00<?, ?it/s] 14%|█▍        | 1/7 [00:14<01:25, 14.26s/it] 29%|██▊       | 2/7 [00:28<01:11, 14.27s/it] 43%|████▎     | 3/7 [00:42<00:57, 14.27s/it] 57%|█████▋    | 4/7 [00:57<00:42, 14.27s/it] 71%|███████▏  | 5/7 [01:11<00:28, 14.26s/it] 86%|████████▌ | 6/7 [01:25<00:14, 14.25s/it]100%|██████████| 7/7 [01:35<00:00, 12.94s/it]100%|██████████| 7/7 [01:35<00:00, 13.68s/it]
Loss: 0.5397014037982838, accuracy: 74.77477264404297
Validating
  0%|          | 0/3 [00:00<?, ?it/s] 33%|███▎      | 1/3 [00:14<00:28, 14.21s/it] 67%|██████▋   | 2/3 [00:28<00:14, 14.22s/it]100%|██████████| 3/3 [00:34<00:00, 10.32s/it]100%|██████████| 3/3 [00:34<00:00, 11.37s/it]
Loss: 0.5405329050550045, accuracy: 74.52178192138672


Epoch: 43/50
Training
  0%|          | 0/7 [00:00<?, ?it/s] 14%|█▍        | 1/7 [00:14<01:25, 14.24s/it] 29%|██▊       | 2/7 [00:28<01:11, 14.24s/it] 43%|████▎     | 3/7 [00:42<00:56, 14.25s/it] 57%|█████▋    | 4/7 [00:57<00:42, 14.27s/it] 71%|███████▏  | 5/7 [01:11<00:28, 14.26s/it] 86%|████████▌ | 6/7 [01:25<00:14, 14.26s/it]100%|██████████| 7/7 [01:35<00:00, 12.96s/it]100%|██████████| 7/7 [01:35<00:00, 13.69s/it]
Loss: 0.5401682925411381, accuracy: 74.74571228027344
Validating
  0%|          | 0/3 [00:00<?, ?it/s] 33%|███▎      | 1/3 [00:14<00:28, 14.17s/it] 67%|██████▋   | 2/3 [00:28<00:14, 14.15s/it]100%|██████████| 3/3 [00:33<00:00, 10.28s/it]100%|██████████| 3/3 [00:33<00:00, 11.33s/it]
Loss: 0.540277878200809, accuracy: 74.5624771118164


Epoch: 44/50
Training
  0%|          | 0/7 [00:00<?, ?it/s] 14%|█▍        | 1/7 [00:14<01:25, 14.31s/it] 29%|██▊       | 2/7 [00:28<01:11, 14.28s/it] 43%|████▎     | 3/7 [00:42<00:57, 14.26s/it] 57%|█████▋    | 4/7 [00:57<00:42, 14.26s/it] 71%|███████▏  | 5/7 [01:11<00:28, 14.26s/it] 86%|████████▌ | 6/7 [01:25<00:14, 14.25s/it]100%|██████████| 7/7 [01:35<00:00, 12.94s/it]100%|██████████| 7/7 [01:35<00:00, 13.69s/it]
Loss: 0.5387133425905483, accuracy: 74.7166519165039
Validating
  0%|          | 0/3 [00:00<?, ?it/s] 33%|███▎      | 1/3 [00:14<00:28, 14.11s/it] 67%|██████▋   | 2/3 [00:28<00:14, 14.13s/it]100%|██████████| 3/3 [00:33<00:00, 10.26s/it]100%|██████████| 3/3 [00:33<00:00, 11.31s/it]
Loss: 0.5399713625643959, accuracy: 74.60317993164062


Epoch: 45/50
Training
  0%|          | 0/7 [00:00<?, ?it/s] 14%|█▍        | 1/7 [00:14<01:25, 14.27s/it] 29%|██▊       | 2/7 [00:28<01:11, 14.27s/it] 43%|████▎     | 3/7 [00:42<00:57, 14.27s/it] 57%|█████▋    | 4/7 [00:57<00:42, 14.27s/it] 71%|███████▏  | 5/7 [01:11<00:28, 14.24s/it] 86%|████████▌ | 6/7 [01:25<00:14, 14.26s/it]100%|██████████| 7/7 [01:35<00:00, 12.94s/it]100%|██████████| 7/7 [01:35<00:00, 13.68s/it]
Loss: 0.5388016164112285, accuracy: 74.84742736816406
Validating
  0%|          | 0/3 [00:00<?, ?it/s] 33%|███▎      | 1/3 [00:14<00:28, 14.10s/it] 67%|██████▋   | 2/3 [00:28<00:14, 14.09s/it]100%|██████████| 3/3 [00:33<00:00, 10.22s/it]100%|██████████| 3/3 [00:33<00:00, 11.27s/it]
Loss: 0.5396883872693566, accuracy: 74.80667877197266


Epoch: 46/50
Training
  0%|          | 0/7 [00:00<?, ?it/s] 14%|█▍        | 1/7 [00:14<01:25, 14.22s/it] 29%|██▊       | 2/7 [00:28<01:11, 14.27s/it] 43%|████▎     | 3/7 [00:42<00:56, 14.23s/it] 57%|█████▋    | 4/7 [00:56<00:42, 14.20s/it] 71%|███████▏  | 5/7 [01:11<00:28, 14.19s/it] 86%|████████▌ | 6/7 [01:25<00:14, 14.20s/it]100%|██████████| 7/7 [01:35<00:00, 12.88s/it]100%|██████████| 7/7 [01:35<00:00, 13.63s/it]
Loss: 0.5387302816555064, accuracy: 74.92007446289062
Validating
  0%|          | 0/3 [00:00<?, ?it/s] 33%|███▎      | 1/3 [00:14<00:28, 14.05s/it] 67%|██████▋   | 2/3 [00:28<00:14, 14.09s/it]100%|██████████| 3/3 [00:33<00:00, 10.22s/it]100%|██████████| 3/3 [00:33<00:00, 11.26s/it]
Loss: 0.5396889767415842, accuracy: 74.5624771118164


Epoch: 47/50
Training
  0%|          | 0/7 [00:00<?, ?it/s] 14%|█▍        | 1/7 [00:14<01:25, 14.19s/it] 29%|██▊       | 2/7 [00:28<01:10, 14.18s/it] 43%|████▎     | 3/7 [00:42<00:56, 14.22s/it] 57%|█████▋    | 4/7 [00:56<00:42, 14.24s/it] 71%|███████▏  | 5/7 [01:11<00:28, 14.27s/it] 86%|████████▌ | 6/7 [01:25<00:14, 14.29s/it]100%|██████████| 7/7 [01:35<00:00, 12.99s/it]100%|██████████| 7/7 [01:35<00:00, 13.70s/it]
Loss: 0.5380331611467011, accuracy: 74.77477264404297
Validating
  0%|          | 0/3 [00:00<?, ?it/s] 33%|███▎      | 1/3 [00:14<00:28, 14.20s/it] 67%|██████▋   | 2/3 [00:28<00:14, 14.21s/it]100%|██████████| 3/3 [00:34<00:00, 10.32s/it]100%|██████████| 3/3 [00:34<00:00, 11.37s/it]
Loss: 0.5394956777626584, accuracy: 74.5624771118164


Epoch: 48/50
Training
  0%|          | 0/7 [00:00<?, ?it/s] 14%|█▍        | 1/7 [00:14<01:25, 14.30s/it] 29%|██▊       | 2/7 [00:28<01:11, 14.31s/it] 43%|████▎     | 3/7 [00:42<00:57, 14.30s/it] 57%|█████▋    | 4/7 [00:57<00:42, 14.30s/it] 71%|███████▏  | 5/7 [01:11<00:28, 14.28s/it] 86%|████████▌ | 6/7 [01:25<00:14, 14.28s/it]100%|██████████| 7/7 [01:36<00:00, 12.97s/it]100%|██████████| 7/7 [01:36<00:00, 13.72s/it]
Loss: 0.5376248453391634, accuracy: 74.77477264404297
Validating
  0%|          | 0/3 [00:00<?, ?it/s] 33%|███▎      | 1/3 [00:14<00:28, 14.16s/it] 67%|██████▋   | 2/3 [00:28<00:14, 14.18s/it]100%|██████████| 3/3 [00:34<00:00, 10.30s/it]100%|██████████| 3/3 [00:34<00:00, 11.35s/it]
Loss: 0.5390679090305417, accuracy: 74.80667877197266


Epoch: 49/50
Training
  0%|          | 0/7 [00:00<?, ?it/s] 14%|█▍        | 1/7 [00:14<01:25, 14.25s/it] 29%|██▊       | 2/7 [00:28<01:11, 14.26s/it] 43%|████▎     | 3/7 [00:42<00:57, 14.25s/it] 57%|█████▋    | 4/7 [00:57<00:42, 14.26s/it] 71%|███████▏  | 5/7 [01:11<00:28, 14.27s/it] 86%|████████▌ | 6/7 [01:25<00:14, 14.27s/it]100%|██████████| 7/7 [01:35<00:00, 12.98s/it]100%|██████████| 7/7 [01:35<00:00, 13.70s/it]
Loss: 0.5371630327260206, accuracy: 74.76023864746094
Validating
  0%|          | 0/3 [00:00<?, ?it/s] 33%|███▎      | 1/3 [00:14<00:28, 14.13s/it] 67%|██████▋   | 2/3 [00:28<00:14, 14.16s/it]100%|██████████| 3/3 [00:34<00:00, 10.29s/it]100%|██████████| 3/3 [00:34<00:00, 11.33s/it]
Loss: 0.538977541353919, accuracy: 74.80667877197266


Epoch: 50/50
Training
  0%|          | 0/7 [00:00<?, ?it/s] 14%|█▍        | 1/7 [00:14<01:25, 14.24s/it] 29%|██▊       | 2/7 [00:28<01:11, 14.24s/it] 43%|████▎     | 3/7 [00:42<00:56, 14.25s/it] 57%|█████▋    | 4/7 [00:56<00:42, 14.24s/it] 71%|███████▏  | 5/7 [01:11<00:28, 14.23s/it] 86%|████████▌ | 6/7 [01:25<00:14, 14.22s/it]100%|██████████| 7/7 [01:35<00:00, 12.90s/it]100%|██████████| 7/7 [01:35<00:00, 13.65s/it]
Loss: 0.5370964327893677, accuracy: 74.77477264404297
Validating
  0%|          | 0/3 [00:00<?, ?it/s] 33%|███▎      | 1/3 [00:14<00:28, 14.11s/it] 67%|██████▋   | 2/3 [00:28<00:14, 14.11s/it]100%|██████████| 3/3 [00:33<00:00, 10.25s/it]100%|██████████| 3/3 [00:33<00:00, 11.30s/it]
Loss: 0.5388541110754498, accuracy: 74.68457794189453


Training Time: 1.0h 48.0m 49.65004897117615s
Best validation accuracy: 74.80667877197266
  0%|          | 0/1 [00:00<?, ?it/s]100%|██████████| 1/1 [00:06<00:00,  6.83s/it]100%|██████████| 1/1 [00:06<00:00,  6.83s/it]

Evaluated on test set
accuracy: 73.32%, f1-score: 0.73349

